ISO-10303-21;
HEADER;
FILE_DESCRIPTION (( 'STEP AP214' ),
    '1' );
FILE_NAME ('audiobox1.STEP',
    '2025-10-08T18:55:03',
    ( '' ),
    ( '' ),
    'SwSTEP 2.0',
    'SolidWorks 2025',
    '' );
FILE_SCHEMA (( 'AUTOMOTIVE_DESIGN' ));
ENDSEC;

DATA;
#1 = AXIS2_PLACEMENT_3D ( 'NONE', #151, #769, #3446 ) ;
#2 = CARTESIAN_POINT ( 'NONE',  ( 15.99999999999999289, 4.900000000000001243, -21.09999999999999787 ) ) ;
#3 = AXIS2_PLACEMENT_3D ( 'NONE', #2265, #1775, #156 ) ;
#4 = CIRCLE ( 'NONE', #458, 2.499999999999993339 ) ;
#5 = DIRECTION ( 'NONE',  ( -2.602085213965210642E-15, 0.000000000000000000, 1.000000000000000000 ) ) ;
#6 = EDGE_CURVE ( 'NONE', #1460, #3374, #1127, .T. ) ;
#7 = CARTESIAN_POINT ( 'NONE',  ( 17.73478121232408355, 21.27698179471819628, 20.10371041847484008 ) ) ;
#8 = ORIENTED_EDGE ( 'NONE', *, *, #75, .T. ) ;
#9 = LINE ( 'NONE', #2156, #392 ) ;
#10 = CARTESIAN_POINT ( 'NONE',  ( 19.01544195096117207, 21.16400731508066357, 20.86640499832427054 ) ) ;
#11 = DIRECTION ( 'NONE',  ( 0.000000000000000000, -1.000000000000000000, 0.000000000000000000 ) ) ;
#12 = ORIENTED_EDGE ( 'NONE', *, *, #1948, .T. ) ;
#13 = CARTESIAN_POINT ( 'NONE',  ( -15.99999999999999289, 19.64999999999999858, 21.10000000000000853 ) ) ;
#14 = EDGE_CURVE ( 'NONE', #3076, #2568, #1024, .T. ) ;
#15 = DIRECTION ( 'NONE',  ( -1.929944228382272707E-32, 1.000000000000000000, -1.284980352575413932E-16 ) ) ;
#16 = CARTESIAN_POINT ( 'NONE',  ( 17.21984028407143441, 21.27698179471739337, -20.69024845268387125 ) ) ;
#17 = EDGE_LOOP ( 'NONE', ( #65, #51, #832, #2639 ) ) ;
#18 = DIRECTION ( 'NONE',  ( -1.000000000000000000, 0.000000000000000000, 0.000000000000000000 ) ) ;
#19 = DIRECTION ( 'NONE',  ( 0.000000000000000000, 0.000000000000000000, 1.000000000000000000 ) ) ;
#20 = ADVANCED_FACE ( 'NONE', ( #2650 ), #700, .F. ) ;
#21 = FACE_OUTER_BOUND ( 'NONE', #875, .T. ) ;
#22 = EDGE_CURVE ( 'NONE', #2299, #427, #1414, .T. ) ;
#23 = EDGE_CURVE ( 'NONE', #1626, #2726, #3520, .T. ) ;
#24 = ORIENTED_EDGE ( 'NONE', *, *, #2005, .F. ) ;
#25 = CARTESIAN_POINT ( 'NONE',  ( 17.94826461102939774, 21.59410370944292268, -19.62305923513422456 ) ) ;
#26 = AXIS2_PLACEMENT_3D ( 'NONE', #1807, #1215, #3468 ) ;
#27 = CARTESIAN_POINT ( 'NONE',  ( 18.00000000000000355, 10.50000000000000178, 23.10000000000000853 ) ) ;
#28 = ORIENTED_EDGE ( 'NONE', *, *, #1396, .F. ) ;
#29 = CARTESIAN_POINT ( 'NONE',  ( -15.99999999999999645, 21.06119768739732834, 22.02109196514352263 ) ) ;
#30 = CARTESIAN_POINT ( 'NONE',  ( -7.000000000000002665, 8.600000000000006750, 3.400000000000007017 ) ) ;
#31 = DIRECTION ( 'NONE',  ( 0.000000000000000000, -1.000000000000000000, 0.000000000000000000 ) ) ;
#32 = CARTESIAN_POINT ( 'NONE',  ( 17.00371041847484577, 21.27698179471956053, -20.83478121232595726 ) ) ;
#33 = EDGE_LOOP ( 'NONE', ( #2796, #132, #34, #3310, #3492, #3348, #384, #958, #543, #2557, #1967, #138, #167, #2192 ) ) ;
#34 = ORIENTED_EDGE ( 'NONE', *, *, #1673, .F. ) ;
#35 = CARTESIAN_POINT ( 'NONE',  ( 16.99999999999999289, 4.900000000000001243, -20.09999999999999432 ) ) ;
#36 = CARTESIAN_POINT ( 'NONE',  ( 16.00000000000000355, 19.64999999999999858, 21.10000000000000853 ) ) ;
#37 = EDGE_CURVE ( 'NONE', #85, #2565, #2107, .T. ) ;
#38 = LINE ( 'NONE', #2852, #1588 ) ;
#39 = ORIENTED_EDGE ( 'NONE', *, *, #1657, .F. ) ;
#40 = CARTESIAN_POINT ( 'NONE',  ( 16.00000000000000355, 22.00000000000000000, 19.10000000000000497 ) ) ;
#41 = CARTESIAN_POINT ( 'NONE',  ( 18.00000000000000711, 21.24999999999999645, 19.10000000000000142 ) ) ;
#43 = VECTOR ( 'NONE', #1438, 1000.000000000000000 ) ;
#42 = CARTESIAN_POINT ( 'NONE',  ( 15.99999999999999289, 2.000000000000001776, -19.09999999999999076 ) ) ;
#44 = ORIENTED_EDGE ( 'NONE', *, *, #2906, .T. ) ;
#45 = CARTESIAN_POINT ( 'NONE',  ( 16.00000000000000355, 19.64999999999999858, 21.10000000000000853 ) ) ;
#46 = PLANE ( 'NONE',  #1727 ) ;
#47 = AXIS2_PLACEMENT_3D ( 'NONE', #3133, #3485, #485 ) ;
#48 = DIRECTION ( 'NONE',  ( 0.000000000000000000, 0.000000000000000000, 1.000000000000000000 ) ) ;
#49 = CARTESIAN_POINT ( 'NONE',  ( 17.50776331479050540, 21.27698179471973106, -20.42065454845938177 ) ) ;
#50 = EDGE_LOOP ( 'NONE', ( #808, #2262, #409, #1372 ) ) ;
#51 = ORIENTED_EDGE ( 'NONE', *, *, #271, .F. ) ;
#52 = CIRCLE ( 'NONE', #284, 0.4000000000000010214 ) ;
#53 = VECTOR ( 'NONE', #1672, 1000.000000000000000 ) ;
#54 = CARTESIAN_POINT ( 'NONE',  ( -16.00000000000000000, 19.64999999999999858, -21.09999999999999432 ) ) ;
#55 = EDGE_CURVE ( 'NONE', #2411, #70, #3431, .T. ) ;
#56 = CIRCLE ( 'NONE', #574, 2.700000000000001066 ) ;
#57 = ADVANCED_FACE ( 'NONE', ( #1561 ), #2631, .T. ) ;
#58 = DIRECTION ( 'NONE',  ( 0.000000000000000000, -1.000000000000000000, 0.000000000000000000 ) ) ;
#59 = AXIS2_PLACEMENT_3D ( 'NONE', #415, #1799, #749 ) ;
#60 = ORIENTED_EDGE ( 'NONE', *, *, #491, .F. ) ;
#61 = CARTESIAN_POINT ( 'NONE',  ( -6.707106781186557676, 8.600000000000006750, 3.400000000000006573 ) ) ;
#62 = VECTOR ( 'NONE', #1170, 1000.000000000000000 ) ;
#63 = DIRECTION ( 'NONE',  ( -3.016910393003142859E-16, 0.000000000000000000, -1.000000000000000000 ) ) ;
#64 = CARTESIAN_POINT ( 'NONE',  ( -7.000000000000006217, 9.099999999999999645, -19.09999999999999787 ) ) ;
#65 = ORIENTED_EDGE ( 'NONE', *, *, #2171, .F. ) ;
#66 = CARTESIAN_POINT ( 'NONE',  ( -1.900000000000002354, 2.000000000000001776, 23.10000000000000853 ) ) ;
#67 = CARTESIAN_POINT ( 'NONE',  ( 18.00000000000000355, 6.800000000000002487, 23.10000000000000853 ) ) ;
#68 = LINE ( 'NONE', #2740, #2663 ) ;
#69 = ORIENTED_EDGE ( 'NONE', *, *, #1269, .F. ) ;
#70 = VERTEX_POINT ( 'NONE', #792 ) ;
#71 = CARTESIAN_POINT ( 'NONE',  ( -17.49999999999999645, 8.600000000000006750, 3.400000000000008349 ) ) ;
#72 = ORIENTED_EDGE ( 'NONE', *, *, #1655, .F. ) ;
#73 = ORIENTED_EDGE ( 'NONE', *, *, #3273, .F. ) ;
#74 = LINE ( 'NONE', #1164, #1472 ) ;
#75 = EDGE_CURVE ( 'NONE', #546, #1202, #2176, .T. ) ;
#76 = FACE_OUTER_BOUND ( 'NONE', #981, .T. ) ;
#77 = VERTEX_POINT ( 'NONE', #2206 ) ;
#78 = DIRECTION ( 'NONE',  ( -0.000000000000000000, 1.000000000000000000, 0.000000000000000000 ) ) ;
#79 =( BOUNDED_SURFACE ( )  B_SPLINE_SURFACE ( 3, 2, ( 
 ( #202, #1360, #1893 ),
 ( #504, #1590, #1926 ),
 ( #542, #3483, #1853 ),
 ( #556, #2696, #1106 ),
 ( #2715, #7, #2398 ),
 ( #2666, #2731, #3224 ),
 ( #1091, #242, #576 ),
 ( #1325, #1610, #2990 ),
 ( #1052, #1641, #783 ),
 ( #297, #1661, #2959 ),
 ( #312, #257, #1070 ),
 ( #3315, #605, #3029 ),
 ( #850, #3124, #1492 ),
 ( #3298, #3417, #2748 ) ),
 .UNSPECIFIED., .F., .F., .F. ) 
 B_SPLINE_SURFACE_WITH_KNOTS ( ( 4, 2, 2, 2, 2, 2, 4 ),
 ( 3, 3 ),
 ( 0.001415333446682394370, 0.002353906421088478983, 0.002823192908291521398, 0.003292479395494563813, 0.003761765882697606228, 0.004231052369900648209, 0.005169625344306733039 ),
 ( 0.000000000000000000, 1.000000000000000000 ),
 .UNSPECIFIED. ) 
 GEOMETRIC_REPRESENTATION_ITEM ( )  RATIONAL_B_SPLINE_SURFACE ( (
 ( 1.000000000000000000, 0.7836116083063003890, 1.000000000000000000),
 ( 1.000000000000000000, 0.7836116083063003890, 1.000000000000000000),
 ( 1.000000000000000000, 0.7836116083063032756, 1.000000000000000000),
 ( 1.000000000000000000, 0.7836116083063032756, 1.000000000000000000),
 ( 1.000000000000000000, 0.7836116083060598037, 1.000000000000000000),
 ( 1.000000000000000000, 0.7836116083060598037, 1.000000000000000000),
 ( 1.000000000000000000, 0.7836116083063032756, 1.000000000000000000),
 ( 1.000000000000000000, 0.7836116083063032756, 1.000000000000000000),
 ( 1.000000000000000000, 0.7836116083063046078, 1.000000000000000000),
 ( 1.000000000000000000, 0.7836116083063046078, 1.000000000000000000),
 ( 1.000000000000000000, 0.7836116083063038307, 1.000000000000000000),
 ( 1.000000000000000000, 0.7836116083063038307, 1.000000000000000000),
 ( 1.000000000000000000, 0.7836116083063114912, 1.000000000000000000),
 ( 1.000000000000000000, 0.7836116083063114912, 1.000000000000000000) ) ) 
 REPRESENTATION_ITEM ( '' )  SURFACE ( )  );
#80 = AXIS2_PLACEMENT_3D ( 'NONE', #3122, #1507, #2848 ) ;
#81 = VECTOR ( 'NONE', #2592, 1000.000000000000000 ) ;
#82 = DIRECTION ( 'NONE',  ( -0.000000000000000000, 1.000000000000000000, -0.000000000000000000 ) ) ;
#83 = CARTESIAN_POINT ( 'NONE',  ( -18.00000000000000000, 21.59410370944288005, -19.09999999999996945 ) ) ;
#84 = DIRECTION ( 'NONE',  ( -0.000000000000000000, 1.000000000000000000, -0.000000000000000000 ) ) ;
#85 = VERTEX_POINT ( 'NONE', #265 ) ;
#86 = VERTEX_POINT ( 'NONE', #1631 ) ;
#87 = DIRECTION ( 'NONE',  ( 0.000000000000000000, 0.000000000000000000, -1.000000000000000000 ) ) ;
#88 = VERTEX_POINT ( 'NONE', #2701 ) ;
#89 = ADVANCED_FACE ( 'NONE', ( #562 ), #1881, .F. ) ;
#90 = VERTEX_POINT ( 'NONE', #2674 ) ;
#91 = ADVANCED_FACE ( 'NONE', ( #2964 ), #547, .F. ) ;
#92 = DIRECTION ( 'NONE',  ( 1.929944228382272159E-32, -1.000000000000000000, 1.284980352575413439E-16 ) ) ;
#93 = DIRECTION ( 'NONE',  ( 0.000000000000000000, -1.000000000000000000, 0.000000000000000000 ) ) ;
#94 = VERTEX_POINT ( 'NONE', #249 ) ;
#95 = DIRECTION ( 'NONE',  ( 1.000000000000000000, -0.000000000000000000, -1.508455196501571429E-16 ) ) ;
#96 = CARTESIAN_POINT ( 'NONE',  ( -7.000000000000004441, 9.099999999999999645, -5.099999999999993427 ) ) ;
#97 = CARTESIAN_POINT ( 'NONE',  ( -17.50763250912338620, 21.59410370944315005, -20.42080387086653559 ) ) ;
#98 = DIRECTION ( 'NONE',  ( 0.000000000000000000, 0.000000000000000000, 1.000000000000000000 ) ) ;
#99 = EDGE_LOOP ( 'NONE', ( #1662, #187, #1920, #114 ) ) ;
#100 = ORIENTED_EDGE ( 'NONE', *, *, #3389, .F. ) ;
#101 = PRODUCT_DEFINITION_FORMATION_WITH_SPECIFIED_SOURCE ( 'ANY', '', #340, .NOT_KNOWN. ) ;
#102 = CIRCLE ( 'NONE', #2954, 0.4000000000000010214 ) ;
#103 = FACE_OUTER_BOUND ( 'NONE', #1198, .T. ) ;
#104 = CARTESIAN_POINT ( 'NONE',  ( -14.71503324295816917, -15.56376789673679539, -4.683333333333326465 ) ) ;
#105 = AXIS2_PLACEMENT_3D ( 'NONE', #209, #1097, #1617 ) ;
#106 = DIRECTION ( 'NONE',  ( 0.000000000000000000, -0.000000000000000000, 1.000000000000000000 ) ) ;
#107 = AXIS2_PLACEMENT_3D ( 'NONE', #2268, #607, #2201 ) ;
#108 = AXIS2_PLACEMENT_3D ( 'NONE', #1083, #31, #2165 ) ;
#109 = VERTEX_POINT ( 'NONE', #1332 ) ;
#110 = CARTESIAN_POINT ( 'NONE',  ( -1.900000000000003464, 4.100000000000000533, 23.10000000000000853 ) ) ;
#111 = AXIS2_PLACEMENT_3D ( 'NONE', #434, #2940, #1596 ) ;
#112 = AXIS2_PLACEMENT_3D ( 'NONE', #2567, #1571, #1307 ) ;
#113 = DIRECTION ( 'NONE',  ( -1.501925087425806872E-16, 0.000000000000000000, -1.000000000000000000 ) ) ;
#114 = ORIENTED_EDGE ( 'NONE', *, *, #887, .T. ) ;
#115 = VECTOR ( 'NONE', #2397, 1000.000000000000000 ) ;
#116 = CARTESIAN_POINT ( 'NONE',  ( 18.44711635226611435, 20.55698864586780417, -20.53348757045250395 ) ) ;
#117 = CARTESIAN_POINT ( 'NONE',  ( -18.30876228215585755, 21.20464809086408664, -19.40576825399670469 ) ) ;
#118 = AXIS2_PLACEMENT_3D ( 'NONE', #2998, #2426, #48 ) ;
#119 = DIRECTION ( 'NONE',  ( -1.501925087425806872E-16, -0.000000000000000000, -1.000000000000000000 ) ) ;
#120 = ADVANCED_FACE ( 'NONE', ( #1367 ), #3522, .T. ) ;
#121 = ORIENTED_EDGE ( 'NONE', *, *, #1039, .F. ) ;
#122 = ORIENTED_EDGE ( 'NONE', *, *, #410, .T. ) ;
#123 = CARTESIAN_POINT ( 'NONE',  ( 15.99999999999999645, 19.64999999999999858, -21.09999999999999787 ) ) ;
#124 = CARTESIAN_POINT ( 'NONE',  ( -19.01544195096116496, 21.16400731508066002, -19.09999999999996589 ) ) ;
#125 = ORIENTED_EDGE ( 'NONE', *, *, #2417, .F. ) ;
#126 = EDGE_CURVE ( 'NONE', #2732, #1572, #2084, .T. ) ;
#127 = CARTESIAN_POINT ( 'NONE',  ( -6.000000000000005329, 22.00000000000000000, -20.59999999999999432 ) ) ;
#128 = UNCERTAINTY_MEASURE_WITH_UNIT (LENGTH_MEASURE( 1.000000000000000082E-05 ), #1029, 'distance_accuracy_value', 'NONE');
#129 = ORIENTED_EDGE ( 'NONE', *, *, #390, .T. ) ;
#130 = ADVANCED_FACE ( 'NONE', ( #1080 ), #3232, .F. ) ;
#131 = DIRECTION ( 'NONE',  ( 0.000000000000000000, 0.000000000000000000, -1.000000000000000000 ) ) ;
#132 = ORIENTED_EDGE ( 'NONE', *, *, #1657, .T. ) ;
#133 = CARTESIAN_POINT ( 'NONE',  ( -7.000000000000006217, 3.600000000000000089, -19.09999999999999787 ) ) ;
#134 = EDGE_CURVE ( 'NONE', #203, #837, #1333, .T. ) ;
#135 = CARTESIAN_POINT ( 'NONE',  ( -17.73478121232599491, 21.27698179471956763, -20.10371041847565721 ) ) ;
#136 = CARTESIAN_POINT ( 'NONE',  ( -11.62999999999999723, 4.699999999999988631, 20.60000000000001208 ) ) ;
#137 = CARTESIAN_POINT ( 'NONE',  ( -12.25000000000000178, 9.099999999999999645, -5.099999999999993427 ) ) ;
#138 = ORIENTED_EDGE ( 'NONE', *, *, #2240, .T. ) ;
#139 = ORIENTED_EDGE ( 'NONE', *, *, #1023, .F. ) ;
#140 = CARTESIAN_POINT ( 'NONE',  ( -15.20803989154980762, 9.099999999999999645, -18.59999999999999432 ) ) ;
#141 = FACE_OUTER_BOUND ( 'NONE', #2549, .T. ) ;
#142 = ORIENTED_EDGE ( 'NONE', *, *, #2171, .T. ) ;
#143 = DIRECTION ( 'NONE',  ( 0.000000000000000000, 0.000000000000000000, -1.000000000000000000 ) ) ;
#144 = EDGE_LOOP ( 'NONE', ( #3277, #1439, #1158, #2303 ) ) ;
#145 = CARTESIAN_POINT ( 'NONE',  ( -19.99999999999999645, 0.000000000000000000, 19.10000000000000497 ) ) ;
#146 = EDGE_CURVE ( 'NONE', #1432, #2832, #1495, .T. ) ;
#147 = DIRECTION ( 'NONE',  ( -1.000000000000000000, 0.000000000000000000, 0.000000000000000000 ) ) ;
#148 = VERTEX_POINT ( 'NONE', #1349 ) ;
#149 = CARTESIAN_POINT ( 'NONE',  ( -18.00000000000000355, 8.600000000000006750, 3.400000000000008349 ) ) ;
#150 = ADVANCED_FACE ( 'NONE', ( #2188, #3254, #3283 ), #2163, .F. ) ;
#151 = CARTESIAN_POINT ( 'NONE',  ( 18.40000000000000213, 21.59410370944288360, 6.938893903907228378E-15 ) ) ;
#152 = CARTESIAN_POINT ( 'NONE',  ( 18.00000000000000355, 2.000000000000000000, 19.10000000000000497 ) ) ;
#153 = ORIENTED_EDGE ( 'NONE', *, *, #1089, .T. ) ;
#154 = ORIENTED_EDGE ( 'NONE', *, *, #1016, .T. ) ;
#155 = DIRECTION ( 'NONE',  ( 0.000000000000000000, 1.000000000000000000, 0.000000000000000000 ) ) ;
#156 = DIRECTION ( 'NONE',  ( -1.000000000000000000, 0.000000000000000000, 0.000000000000000000 ) ) ;
#157 = ORIENTED_EDGE ( 'NONE', *, *, #1964, .F. ) ;
#158 = CARTESIAN_POINT ( 'NONE',  ( -7.000000000000006217, 9.099999999999999645, -18.59999999999999787 ) ) ;
#159 = CIRCLE ( 'NONE', #610, 0.5000000000000004441 ) ;
#160 = UNCERTAINTY_MEASURE_WITH_UNIT (LENGTH_MEASURE( 1.000000000000000082E-05 ), #2883, 'distance_accuracy_value', 'NONE');
#161 = EDGE_CURVE ( 'NONE', #674, #1151, #2707, .T. ) ;
#162 = EDGE_LOOP ( 'NONE', ( #2781, #1481, #2808, #2871 ) ) ;
#163 = AXIS2_PLACEMENT_3D ( 'NONE', #64, #2824, #398 ) ;
#164 = CARTESIAN_POINT ( 'NONE',  ( 20.00000000000000000, 9.100000000000001421, -6.449999999999999289 ) ) ;
#165 = DIRECTION ( 'NONE',  ( 0.000000000000000000, 0.000000000000000000, 1.000000000000000000 ) ) ;
#166 = DIRECTION ( 'NONE',  ( 0.000000000000000000, -0.000000000000000000, 1.000000000000000000 ) ) ;
#167 = ORIENTED_EDGE ( 'NONE', *, *, #3499, .F. ) ;
#168 = CARTESIAN_POINT ( 'NONE',  ( -11.62999999999999723, 4.699999999999988631, 23.10000000000000853 ) ) ;
#169 = VECTOR ( 'NONE', #803, 1000.000000000000000 ) ;
#170 = FACE_OUTER_BOUND ( 'NONE', #911, .T. ) ;
#171 = FACE_OUTER_BOUND ( 'NONE', #1232, .T. ) ;
#172 = DIRECTION ( 'NONE',  ( 0.000000000000000000, 0.000000000000000000, 1.000000000000000000 ) ) ;
#173 = AXIS2_PLACEMENT_3D ( 'NONE', #1862, #2110, #1549 ) ;
#174 = ORIENTED_EDGE ( 'NONE', *, *, #1762, .F. ) ;
#175 = DIRECTION ( 'NONE',  ( -1.000000000000000000, 0.000000000000000000, 0.000000000000000000 ) ) ;
#176 = DIRECTION ( 'NONE',  ( 0.000000000000000000, 0.000000000000000000, 1.000000000000000000 ) ) ;
#177 = AXIS2_PLACEMENT_3D ( 'NONE', #1468, #355, #2830 ) ;
#178 =( BOUNDED_CURVE ( )  B_SPLINE_CURVE ( 3, ( #2300, #949, #1512, #2043 ),
 .UNSPECIFIED., .F., .T. ) 
 B_SPLINE_CURVE_WITH_KNOTS ( ( 4, 4 ),
 ( 0.000000000000000000, 1.570796326794882791 ),
 .UNSPECIFIED. ) 
 CURVE ( )  GEOMETRIC_REPRESENTATION_ITEM ( )  RATIONAL_B_SPLINE_CURVE ( ( 1.000000000000000000, 0.8047378541243681571, 0.8047378541243681571, 1.000000000000000000 ) ) 
 REPRESENTATION_ITEM ( '' )  );
#179 = DIRECTION ( 'NONE',  ( -0.000000000000000000, -0.000000000000000000, 1.000000000000000000 ) ) ;
#180 = CARTESIAN_POINT ( 'NONE',  ( 18.00000000000000000, 8.200000000000002842, -7.849999999999999645 ) ) ;
#181 = ORIENTED_EDGE ( 'NONE', *, *, #2970, .F. ) ;
#182 = DIRECTION ( 'NONE',  ( -1.000000000000000000, 0.000000000000000000, 0.000000000000000000 ) ) ;
#183 = CARTESIAN_POINT ( 'NONE',  ( -15.20803989154980407, 9.099999999999999645, -4.599999999999992539 ) ) ;
#184 = ORIENTED_EDGE ( 'NONE', *, *, #2927, .F. ) ;
#185 = CARTESIAN_POINT ( 'NONE',  ( 12.09999999999999609, 6.200000000000001066, 21.60000000000000853 ) ) ;
#186 = DIRECTION ( 'NONE',  ( 0.000000000000000000, -1.000000000000000000, 0.000000000000000000 ) ) ;
#187 = ORIENTED_EDGE ( 'NONE', *, *, #271, .T. ) ;
#188 = EDGE_CURVE ( 'NONE', #1945, #457, #3230, .T. ) ;
#189 = LINE ( 'NONE', #2880, #281 ) ;
#190 = DIRECTION ( 'NONE',  ( 1.000000000000000000, 0.000000000000000000, -1.084202172485504434E-16 ) ) ;
#191 = DIRECTION ( 'NONE',  ( 0.000000000000000000, 1.000000000000000000, 0.000000000000000000 ) ) ;
#192 = ORIENTED_EDGE ( 'NONE', *, *, #2387, .F. ) ;
#193 = DIRECTION ( 'NONE',  ( 0.000000000000000000, 0.000000000000000000, 1.000000000000000000 ) ) ;
#194 = CARTESIAN_POINT ( 'NONE',  ( -15.99999999999999645, 2.000000000000000000, 23.10000000000000853 ) ) ;
#195 = CARTESIAN_POINT ( 'NONE',  ( -15.99999999999999645, 21.20464809186998423, 21.40876227786208830 ) ) ;
#196 = ORIENTED_EDGE ( 'NONE', *, *, #2119, .T. ) ;
#197 = FACE_OUTER_BOUND ( 'NONE', #3118, .T. ) ;
#198 = DIRECTION ( 'NONE',  ( 0.000000000000000000, 0.000000000000000000, 1.000000000000000000 ) ) ;
#199 = ORIENTED_EDGE ( 'NONE', *, *, #346, .T. ) ;
#200 = LINE ( 'NONE', #2357, #3438 ) ;
#201 = CARTESIAN_POINT ( 'NONE',  ( -15.20803989154980762, -15.56376789673679539, -19.09999999999999787 ) ) ;
#202 = CARTESIAN_POINT ( 'NONE',  ( 18.30876227786207977, 21.20464809186998423, 19.10000000000000142 ) ) ;
#203 = VERTEX_POINT ( 'NONE', #320 ) ;
#204 = CARTESIAN_POINT ( 'NONE',  ( -17.49999999999999645, 3.600000000000000089, 8.100000000000006750 ) ) ;
#205 = FACE_OUTER_BOUND ( 'NONE', #1491, .T. ) ;
#206 = CARTESIAN_POINT ( 'NONE',  ( 15.99999999999999645, 19.64999999999999858, -21.09999999999999787 ) ) ;
#207 =( NAMED_UNIT ( * ) PLANE_ANGLE_UNIT ( ) SI_UNIT ( $, .RADIAN. ) );
#208 = ORIENTED_EDGE ( 'NONE', *, *, #2927, .T. ) ;
#209 = CARTESIAN_POINT ( 'NONE',  ( 16.00000000000000000, 2.000000000000000000, -19.09999999999999432 ) ) ;
#210 = CARTESIAN_POINT ( 'NONE',  ( 17.35244163007688911, 21.20464809186971422, -21.40876227786323938 ) ) ;
#211 = DIRECTION ( 'NONE',  ( 0.000000000000000000, -1.000000000000000000, 0.000000000000000000 ) ) ;
#212 = CARTESIAN_POINT ( 'NONE',  ( 20.00000000000000355, 2.000000000000000000, 19.10000000000000497 ) ) ;
#213 = ORIENTED_EDGE ( 'NONE', *, *, #538, .F. ) ;
#214 = DIRECTION ( 'NONE',  ( 0.000000000000000000, 0.000000000000000000, 1.000000000000000000 ) ) ;
#215 = CARTESIAN_POINT ( 'NONE',  ( -9.291960108450199485, 9.099999999999999645, -5.099999999999993427 ) ) ;
#216 = AXIS2_PLACEMENT_3D ( 'NONE', #1885, #634, #1171 ) ;
#217 = VECTOR ( 'NONE', #1301, 1000.000000000000000 ) ;
#218 = EDGE_CURVE ( 'NONE', #829, #1790, #3303, .T. ) ;
#219 = EDGE_LOOP ( 'NONE', ( #2792, #3044, #3190, #2620 ) ) ;
#220 = DIRECTION ( 'NONE',  ( 0.000000000000000000, 0.000000000000000000, 1.000000000000000000 ) ) ;
#221 = AXIS2_PLACEMENT_3D ( 'NONE', #2063, #2569, #1542 ) ;
#222 = CARTESIAN_POINT ( 'NONE',  ( -12.25000000000000178, 9.099999999999999645, -5.099999999999993427 ) ) ;
#223 = EDGE_LOOP ( 'NONE', ( #1810, #568, #2767, #699 ) ) ;
#224 = AXIS2_PLACEMENT_3D ( 'NONE', #272, #1088, #3259 ) ;
#225 = CYLINDRICAL_SURFACE ( 'NONE', #1525, 0.5000000000000000000 ) ;
#226 = TOROIDAL_SURFACE ( 'NONE', #3109, 2.400000000000000355, 0.4000000000000000222 ) ;
#227 = CARTESIAN_POINT ( 'NONE',  ( -16.26501320210984858, 21.59410370945224855, -21.09999999999999432 ) ) ;
#228 = DIRECTION ( 'NONE',  ( -0.000000000000000000, 1.000000000000000000, 0.000000000000000000 ) ) ;
#229 = ORIENTED_EDGE ( 'NONE', *, *, #2182, .T. ) ;
#230 = CARTESIAN_POINT ( 'NONE',  ( -12.25000000000000178, -15.56376789673679539, -5.099999999999993427 ) ) ;
#231 = CYLINDRICAL_SURFACE ( 'NONE', #3482, 0.5000000000000004441 ) ;
#232 = VECTOR ( 'NONE', #2583, 1000.000000000000000 ) ;
#233 = CARTESIAN_POINT ( 'NONE',  ( -8.929999999999996163, 4.699999999999988631, 20.60000000000001208 ) ) ;
#234 = CARTESIAN_POINT ( 'NONE',  ( -15.99999999999999289, 22.00000000000000000, 21.50000000000000711 ) ) ;
#235 = ORIENTED_EDGE ( 'NONE', *, *, #2387, .T. ) ;
#236 = DIRECTION ( 'NONE',  ( 0.000000000000000000, 0.000000000000000000, 1.000000000000000000 ) ) ;
#237 = AXIS2_PLACEMENT_3D ( 'NONE', #2021, #1757, #1220 ) ;
#238 = DIRECTION ( 'NONE',  ( 0.000000000000000000, 0.000000000000000000, 1.000000000000000000 ) ) ;
#239 = ORIENTED_EDGE ( 'NONE', *, *, #523, .F. ) ;
#240 = ADVANCED_FACE ( 'NONE', ( #870 ), #2235, .F. ) ;
#241 = LINE ( 'NONE', #2181, #1145 ) ;
#242 = CARTESIAN_POINT ( 'NONE',  ( 17.50763250878401678, 21.27698179471972040, 20.42080387052715196 ) ) ;
#243 = EDGE_LOOP ( 'NONE', ( #601, #2381, #1117, #3418 ) ) ;
#244 = CARTESIAN_POINT ( 'NONE',  ( -17.35244163007692464, 21.20464809186971422, -21.40876227786322161 ) ) ;
#245 = EDGE_CURVE ( 'NONE', #2167, #1722, #3095, .T. ) ;
#246 = LINE ( 'NONE', #2136, #2040 ) ;
#247 = ORIENTED_EDGE ( 'NONE', *, *, #2289, .T. ) ;
#248 = ADVANCED_FACE ( 'NONE', ( #2274 ), #559, .T. ) ;
#249 = CARTESIAN_POINT ( 'NONE',  ( -6.500000000000002665, 9.099999999999999645, -20.59999999999999432 ) ) ;
#250 = LINE ( 'NONE', #266, #1829 ) ;
#251 = CARTESIAN_POINT ( 'NONE',  ( 16.00000000000000355, 2.000000000000000000, 19.10000000000000497 ) ) ;
#252 = CARTESIAN_POINT ( 'NONE',  ( -18.00000000000000000, 22.00000000000000000, 3.900000000000007461 ) ) ;
#253 = ORIENTED_EDGE ( 'NONE', *, *, #22, .T. ) ;
#254 = CARTESIAN_POINT ( 'NONE',  ( -18.00000000000000711, 19.64999999999999858, -19.09999999999999432 ) ) ;
#255 = CARTESIAN_POINT ( 'NONE',  ( -12.25000000000000178, 3.599999999999999201, -5.099999999999993427 ) ) ;
#256 = LINE ( 'NONE', #1609, #900 ) ;
#257 = CARTESIAN_POINT ( 'NONE',  ( 16.88758547699856649, 21.27698179471916973, 20.89709251171706939 ) ) ;
#258 = EDGE_LOOP ( 'NONE', ( #421, #1546, #985, #2199 ) ) ;
#259 = DIRECTION ( 'NONE',  ( 0.000000000000000000, -1.000000000000000000, -0.000000000000000000 ) ) ;
#260 = ADVANCED_FACE ( 'NONE', ( #2793 ), #2520, .T. ) ;
#261 = CARTESIAN_POINT ( 'NONE',  ( 15.99999999999999289, 22.00000000000000000, -21.09999999999999432 ) ) ;
#262 = CARTESIAN_POINT ( 'NONE',  ( -17.00371041855267507, 21.59410370944378954, 20.83478121244127479 ) ) ;
#263 = ORIENTED_EDGE ( 'NONE', *, *, #134, .F. ) ;
#264 = EDGE_CURVE ( 'NONE', #3054, #2498, #1747, .T. ) ;
#265 = CARTESIAN_POINT ( 'NONE',  ( 17.99999999999999645, 6.800000000000002487, -7.849999999999999645 ) ) ;
#266 = CARTESIAN_POINT ( 'NONE',  ( -18.00000000000000355, 21.59999999999999787, -23.09999999999999432 ) ) ;
#267 = LINE ( 'NONE', #811, #1981 ) ;
#268 = CARTESIAN_POINT ( 'NONE',  ( 17.79709251326001862, 21.59410370944288360, -19.98758547763793558 ) ) ;
#269 = VERTEX_POINT ( 'NONE', #1182 ) ;
#270 = DIRECTION ( 'NONE',  ( 0.000000000000000000, 1.000000000000000000, 0.000000000000000000 ) ) ;
#271 = EDGE_CURVE ( 'NONE', #600, #3143, #2488, .T. ) ;
#272 = CARTESIAN_POINT ( 'NONE',  ( -18.39999999999999503, 21.59410370944287649, 19.10000000000000497 ) ) ;
#273 = EDGE_CURVE ( 'NONE', #1894, #2162, #3460, .T. ) ;
#274 = ADVANCED_FACE ( 'NONE', ( #3355 ), #645, .F. ) ;
#275 = CARTESIAN_POINT ( 'NONE',  ( -7.000000000000006217, 9.099999999999999645, -18.59999999999999787 ) ) ;
#276 = ADVANCED_FACE ( 'NONE', ( #2809 ), #1465, .T. ) ;
#277 = VERTEX_POINT ( 'NONE', #2552 ) ;
#278 = CARTESIAN_POINT ( 'NONE',  ( -17.60117391831406763, 21.59410370944288005, 20.32722607272555493 ) ) ;
#279 = VECTOR ( 'NONE', #2581, 1000.000000000000000 ) ;
#280 = CARTESIAN_POINT ( 'NONE',  ( -17.99999999999997868, 21.27698179471861550, 19.10000000000000142 ) ) ;
#281 = VECTOR ( 'NONE', #1289, 1000.000000000000000 ) ;
#282 = ORIENTED_EDGE ( 'NONE', *, *, #1184, .T. ) ;
#283 = DIRECTION ( 'NONE',  ( 0.000000000000000000, -0.000000000000000000, 1.000000000000000000 ) ) ;
#284 = AXIS2_PLACEMENT_3D ( 'NONE', #1309, #751, #2047 ) ;
#285 = CARTESIAN_POINT ( 'NONE',  ( 17.99999999999999645, 10.50000000000000178, -14.34999999999999964 ) ) ;
#286 = CARTESIAN_POINT ( 'NONE',  ( 17.73485103482525105, 21.27698179471808260, -20.10358699018247108 ) ) ;
#287 = AXIS2_PLACEMENT_3D ( 'NONE', #1774, #155, #1236 ) ;
#288 = ORIENTED_EDGE ( 'NONE', *, *, #3252, .T. ) ;
#289 = FACE_OUTER_BOUND ( 'NONE', #2960, .T. ) ;
#290 = EDGE_CURVE ( 'NONE', #2950, #2225, #1464, .T. ) ;
#291 = VECTOR ( 'NONE', #3266, 1000.000000000000000 ) ;
#292 = ADVANCED_FACE ( 'NONE', ( #2013 ), #659, .T. ) ;
#293 = DIRECTION ( 'NONE',  ( -1.000000000000000000, -4.063934665350494548E-15, -1.734723475977735741E-14 ) ) ;
#294 = CIRCLE ( 'NONE', #2095, 0.4000000000000010214 ) ;
#295 = CIRCLE ( 'NONE', #394, 2.399999999999999467 ) ;
#296 = DIRECTION ( 'NONE',  ( 0.000000000000000000, -1.000000000000000000, 0.000000000000000000 ) ) ;
#297 = CARTESIAN_POINT ( 'NONE',  ( 17.15852189274795236, 21.20464809190390554, 21.10267931346382397 ) ) ;
#298 = ORIENTED_EDGE ( 'NONE', *, *, #1513, .F. ) ;
#299 = DIRECTION ( 'NONE',  ( -8.673617379884013384E-15, -1.000000000000000000, 0.000000000000000000 ) ) ;
#300 = DIRECTION ( 'NONE',  ( 0.000000000000000000, -1.000000000000000000, -0.000000000000000000 ) ) ;
#301 = VERTEX_POINT ( 'NONE', #3403 ) ;
#302 = CARTESIAN_POINT ( 'NONE',  ( 16.00000000000000355, 19.78918494657904859, 21.10000000000000853 ) ) ;
#303 = LINE ( 'NONE', #1952, #2202 ) ;
#304 = CARTESIAN_POINT ( 'NONE',  ( -17.49999999999999645, 9.099999999999999645, -5.099999999999993427 ) ) ;
#305 = EDGE_LOOP ( 'NONE', ( #2838, #129, #1724, #3302, #1886, #2617, #3213 ) ) ;
#306 = CARTESIAN_POINT ( 'NONE',  ( -15.20803989154980762, 3.600000000000000089, -18.59999999999999432 ) ) ;
#307 = ORIENTED_EDGE ( 'NONE', *, *, #763, .F. ) ;
#308 = CARTESIAN_POINT ( 'NONE',  ( -18.00000000000000000, 8.392893218813455292, 3.607106781186556255 ) ) ;
#309 = EDGE_CURVE ( 'NONE', #2348, #1432, #2860, .T. ) ;
#310 = CYLINDRICAL_SURFACE ( 'NONE', #3346, 1.400000000000000133 ) ;
#311 = DIRECTION ( 'NONE',  ( 0.000000000000000000, 0.000000000000000000, 1.000000000000000000 ) ) ;
#312 = CARTESIAN_POINT ( 'NONE',  ( 17.02461193387464533, 21.20464809229804359, 21.17452970053360772 ) ) ;
#313 = VERTEX_POINT ( 'NONE', #994 ) ;
#314 = CARTESIAN_POINT ( 'NONE',  ( -9.291960108450199485, 3.600000000000000089, -18.59999999999999787 ) ) ;
#315 =( BOUNDED_SURFACE ( )  B_SPLINE_SURFACE ( 3, 2, ( 
 ( #1467, #1999, #83 ),
 ( #117, #3068, #3096 ),
 ( #2828, #1449, #1983 ),
 ( #2222, #1770, #2844 ),
 ( #908, #135, #418 ),
 ( #2540, #2522, #1204 ),
 ( #872, #1965, #97 ),
 ( #615, #1698, #2777 ),
 ( #353, #1169, #2236 ),
 ( #3338, #1502, #2049 ),
 ( #3172, #2307, #3150 ),
 ( #2064, #2882, #3427 ),
 ( #3406, #1270, #227 ),
 ( #2570, #2102, #1290 ) ),
 .UNSPECIFIED., .F., .F., .T. ) 
 B_SPLINE_SURFACE_WITH_KNOTS ( ( 4, 2, 2, 2, 2, 2, 4 ),
 ( 3, 3 ),
 ( 0.001415333446682362061, 0.002353906421088458600, 0.002823192908291506653, 0.003292479395494554706, 0.003761765882697602759, 0.004231052369900650811, 0.005169625344306746917 ),
 ( 0.000000000000000000, 1.000000000000000000 ),
 .UNSPECIFIED. ) 
 GEOMETRIC_REPRESENTATION_ITEM ( )  RATIONAL_B_SPLINE_SURFACE ( (
 ( 1.000000000000000000, 0.7836116083063061621, 1.000000000000000000),
 ( 1.000000000000000000, 0.7836116083063061621, 1.000000000000000000),
 ( 1.000000000000000000, 0.7836116083063012772, 1.000000000000000000),
 ( 1.000000000000000000, 0.7836116083063012772, 1.000000000000000000),
 ( 1.000000000000000000, 0.7836116083060742366, 1.000000000000000000),
 ( 1.000000000000000000, 0.7836116083060742366, 1.000000000000000000),
 ( 1.000000000000000000, 0.7836116083062997228, 1.000000000000000000),
 ( 1.000000000000000000, 0.7836116083062997228, 1.000000000000000000),
 ( 1.000000000000000000, 0.7836116083062930615, 1.000000000000000000),
 ( 1.000000000000000000, 0.7836116083062930615, 1.000000000000000000),
 ( 1.000000000000000000, 0.7836116083062989457, 1.000000000000000000),
 ( 1.000000000000000000, 0.7836116083062989457, 1.000000000000000000),
 ( 1.000000000000000000, 0.7836116083063114912, 1.000000000000000000),
 ( 1.000000000000000000, 0.7836116083063114912, 1.000000000000000000) ) ) 
 REPRESENTATION_ITEM ( '' )  SURFACE ( )  );
#316 = CARTESIAN_POINT ( 'NONE',  ( 18.00000000000001066, 19.64999999999999858, 20.27157287525381335 ) ) ;
#317 = AXIS2_PLACEMENT_3D ( 'NONE', #3428, #3194, #735 ) ;
#318 = CARTESIAN_POINT ( 'NONE',  ( -17.52471107638231373, 21.20464809199369682, 20.84038253259772944 ) ) ;
#319 = VERTEX_POINT ( 'NONE', #680 ) ;
#320 = CARTESIAN_POINT ( 'NONE',  ( 16.00000000000000355, 19.64999999999999858, 21.10000000000000853 ) ) ;
#321 = CARTESIAN_POINT ( 'NONE',  ( -18.44711635226611079, 20.55698864586779706, 19.10000000000000142 ) ) ;
#322 = CARTESIAN_POINT ( 'NONE',  ( 18.00267931346381545, 21.20464809190393751, -20.25852189274766602 ) ) ;
#323 = VERTEX_POINT ( 'NONE', #1248 ) ;
#324 = ORIENTED_EDGE ( 'NONE', *, *, #161, .T. ) ;
#325 = CARTESIAN_POINT ( 'NONE',  ( -14.71503324295817272, 3.599999999999999201, -19.01666666666666572 ) ) ;
#326 = CARTESIAN_POINT ( 'NONE',  ( 16.00000000000000000, 9.100000000000001421, -7.849999999999999645 ) ) ;
#327 = ORIENTED_EDGE ( 'NONE', *, *, #2272, .T. ) ;
#328 = LINE ( 'NONE', #642, #1815 ) ;
#329 = CARTESIAN_POINT ( 'NONE',  ( -14.32999999999999829, 4.699999999999988631, 20.60000000000001208 ) ) ;
#330 = AXIS2_PLACEMENT_3D ( 'NONE', #1941, #2692, #1426 ) ;
#331 = ORIENTED_EDGE ( 'NONE', *, *, #3243, .T. ) ;
#332 = CARTESIAN_POINT ( 'NONE',  ( 17.43348757045251318, 20.55698864586780417, -21.54711635226610511 ) ) ;
#333 = CARTESIAN_POINT ( 'NONE',  ( 16.00000000000000711, 2.000000000000000000, 23.10000000000000853 ) ) ;
#334 = VECTOR ( 'NONE', #2349, 1000.000000000000000 ) ;
#335 = CARTESIAN_POINT ( 'NONE',  ( 17.32080387052577208, 21.27698179471753193, -20.60763250878071062 ) ) ;
#336 = ORIENTED_EDGE ( 'NONE', *, *, #1947, .T. ) ;
#337 = ORIENTED_EDGE ( 'NONE', *, *, #1760, .T. ) ;
#338 = AXIS2_PLACEMENT_3D ( 'NONE', #3261, #2448, #19 ) ;
#339 = DIRECTION ( 'NONE',  ( 0.000000000000000000, -1.000000000000000000, -0.000000000000000000 ) ) ;
#340 = PRODUCT ( 'audiobox1', 'audiobox1', '', ( #454 ) ) ;
#341 = AXIS2_PLACEMENT_3D ( 'NONE', #2633, #2653, #741 ) ;
#342 = VECTOR ( 'NONE', #1201, 1000.000000000000000 ) ;
#343 = CARTESIAN_POINT ( 'NONE',  ( 16.00000000000000000, 9.100000000000001421, -6.449999999999998401 ) ) ;
#344 = ORIENTED_EDGE ( 'NONE', *, *, #2123, .T. ) ;
#345 = CARTESIAN_POINT ( 'NONE',  ( 16.99999999999999289, 6.900000000000003020, -20.09999999999999432 ) ) ;
#346 = EDGE_CURVE ( 'NONE', #2167, #2761, #189, .T. ) ;
#347 = VECTOR ( 'NONE', #2016, 1000.000000000000000 ) ;
#348 = CARTESIAN_POINT ( 'NONE',  ( 0.000000000000000000, 21.06119768739733544, -22.02109196514350486 ) ) ;
#349 = ORIENTED_EDGE ( 'NONE', *, *, #763, .T. ) ;
#350 = ADVANCED_FACE ( 'NONE', ( #1573 ), #225, .T. ) ;
#351 = DIRECTION ( 'NONE',  ( 0.000000000000000000, 0.000000000000000000, -1.000000000000000000 ) ) ;
#352 = CARTESIAN_POINT ( 'NONE',  ( 16.26427947397065665, 21.59410370944288360, 21.10000000000000853 ) ) ;
#353 = CARTESIAN_POINT ( 'NONE',  ( -17.40799109904453346, 21.20464809183611621, -20.93588084441751462 ) ) ;
#354 = EDGE_CURVE ( 'NONE', #1790, #301, #1802, .T. ) ;
#355 = DIRECTION ( 'NONE',  ( 0.000000000000000000, 1.000000000000000000, 0.000000000000000000 ) ) ;
#356 = ORIENTED_EDGE ( 'NONE', *, *, #2751, .F. ) ;
#357 = ORIENTED_EDGE ( 'NONE', *, *, #2806, .T. ) ;
#358 = DIRECTION ( 'NONE',  ( -0.000000000000000000, 1.000000000000000000, 0.000000000000000000 ) ) ;
#359 = EDGE_CURVE ( 'NONE', #1864, #3373, #2879, .T. ) ;
#360 = ORIENTED_EDGE ( 'NONE', *, *, #1322, .T. ) ;
#361 = CARTESIAN_POINT ( 'NONE',  ( 16.00000000000000000, 0.000000000000000000, -19.09999999999999432 ) ) ;
#362 = DIRECTION ( 'NONE',  ( 1.000000000000000000, 0.000000000000000000, 0.000000000000000000 ) ) ;
#363 = ORIENTED_EDGE ( 'NONE', *, *, #412, .T. ) ;
#364 = CARTESIAN_POINT ( 'NONE',  ( 18.00000000000000711, 19.78918494657904859, -20.27157287525380625 ) ) ;
#365 = EDGE_CURVE ( 'NONE', #70, #1202, #2478, .T. ) ;
#366 = VECTOR ( 'NONE', #2248, 1000.000000000000000 ) ;
#367 = CARTESIAN_POINT ( 'NONE',  ( 18.00000000000001066, 21.24999999999999645, 19.10000000000000497 ) ) ;
#368 = DIRECTION ( 'NONE',  ( -1.062021414152979156E-16, 0.7071067811865524577, -0.7071067811865426878 ) ) ;
#369 = AXIS2_PLACEMENT_3D ( 'NONE', #2529, #106, #3090 ) ;
#370 = ORIENTED_EDGE ( 'NONE', *, *, #2119, .F. ) ;
#371 = ORIENTED_EDGE ( 'NONE', *, *, #3441, .T. ) ;
#372 = CARTESIAN_POINT ( 'NONE',  ( 15.99999999999999645, 21.20464809186999133, -21.40876227786208474 ) ) ;
#373 = CARTESIAN_POINT ( 'NONE',  ( -17.50000000000000000, 9.099999999999999645, -18.59999999999999432 ) ) ;
#374 = VERTEX_POINT ( 'NONE', #3445 ) ;
#375 = DIRECTION ( 'NONE',  ( 0.000000000000000000, 0.000000000000000000, 1.000000000000000000 ) ) ;
#376 = EDGE_CURVE ( 'NONE', #457, #1945, #1583, .T. ) ;
#377 = CARTESIAN_POINT ( 'NONE',  ( 0.000000000000000000, 20.49268122259969260, -21.50966810795326367 ) ) ;
#378 = VERTEX_POINT ( 'NONE', #1769 ) ;
#379 = CARTESIAN_POINT ( 'NONE',  ( 17.17157287525381548, 21.24999999999999645, -21.09999999999999787 ) ) ;
#380 = CIRCLE ( 'NONE', #2242, 0.5000000000000004441 ) ;
#381 = FACE_OUTER_BOUND ( 'NONE', #2479, .T. ) ;
#382 = DIRECTION ( 'NONE',  ( 0.000000000000000000, 0.000000000000000000, 1.000000000000000000 ) ) ;
#383 = VERTEX_POINT ( 'NONE', #2842 ) ;
#384 = ORIENTED_EDGE ( 'NONE', *, *, #2560, .F. ) ;
#385 = VECTOR ( 'NONE', #2117, 1000.000000000000000 ) ;
#386 = DIRECTION ( 'NONE',  ( 1.000000000000000000, 0.000000000000000000, 0.000000000000000000 ) ) ;
#387 = CARTESIAN_POINT ( 'NONE',  ( -18.30876227786208332, 21.20464809186998778, -19.09999999999999432 ) ) ;
#388 = EDGE_LOOP ( 'NONE', ( #1509, #665, #239, #213 ) ) ;
#389 = AXIS2_PLACEMENT_3D ( 'NONE', #255, #1408, #2477 ) ;
#390 = EDGE_CURVE ( 'NONE', #1729, #1671, #942, .T. ) ;
#391 = EDGE_CURVE ( 'NONE', #546, #413, #2195, .T. ) ;
#392 = VECTOR ( 'NONE', #3210, 1000.000000000000000 ) ;
#393 = EDGE_CURVE ( 'NONE', #319, #845, #2919, .T. ) ;
#394 = AXIS2_PLACEMENT_3D ( 'NONE', #2546, #406, #1209 ) ;
#395 = VERTEX_POINT ( 'NONE', #3168 ) ;
#396 = VECTOR ( 'NONE', #362, 1000.000000000000000 ) ;
#397 = CARTESIAN_POINT ( 'NONE',  ( -19.99999999999999645, 22.00000000000000000, 23.10000000000000853 ) ) ;
#398 = DIRECTION ( 'NONE',  ( 0.000000000000000000, 0.000000000000000000, 1.000000000000000000 ) ) ;
#399 = VERTEX_POINT ( 'NONE', #1015 ) ;
#400 = AXIS2_PLACEMENT_3D ( 'NONE', #796, #760, #775 ) ;
#401 = DIRECTION ( 'NONE',  ( 0.000000000000000000, 1.000000000000000000, 0.000000000000000000 ) ) ;
#402 = CARTESIAN_POINT ( 'NONE',  ( -18.00000000000000355, 21.24999999999999645, 20.27157287525381690 ) ) ;
#403 = CARTESIAN_POINT ( 'NONE',  ( 0.000000000000000000, 19.78918494657904859, -21.09999999999999432 ) ) ;
#404 = ORIENTED_EDGE ( 'NONE', *, *, #1266, .T. ) ;
#405 = ORIENTED_EDGE ( 'NONE', *, *, #1547, .T. ) ;
#406 = DIRECTION ( 'NONE',  ( 0.000000000000000000, -1.000000000000000000, -0.000000000000000000 ) ) ;
#407 = VECTOR ( 'NONE', #1334, 1000.000000000000000 ) ;
#408 = CARTESIAN_POINT ( 'NONE',  ( 16.00000000000000355, 21.24999999999999645, 21.10000000000000853 ) ) ;
#409 = ORIENTED_EDGE ( 'NONE', *, *, #1303, .F. ) ;
#410 = EDGE_CURVE ( 'NONE', #3047, #1894, #3405, .T. ) ;
#411 = LINE ( 'NONE', #3126, #3164 ) ;
#412 = EDGE_CURVE ( 'NONE', #2342, #3488, #2939, .T. ) ;
#413 = VERTEX_POINT ( 'NONE', #2625 ) ;
#414 = CARTESIAN_POINT ( 'NONE',  ( 16.00000000000000000, 2.000000000000000000, -23.09999999999999432 ) ) ;
#415 = CARTESIAN_POINT ( 'NONE',  ( -11.62999999999999723, 4.699999999999988631, 20.60000000000001208 ) ) ;
#416 = ORIENTED_EDGE ( 'NONE', *, *, #2604, .F. ) ;
#417 = LINE ( 'NONE', #2382, #1748 ) ;
#418 = CARTESIAN_POINT ( 'NONE',  ( -17.73478121244121297, 21.59410370944298307, -20.10371041855279017 ) ) ;
#419 = DIRECTION ( 'NONE',  ( 1.000000000000000000, 0.000000000000000000, 0.000000000000000000 ) ) ;
#420 = PLANE ( 'NONE',  #1086 ) ;
#421 = ORIENTED_EDGE ( 'NONE', *, *, #1714, .T. ) ;
#422 = ORIENTED_EDGE ( 'NONE', *, *, #1262, .F. ) ;
#423 = EDGE_CURVE ( 'NONE', #2855, #1880, #3465, .T. ) ;
#424 = CARTESIAN_POINT ( 'NONE',  ( -18.00000000000000355, 3.600000000000000089, -18.09999999999999432 ) ) ;
#425 = EDGE_CURVE ( 'NONE', #3334, #3360, #417, .T. ) ;
#426 = DIRECTION ( 'NONE',  ( 0.000000000000000000, 0.000000000000000000, 1.000000000000000000 ) ) ;
#427 = VERTEX_POINT ( 'NONE', #3191 ) ;
#428 = DIRECTION ( 'NONE',  ( 1.000000000000000000, -0.000000000000000000, -3.016910393003142859E-16 ) ) ;
#429 = CARTESIAN_POINT ( 'NONE',  ( -18.00000000000000711, 19.64999999999999858, -19.09999999999999432 ) ) ;
#430 = ORIENTED_EDGE ( 'NONE', *, *, #2680, .T. ) ;
#431 = LINE ( 'NONE', #2684, #2029 ) ;
#432 = DIRECTION ( 'NONE',  ( 0.000000000000000000, 0.000000000000000000, -1.000000000000000000 ) ) ;
#433 = DIRECTION ( 'NONE',  ( 0.000000000000000000, 0.000000000000000000, -1.000000000000000000 ) ) ;
#434 = CARTESIAN_POINT ( 'NONE',  ( -12.25000000000000178, -15.56376789673679539, -5.099999999999993427 ) ) ;
#435 = VERTEX_POINT ( 'NONE', #1500 ) ;
#436 = ORIENTED_EDGE ( 'NONE', *, *, #1762, .T. ) ;
#437 = CARTESIAN_POINT ( 'NONE',  ( -17.49999999999999645, 9.099999999999999645, 3.400000000000008349 ) ) ;
#438 = CARTESIAN_POINT ( 'NONE',  ( -18.00000000000000000, 9.099999999999999645, 2.900000000000022116 ) ) ;
#439 = FACE_OUTER_BOUND ( 'NONE', #2474, .T. ) ;
#440 = ORIENTED_EDGE ( 'NONE', *, *, #887, .F. ) ;
#441 = AXIS2_PLACEMENT_3D ( 'NONE', #801, #2150, #1816 ) ;
#442 = CARTESIAN_POINT ( 'NONE',  ( -18.44711635226611435, 20.55698864586779706, -19.09999999999999432 ) ) ;
#443 = AXIS2_PLACEMENT_3D ( 'NONE', #2259, #3359, #3083 ) ;
#444 = EDGE_CURVE ( 'NONE', #313, #2950, #52, .T. ) ;
#445 = ORIENTED_EDGE ( 'NONE', *, *, #3247, .T. ) ;
#446 = CIRCLE ( 'NONE', #2431, 0.4000000000000010214 ) ;
#447 = CARTESIAN_POINT ( 'NONE',  ( -18.00000000000000000, 2.892893218813448630, 8.307106781186554656 ) ) ;
#448 = AXIS2_PLACEMENT_3D ( 'NONE', #2314, #927, #87 ) ;
#449 = LINE ( 'NONE', #1514, #3179 ) ;
#450 = EDGE_LOOP ( 'NONE', ( #2033, #3454, #3267, #2114, #360, #1318, #2012, #1652 ) ) ;
#451 = DIRECTION ( 'NONE',  ( 0.000000000000000000, 0.000000000000000000, 1.000000000000000000 ) ) ;
#452 = VECTOR ( 'NONE', #594, 1000.000000000000000 ) ;
#453 = LINE ( 'NONE', #3467, #1306 ) ;
#454 = PRODUCT_CONTEXT ( 'NONE', #1565, 'mechanical' ) ;
#455 = AXIS2_PLACEMENT_3D ( 'NONE', #180, #1602, #1256 ) ;
#456 = VERTEX_POINT ( 'NONE', #1839 ) ;
#457 = VERTEX_POINT ( 'NONE', #696 ) ;
#458 = AXIS2_PLACEMENT_3D ( 'NONE', #137, #1699, #98 ) ;
#459 = EDGE_CURVE ( 'NONE', #1671, #1292, #431, .T. ) ;
#460 = CYLINDRICAL_SURFACE ( 'NONE', #567, 2.000000000000001776 ) ;
#461 = DIRECTION ( 'NONE',  ( 0.000000000000000000, 1.000000000000000000, 0.000000000000000000 ) ) ;
#462 = ORIENTED_EDGE ( 'NONE', *, *, #2270, .F. ) ;
#463 = DIRECTION ( 'NONE',  ( -0.000000000000000000, 1.000000000000000000, 0.000000000000000000 ) ) ;
#464 = LINE ( 'NONE', #1552, #509 ) ;
#465 = EDGE_CURVE ( 'NONE', #2411, #1053, #9, .T. ) ;
#466 = CARTESIAN_POINT ( 'NONE',  ( -16.00000000000000000, 21.59999999999999787, -19.09999999999999076 ) ) ;
#467 = VERTEX_POINT ( 'NONE', #1876 ) ;
#468 = DIRECTION ( 'NONE',  ( 1.000000000000000000, 0.000000000000000000, -1.508455196501571429E-16 ) ) ;
#469 = DIRECTION ( 'NONE',  ( -1.000000000000000000, 0.000000000000000000, 0.000000000000000000 ) ) ;
#470 = ORIENTED_EDGE ( 'NONE', *, *, #2626, .F. ) ;
#471 = CARTESIAN_POINT ( 'NONE',  ( -9.291960108450199485, 3.599999999999999201, -19.09999999999999787 ) ) ;
#472 = PLANE ( 'NONE',  #898 ) ;
#473 = ORIENTED_EDGE ( 'NONE', *, *, #995, .F. ) ;
#474 = EDGE_LOOP ( 'NONE', ( #1314, #3162, #72, #687 ) ) ;
#475 = CARTESIAN_POINT ( 'NONE',  ( -18.39999999999999858, 22.00000000000000000, 2.763542160863484723E-15 ) ) ;
#476 = EDGE_CURVE ( 'NONE', #776, #1267, #1895, .T. ) ;
#477 = LINE ( 'NONE', #252, #1313 ) ;
#478 = VERTEX_POINT ( 'NONE', #1108 ) ;
#479 = DIRECTION ( 'NONE',  ( 0.000000000000000000, -1.000000000000000000, 0.000000000000000000 ) ) ;
#480 = AXIS2_PLACEMENT_3D ( 'NONE', #2640, #468, #692 ) ;
#481 = ORIENTED_EDGE ( 'NONE', *, *, #22, .F. ) ;
#482 = CARTESIAN_POINT ( 'NONE',  ( 18.40000000000000213, 21.59410370944288360, 19.10000000000000497 ) ) ;
#483 = CARTESIAN_POINT ( 'NONE',  ( -12.25000000000000355, 9.099999999999999645, -18.59999999999999787 ) ) ;
#484 = ORIENTED_EDGE ( 'NONE', *, *, #3149, .F. ) ;
#485 = DIRECTION ( 'NONE',  ( -1.000000000000000000, 0.000000000000000000, 0.000000000000000000 ) ) ;
#486 = DIRECTION ( 'NONE',  ( 0.000000000000000000, -0.000000000000000000, 1.000000000000000000 ) ) ;
#487 = CARTESIAN_POINT ( 'NONE',  ( -20.00000000000000355, 0.000000000000000000, -19.09999999999999432 ) ) ;
#488 = ORIENTED_EDGE ( 'NONE', *, *, #2341, .T. ) ;
#489 = DIRECTION ( 'NONE',  ( 0.000000000000000000, 0.000000000000000000, 1.000000000000000000 ) ) ;
#490 = DIRECTION ( 'NONE',  ( -0.000000000000000000, 1.000000000000000000, -0.000000000000000000 ) ) ;
#491 = EDGE_CURVE ( 'NONE', #109, #798, #578, .T. ) ;
#492 = LINE ( 'NONE', #2368, #2539 ) ;
#493 = CARTESIAN_POINT ( 'NONE',  ( 18.40000000000000213, 21.59999999999999787, 19.10000000000000497 ) ) ;
#494 = VERTEX_POINT ( 'NONE', #1093 ) ;
#495 = PLANE ( 'NONE',  #1295 ) ;
#496 = EDGE_CURVE ( 'NONE', #1257, #313, #3523, .T. ) ;
#497 = DIRECTION ( 'NONE',  ( 0.000000000000000000, 1.000000000000000000, 0.000000000000000000 ) ) ;
#498 = EDGE_CURVE ( 'NONE', #1795, #3076, #1960, .T. ) ;
#499 = ORIENTED_EDGE ( 'NONE', *, *, #2100, .F. ) ;
#500 = AXIS2_PLACEMENT_3D ( 'NONE', #1934, #3018, #2737 ) ;
#501 = B_SPLINE_SURFACE_WITH_KNOTS ( 'NONE', 3, 1, ( 
 ( #1368, #531 ),
 ( #3197, #1294 ),
 ( #3472, #772 ),
 ( #1578, #2965 ),
 ( #757, #1618 ) ),
 .UNSPECIFIED., .F., .F., .F.,
 ( 4, 1, 4 ),
 ( 2, 2 ),
 ( 0.000000000000000000, 0.3063616363167692702, 1.000000000000000000 ),
 ( 0.000000000000000000, 1.000000000000000000 ),
 .UNSPECIFIED. ) ;
#502 = EDGE_CURVE ( 'NONE', #737, #1968, #1868, .T. ) ;
#503 = DIRECTION ( 'NONE',  ( -5.337610695313252371E-16, 0.000000000000000000, -1.000000000000000000 ) ) ;
#504 = CARTESIAN_POINT ( 'NONE',  ( 18.30876228214927792, 21.20464809086562497, 19.40576825399718430 ) ) ;
#505 = ORIENTED_EDGE ( 'NONE', *, *, #1089, .F. ) ;
#506 = VECTOR ( 'NONE', #3031, 1000.000000000000000 ) ;
#507 = CYLINDRICAL_SURFACE ( 'NONE', #1190, 0.5000000000000004441 ) ;
#508 = CARTESIAN_POINT ( 'NONE',  ( 18.00000000000000711, 19.78918494657904859, 19.10000000000000142 ) ) ;
#509 = VECTOR ( 'NONE', #2637, 1000.000000000000000 ) ;
#510 = CARTESIAN_POINT ( 'NONE',  ( -17.21984028407116440, 21.27698179471738626, 20.69024845268496904 ) ) ;
#511 = ORIENTED_EDGE ( 'NONE', *, *, #2945, .F. ) ;
#512 = CIRCLE ( 'NONE', #448, 0.5000000000000004441 ) ;
#513 = VERTEX_POINT ( 'NONE', #2975 ) ;
#514 = AXIS2_PLACEMENT_3D ( 'NONE', #3092, #63, #2550 ) ;
#515 = DIRECTION ( 'NONE',  ( -0.000000000000000000, 1.000000000000000000, -0.000000000000000000 ) ) ;
#516 = DIRECTION ( 'NONE',  ( 0.000000000000000000, -1.000000000000000000, 0.000000000000000000 ) ) ;
#517 = DIRECTION ( 'NONE',  ( 0.000000000000000000, 0.000000000000000000, 1.000000000000000000 ) ) ;
#518 = ORIENTED_EDGE ( 'NONE', *, *, #1477, .T. ) ;
#519 = LINE ( 'NONE', #2089, #2301 ) ;
#520 = AXIS2_PLACEMENT_3D ( 'NONE', #2816, #914, #426 ) ;
#521 = LINE ( 'NONE', #2913, #840 ) ;
#522 = CARTESIAN_POINT ( 'NONE',  ( -16.00000000000000000, 21.59410370944288005, -21.09999999999999432 ) ) ;
#523 = EDGE_CURVE ( 'NONE', #1795, #2832, #1977, .T. ) ;
#524 = ADVANCED_FACE ( 'NONE', ( #1054 ), #1612, .F. ) ;
#525 = LINE ( 'NONE', #2695, #1247 ) ;
#526 = EDGE_LOOP ( 'NONE', ( #2500, #1939, #587, #1006 ) ) ;
#527 = DIRECTION ( 'NONE',  ( 0.000000000000000000, -1.000000000000000000, 0.000000000000000000 ) ) ;
#528 = CARTESIAN_POINT ( 'NONE',  ( -1.900000000000003686, 6.200000000000001066, 21.10000000000000853 ) ) ;
#529 = ORIENTED_EDGE ( 'NONE', *, *, #126, .T. ) ;
#530 = CARTESIAN_POINT ( 'NONE',  ( -15.99999999999999645, 21.20464809186998423, 21.40876227786208830 ) ) ;
#531 = CARTESIAN_POINT ( 'NONE',  ( 0.000000000000000000, 19.64999999999999858, -21.09999999999999432 ) ) ;
#532 = EDGE_CURVE ( 'NONE', #846, #2162, #2849, .T. ) ;
#533 = DIRECTION ( 'NONE',  ( 0.000000000000000000, 1.000000000000000000, 0.000000000000000000 ) ) ;
#534 = CARTESIAN_POINT ( 'NONE',  ( -6.500000000000005329, 3.600000000000000089, -19.09999999999999787 ) ) ;
#535 = EDGE_CURVE ( 'NONE', #3132, #3054, #912, .T. ) ;
#536 = VERTEX_POINT ( 'NONE', #2717 ) ;
#537 = CARTESIAN_POINT ( 'NONE',  ( 16.99999999999999289, 4.900000000000001243, -21.09999999999999787 ) ) ;
#538 = EDGE_CURVE ( 'NONE', #1418, #1795, #2733, .T. ) ;
#539 = CARTESIAN_POINT ( 'NONE',  ( 15.99999999999999289, 21.59410370944288360, -21.09999999999999432 ) ) ;
#540 = CIRCLE ( 'NONE', #2685, 4.000000000000000000 ) ;
#541 = CARTESIAN_POINT ( 'NONE',  ( -1.400000000000003686, 6.200000000000001066, 21.60000000000000853 ) ) ;
#542 = CARTESIAN_POINT ( 'NONE',  ( 18.24916615626699468, 21.20464809103387793, 19.70338976717818369 ) ) ;
#543 = ORIENTED_EDGE ( 'NONE', *, *, #3458, .T. ) ;
#544 = CARTESIAN_POINT ( 'NONE',  ( -20.00000000000000355, 2.000000000000000000, -23.09999999999999432 ) ) ;
#545 = CARTESIAN_POINT ( 'NONE',  ( -17.15866437604052663, 21.20464809190599809, 21.10259871168684143 ) ) ;
#546 = VERTEX_POINT ( 'NONE', #314 ) ;
#547 = CYLINDRICAL_SURFACE ( 'NONE', #1009, 1.400000000000000133 ) ;
#548 = ADVANCED_FACE ( 'NONE', ( #1395 ), #507, .T. ) ;
#549 = DIRECTION ( 'NONE',  ( 0.000000000000000000, 0.000000000000000000, 1.000000000000000000 ) ) ;
#550 = DIRECTION ( 'NONE',  ( -1.000000000000000000, 0.000000000000000000, -3.469446951953605117E-15 ) ) ;
#551 = EDGE_LOOP ( 'NONE', ( #3039, #771, #906, #2904 ) ) ;
#552 = DIRECTION ( 'NONE',  ( 0.000000000000000000, 0.000000000000000000, 1.000000000000000000 ) ) ;
#553 = CARTESIAN_POINT ( 'NONE',  ( 17.99999999999999645, 6.900000000000002132, -14.35000000000000142 ) ) ;
#554 = EDGE_CURVE ( 'NONE', #1273, #2034, #328, .T. ) ;
#555 = LINE ( 'NONE', #275, #2489 ) ;
#556 = CARTESIAN_POINT ( 'NONE',  ( 18.07449205908235612, 21.20464809228803205, 20.12468386764486539 ) ) ;
#557 = ORIENTED_EDGE ( 'NONE', *, *, #1393, .F. ) ;
#558 = DIRECTION ( 'NONE',  ( -1.000000000000000000, 8.908452710415083754E-15, 0.000000000000000000 ) ) ;
#559 =( BOUNDED_SURFACE ( )  B_SPLINE_SURFACE ( 3, 3, ( 
 ( #1168, #2220, #1680, #1152 ),
 ( #2755, #364, #2288, #907 ),
 ( #935, #116, #332, #1711 ),
 ( #1998, #2505, #886, #3322 ),
 ( #630, #1433, #379, #1419 ) ),
 .UNSPECIFIED., .F., .F., .F. ) 
 B_SPLINE_SURFACE_WITH_KNOTS ( ( 4, 1, 4 ),
 ( 4, 4 ),
 ( 0.000000000000000000, 0.3063616363167692702, 1.000000000000000000 ),
 ( 0.000000000000000000, 1.000000000000000000 ),
 .UNSPECIFIED. ) 
 GEOMETRIC_REPRESENTATION_ITEM ( )  RATIONAL_B_SPLINE_SURFACE ( (
 ( 1.000000000000000000, 0.8047378541243647154, 0.8047378541243647154, 1.000000000000000000),
 ( 1.000000000000000000, 0.8047378541243647154, 0.8047378541243647154, 1.000000000000000000),
 ( 1.000000000000000000, 0.8047378541243647154, 0.8047378541243647154, 1.000000000000000000),
 ( 1.000000000000000000, 0.8047378541243647154, 0.8047378541243647154, 1.000000000000000000),
 ( 1.000000000000000000, 0.8047378541243647154, 0.8047378541243647154, 1.000000000000000000) ) ) 
 REPRESENTATION_ITEM ( '' )  SURFACE ( )  );
#560 = CARTESIAN_POINT ( 'NONE',  ( -18.00000000000000355, 21.59410370944287649, -19.09999999999999076 ) ) ;
#561 = EDGE_LOOP ( 'NONE', ( #1838, #2865, #2721, #3331 ) ) ;
#562 = FACE_OUTER_BOUND ( 'NONE', #925, .T. ) ;
#563 = CIRCLE ( 'NONE', #3466, 1.000000000000000888 ) ;
#564 = CARTESIAN_POINT ( 'NONE',  ( -18.00000000000000355, 3.600000000000000089, 8.100000000000006750 ) ) ;
#565 = DIRECTION ( 'NONE',  ( 0.000000000000000000, 0.000000000000000000, 1.000000000000000000 ) ) ;
#566 = LINE ( 'NONE', #1651, #1369 ) ;
#567 = AXIS2_PLACEMENT_3D ( 'NONE', #2391, #1003, #961 ) ;
#568 = ORIENTED_EDGE ( 'NONE', *, *, #290, .F. ) ;
#569 = VERTEX_POINT ( 'NONE', #2516 ) ;
#570 = AXIS2_PLACEMENT_3D ( 'NONE', #1771, #2572, #1057 ) ;
#571 = CIRCLE ( 'NONE', #1877, 0.4000000000000010214 ) ;
#572 = DIRECTION ( 'NONE',  ( 1.000000000000000000, -0.000000000000000000, -1.508455196501571429E-16 ) ) ;
#573 = CIRCLE ( 'NONE', #455, 1.400000000000000133 ) ;
#574 = AXIS2_PLACEMENT_3D ( 'NONE', #1632, #3306, #1114 ) ;
#575 = DIRECTION ( 'NONE',  ( -0.000000000000000000, 1.000000000000000000, 0.000000000000000000 ) ) ;
#576 = CARTESIAN_POINT ( 'NONE',  ( 17.50763250912338620, 21.59410370944315360, 20.42080387086655691 ) ) ;
#577 = ORIENTED_EDGE ( 'NONE', *, *, #2015, .T. ) ;
#578 = LINE ( 'NONE', #2698, #3107 ) ;
#579 = CARTESIAN_POINT ( 'NONE',  ( 17.76640499832426912, 21.16400731508066357, 22.11544195096117349 ) ) ;
#580 = CARTESIAN_POINT ( 'NONE',  ( -17.94841790856991892, 21.59410370944178581, 19.62255677096410977 ) ) ;
#581 = ORIENTED_EDGE ( 'NONE', *, *, #188, .F. ) ;
#582 = DIRECTION ( 'NONE',  ( 0.000000000000000000, 0.000000000000000000, 1.000000000000000000 ) ) ;
#583 = CARTESIAN_POINT ( 'NONE',  ( 17.99999999999999645, 2.000000000000000000, -19.09999999999999076 ) ) ;
#584 = DIRECTION ( 'NONE',  ( -1.000000000000000000, 0.000000000000000000, 1.084202172485504434E-16 ) ) ;
#585 = CARTESIAN_POINT ( 'NONE',  ( -14.71503324295817272, 9.099999999999999645, -19.01666666666666572 ) ) ;
#586 = ORIENTED_EDGE ( 'NONE', *, *, #1004, .T. ) ;
#587 = ORIENTED_EDGE ( 'NONE', *, *, #1132, .T. ) ;
#588 = CARTESIAN_POINT ( 'NONE',  ( -17.99999999999999645, 2.000000000000001776, 19.10000000000000497 ) ) ;
#589 = DIRECTION ( 'NONE',  ( 0.000000000000000000, 0.000000000000000000, 1.000000000000000000 ) ) ;
#590 = CYLINDRICAL_SURFACE ( 'NONE', #2801, 0.5000000000000004441 ) ;
#591 = DIRECTION ( 'NONE',  ( 1.508455196501571429E-16, 0.000000000000000000, 1.000000000000000000 ) ) ;
#592 = VERTEX_POINT ( 'NONE', #1959 ) ;
#593 = CARTESIAN_POINT ( 'NONE',  ( -18.30876227786208332, 21.20464809186998778, 19.10000000000000142 ) ) ;
#594 = DIRECTION ( 'NONE',  ( 5.337610695313252371E-16, -0.000000000000000000, 1.000000000000000000 ) ) ;
#595 = VERTEX_POINT ( 'NONE', #2789 ) ;
#596 = DIRECTION ( 'NONE',  ( -0.000000000000000000, 1.000000000000000000, -0.000000000000000000 ) ) ;
#597 = DIRECTION ( 'NONE',  ( -1.000000000000000000, 0.000000000000000000, -0.000000000000000000 ) ) ;
#598 = LINE ( 'NONE', #858, #2098 ) ;
#599 = CARTESIAN_POINT ( 'NONE',  ( 16.30576825399617391, 21.20464809086631064, -21.40876228214635191 ) ) ;
#600 = VERTEX_POINT ( 'NONE', #110 ) ;
#601 = ORIENTED_EDGE ( 'NONE', *, *, #1240, .F. ) ;
#602 = EDGE_CURVE ( 'NONE', #2404, #1058, #1362, .T. ) ;
#603 = LINE ( 'NONE', #2764, #1103 ) ;
#604 = EDGE_CURVE ( 'NONE', #2319, #3341, #74, .T. ) ;
#605 = CARTESIAN_POINT ( 'NONE',  ( 16.52255677224402319, 21.27698179471752482, 21.04841791165535625 ) ) ;
#606 = ORIENTED_EDGE ( 'NONE', *, *, #2861, .T. ) ;
#607 = DIRECTION ( 'NONE',  ( 1.000000000000000000, -0.000000000000000000, -1.508455196501571429E-16 ) ) ;
#608 = EDGE_CURVE ( 'NONE', #2568, #798, #2389, .T. ) ;
#609 = LINE ( 'NONE', #429, #732 ) ;
#610 = AXIS2_PLACEMENT_3D ( 'NONE', #3293, #2227, #1161 ) ;
#611 = ORIENTED_EDGE ( 'NONE', *, *, #3262, .T. ) ;
#612 = DIRECTION ( 'NONE',  ( -1.000000000000000000, 0.000000000000000000, 0.000000000000000000 ) ) ;
#613 = EDGE_CURVE ( 'NONE', #2866, #86, #2088, .T. ) ;
#614 = CARTESIAN_POINT ( 'NONE',  ( 17.74643234771805567, 21.59410370944292268, 20.10959128337848156 ) ) ;
#615 = CARTESIAN_POINT ( 'NONE',  ( -17.52453870176238837, 21.20464809174644927, -20.84053353254567043 ) ) ;
#616 = DIRECTION ( 'NONE',  ( -0.000000000000000000, -1.000000000000000000, -0.000000000000000000 ) ) ;
#617 = CARTESIAN_POINT ( 'NONE',  ( -18.40000000000000213, 21.59410370944287649, -19.09999999999999076 ) ) ;
#618 = ORIENTED_EDGE ( 'NONE', *, *, #1262, .T. ) ;
#619 = ORIENTED_EDGE ( 'NONE', *, *, #793, .T. ) ;
#620 = AXIS2_PLACEMENT_3D ( 'NONE', #1413, #2246, #1708 ) ;
#621 = DIRECTION ( 'NONE',  ( 0.000000000000000000, -1.000000000000000000, 0.000000000000000000 ) ) ;
#622 = VECTOR ( 'NONE', #131, 1000.000000000000000 ) ;
#623 = AXIS2_PLACEMENT_3D ( 'NONE', #944, #2004, #2039 ) ;
#624 = EDGE_CURVE ( 'NONE', #592, #1163, #1072, .T. ) ;
#625 = ORIENTED_EDGE ( 'NONE', *, *, #652, .T. ) ;
#626 = DIRECTION ( 'NONE',  ( 0.000000000000000000, 0.000000000000000000, -1.000000000000000000 ) ) ;
#627 = AXIS2_PLACEMENT_3D ( 'NONE', #1205, #3069, #1437 ) ;
#628 = CYLINDRICAL_SURFACE ( 'NONE', #1534, 2.000000000000001776 ) ;
#629 = ORIENTED_EDGE ( 'NONE', *, *, #498, .F. ) ;
#630 = CARTESIAN_POINT ( 'NONE',  ( 18.00000000000000355, 21.24999999999999645, -19.09999999999999076 ) ) ;
#631 = CARTESIAN_POINT ( 'NONE',  ( -17.17157287525381193, 21.24999999999999645, 21.10000000000001563 ) ) ;
#632 = CARTESIAN_POINT ( 'NONE',  ( -18.00000000000000000, 3.599999999999998757, 7.600000000000014744 ) ) ;
#633 = EDGE_CURVE ( 'NONE', #1348, #2866, #1461, .T. ) ;
#634 = DIRECTION ( 'NONE',  ( 0.000000000000000000, -1.000000000000000000, 0.000000000000000000 ) ) ;
#635 = ORIENTED_EDGE ( 'NONE', *, *, #188, .T. ) ;
#636 = ORIENTED_EDGE ( 'NONE', *, *, #538, .T. ) ;
#637 = DIRECTION ( 'NONE',  ( 0.000000000000000000, -0.000000000000000000, 1.000000000000000000 ) ) ;
#638 = CARTESIAN_POINT ( 'NONE',  ( -18.44711635226612856, 20.55698864586780417, -20.53348757045247552 ) ) ;
#639 = EDGE_CURVE ( 'NONE', #1528, #2498, #2987, .T. ) ;
#640 = FACE_OUTER_BOUND ( 'NONE', #1576, .T. ) ;
#641 = ORIENTED_EDGE ( 'NONE', *, *, #2032, .T. ) ;
#642 = CARTESIAN_POINT ( 'NONE',  ( -6.500000000000002665, 9.099999999999999645, 2.900000000000020783 ) ) ;
#643 = DIRECTION ( 'NONE',  ( -1.000000000000000000, 0.000000000000000000, 0.000000000000000000 ) ) ;
#644 = ORIENTED_EDGE ( 'NONE', *, *, #917, .F. ) ;
#645 = CYLINDRICAL_SURFACE ( 'NONE', #1692, 2.000000000000001776 ) ;
#646 = AXIS2_PLACEMENT_3D ( 'NONE', #185, #3459, #2621 ) ;
#647 = CARTESIAN_POINT ( 'NONE',  ( 18.44711635226611435, 20.55698864586779706, -19.09999999999999076 ) ) ;
#648 = EDGE_CURVE ( 'NONE', #1790, #2034, #3452, .T. ) ;
#649 = DIRECTION ( 'NONE',  ( 0.000000000000000000, 1.000000000000000000, 0.000000000000000000 ) ) ;
#650 = ORIENTED_EDGE ( 'NONE', *, *, #2558, .F. ) ;
#651 = EDGE_LOOP ( 'NONE', ( #157, #1991, #1740, #2846 ) ) ;
#652 = EDGE_CURVE ( 'NONE', #1950, #148, #3045, .T. ) ;
#653 = CARTESIAN_POINT ( 'NONE',  ( 15.99999999999999645, 20.49268122259968905, -21.50966810795326367 ) ) ;
#654 = CARTESIAN_POINT ( 'NONE',  ( -17.17157287525384390, 21.24999999999999645, -21.09999999999998366 ) ) ;
#655 = CARTESIAN_POINT ( 'NONE',  ( -1.400000000000003464, 4.100000000000000533, 21.60000000000000853 ) ) ;
#656 = ORIENTED_EDGE ( 'NONE', *, *, #885, .T. ) ;
#657 = CARTESIAN_POINT ( 'NONE',  ( -20.00000000000000355, 22.00000000000000000, -19.09999999999999432 ) ) ;
#658 = EDGE_LOOP ( 'NONE', ( #695, #2897, #3430, #3059 ) ) ;
#659 = CYLINDRICAL_SURFACE ( 'NONE', #3057, 0.5000000000000004441 ) ;
#660 = CARTESIAN_POINT ( 'NONE',  ( -19.01544195096116496, 21.16400731508066002, 19.09999999999999787 ) ) ;
#661 = AXIS2_PLACEMENT_3D ( 'NONE', #1676, #1411, #1146 ) ;
#662 = FACE_OUTER_BOUND ( 'NONE', #2613, .T. ) ;
#663 = ADVANCED_FACE ( 'NONE', ( #1199 ), #3077, .F. ) ;
#664 = ORIENTED_EDGE ( 'NONE', *, *, #412, .F. ) ;
#665 = ORIENTED_EDGE ( 'NONE', *, *, #3170, .F. ) ;
#666 = AXIS2_PLACEMENT_3D ( 'NONE', #471, #2304, #1557 ) ;
#667 =( BOUNDED_SURFACE ( )  B_SPLINE_SURFACE ( 3, 3, ( 
 ( #2670, #806, #316, #1912 ),
 ( #1109, #2466, #2185, #508 ),
 ( #1663, #2976, #1594, #3014 ),
 ( #1931, #579, #10, #2734 ),
 ( #1328, #2135, #1397, #41 ) ),
 .UNSPECIFIED., .F., .F., .T. ) 
 B_SPLINE_SURFACE_WITH_KNOTS ( ( 4, 1, 4 ),
 ( 4, 4 ),
 ( 0.000000000000000000, 0.3063616363167692702, 1.000000000000000000 ),
 ( 0.000000000000000000, 1.000000000000000000 ),
 .UNSPECIFIED. ) 
 GEOMETRIC_REPRESENTATION_ITEM ( )  RATIONAL_B_SPLINE_SURFACE ( (
 ( 1.000000000000000000, 0.8047378541243649375, 0.8047378541243649375, 1.000000000000000000),
 ( 1.000000000000000000, 0.8047378541243649375, 0.8047378541243649375, 1.000000000000000000),
 ( 1.000000000000000000, 0.8047378541243649375, 0.8047378541243649375, 1.000000000000000000),
 ( 1.000000000000000000, 0.8047378541243649375, 0.8047378541243649375, 1.000000000000000000),
 ( 1.000000000000000000, 0.8047378541243649375, 0.8047378541243649375, 1.000000000000000000) ) ) 
 REPRESENTATION_ITEM ( '' )  SURFACE ( )  );
#668 = PLANE ( 'NONE',  #80 ) ;
#669 = CARTESIAN_POINT ( 'NONE',  ( 16.00000000000000355, 20.55698864586779706, 21.54711635226611577 ) ) ;
#670 = VECTOR ( 'NONE', #2218, 1000.000000000000000 ) ;
#671 = PRODUCT_RELATED_PRODUCT_CATEGORY ( 'part', '', ( #340 ) ) ;
#672 = PRESENTATION_LAYER_ASSIGNMENT (  '', '', ( #3516 ) ) ;
#673 = TOROIDAL_SURFACE ( 'NONE', #118, 2.400000000000000355, 0.4000000000000000222 ) ;
#674 = VERTEX_POINT ( 'NONE', #866 ) ;
#675 = B_SPLINE_SURFACE_WITH_KNOTS ( 'NONE', 3, 1, ( 
 ( #3114, #936 ),
 ( #922, #2490 ),
 ( #1713, #647 ),
 ( #2794, #3050 ),
 ( #367, #889 ) ),
 .UNSPECIFIED., .F., .F., .F.,
 ( 4, 1, 4 ),
 ( 2, 2 ),
 ( 0.000000000000000000, 0.3063616363167692702, 1.000000000000000000 ),
 ( 0.000000000000000000, 1.000000000000000000 ),
 .UNSPECIFIED. ) ;
#676 = FACE_OUTER_BOUND ( 'NONE', #2172, .T. ) ;
#677 = VECTOR ( 'NONE', #300, 1000.000000000000000 ) ;
#678 = CARTESIAN_POINT ( 'NONE',  ( 19.99999999999999645, 2.000000000000000000, -21.09999999999999432 ) ) ;
#679 = ORIENTED_EDGE ( 'NONE', *, *, #1095, .T. ) ;
#680 = CARTESIAN_POINT ( 'NONE',  ( 15.99999999999999289, 2.000000000000000000, -21.09999999999999432 ) ) ;
#681 = ADVANCED_FACE ( 'NONE', ( #1691 ), #2768, .T. ) ;
#682 = ADVANCED_FACE ( 'NONE', ( #1624 ), #3005, .T. ) ;
#683 = LINE ( 'NONE', #67, #1645 ) ;
#684 = FACE_OUTER_BOUND ( 'NONE', #1463, .T. ) ;
#685 = CYLINDRICAL_SURFACE ( 'NONE', #570, 0.5000000000000000000 ) ;
#686 = ORIENTED_EDGE ( 'NONE', *, *, #391, .T. ) ;
#687 = ORIENTED_EDGE ( 'NONE', *, *, #423, .F. ) ;
#688 = CARTESIAN_POINT ( 'NONE',  ( 15.99999999999999645, 19.78918494657904859, -21.09999999999999787 ) ) ;
#689 = CARTESIAN_POINT ( 'NONE',  ( -18.00000000000001776, 19.78918494657904859, -20.27157287525377782 ) ) ;
#690 = AXIS2_PLACEMENT_3D ( 'NONE', #2818, #2803, #1254 ) ;
#691 = ORIENTED_EDGE ( 'NONE', *, *, #2441, .T. ) ;
#692 = DIRECTION ( 'NONE',  ( 0.000000000000000000, 0.000000000000000000, -1.000000000000000000 ) ) ;
#693 = DIRECTION ( 'NONE',  ( -0.000000000000000000, -1.000000000000000000, -0.000000000000000000 ) ) ;
#694 = DIRECTION ( 'NONE',  ( 0.000000000000000000, 1.000000000000000000, 0.000000000000000000 ) ) ;
#695 = ORIENTED_EDGE ( 'NONE', *, *, #1935, .T. ) ;
#696 = CARTESIAN_POINT ( 'NONE',  ( -8.929999999999996163, 4.699999999999988631, 23.10000000000000853 ) ) ;
#697 = PLANE ( 'NONE',  #2713 ) ;
#698 = CARTESIAN_POINT ( 'NONE',  ( -15.99999999999999289, 21.59999999999999787, 19.10000000000000497 ) ) ;
#699 = ORIENTED_EDGE ( 'NONE', *, *, #496, .F. ) ;
#700 = CYLINDRICAL_SURFACE ( 'NONE', #3002, 2.499999999999993339 ) ;
#701 = AXIS2_PLACEMENT_3D ( 'NONE', #1836, #2915, #220 ) ;
#702 = EDGE_CURVE ( 'NONE', #2726, #1540, #2681, .T. ) ;
#703 = CARTESIAN_POINT ( 'NONE',  ( -15.99999999999999289, 2.000000000000001776, 19.10000000000000497 ) ) ;
#704 = DIRECTION ( 'NONE',  ( 0.000000000000000000, 0.000000000000000000, 1.000000000000000000 ) ) ;
#705 = ORIENTED_EDGE ( 'NONE', *, *, #917, .T. ) ;
#706 = ORIENTED_EDGE ( 'NONE', *, *, #3028, .F. ) ;
#707 = LINE ( 'NONE', #414, #2703 ) ;
#708 = DIRECTION ( 'NONE',  ( 0.000000000000000000, -1.000000000000000000, 0.000000000000000000 ) ) ;
#709 = DIRECTION ( 'NONE',  ( 0.000000000000000000, 0.000000000000000000, 1.000000000000000000 ) ) ;
#710 = ORIENTED_EDGE ( 'NONE', *, *, #126, .F. ) ;
#711 = CARTESIAN_POINT ( 'NONE',  ( -15.99999999999999289, 22.00000000000000000, 21.10000000000000853 ) ) ;
#712 = EDGE_CURVE ( 'NONE', #2568, #2929, #830, .T. ) ;
#713 = DIRECTION ( 'NONE',  ( -0.000000000000000000, -1.000000000000000000, -0.000000000000000000 ) ) ;
#714 = CARTESIAN_POINT ( 'NONE',  ( 16.99999999999999289, 22.00000000000000000, -20.09999999999999432 ) ) ;
#715 = ORIENTED_EDGE ( 'NONE', *, *, #1342, .F. ) ;
#716 = VERTEX_POINT ( 'NONE', #2462 ) ;
#717 = EDGE_CURVE ( 'NONE', #2396, #1252, #563, .T. ) ;
#718 = LINE ( 'NONE', #475, #1533 ) ;
#719 = CARTESIAN_POINT ( 'NONE',  ( -17.35244163007688556, 21.20464809186971422, 21.40876227786325359 ) ) ;
#720 = EDGE_LOOP ( 'NONE', ( #1376, #2228, #3106, #2673 ) ) ;
#721 = DIRECTION ( 'NONE',  ( 1.000000000000000000, -0.000000000000000000, -1.508455196501571429E-16 ) ) ;
#722 = AXIS2_PLACEMENT_3D ( 'NONE', #2058, #1264, #2338 ) ;
#723 = CARTESIAN_POINT ( 'NONE',  ( -18.39999999999999503, 21.59410370944287649, 3.502592966296502209E-15 ) ) ;
#724 = AXIS2_PLACEMENT_3D ( 'NONE', #2614, #1253, #193 ) ;
#725 = ORIENTED_EDGE ( 'NONE', *, *, #2585, .F. ) ;
#726 = CIRCLE ( 'NONE', #1011, 0.5000000000000000000 ) ;
#727 = CIRCLE ( 'NONE', #3347, 2.000000000000001776 ) ;
#728 = DIRECTION ( 'NONE',  ( 1.000000000000000000, 0.000000000000000000, 0.000000000000000000 ) ) ;
#729 = ORIENTED_EDGE ( 'NONE', *, *, #1817, .T. ) ;
#730 = CARTESIAN_POINT ( 'NONE',  ( 18.00000000000000711, 19.78918494657904859, -19.09999999999999076 ) ) ;
#731 = VECTOR ( 'NONE', #368, 1000.000000000000000 ) ;
#732 = VECTOR ( 'NONE', #1013, 1000.000000000000000 ) ;
#733 = B_SPLINE_CURVE_WITH_KNOTS ( 'NONE', 3,
 ( #54, #1389, #1341, #2414, #3510 ),
 .UNSPECIFIED., .F., .F.,
 ( 4, 1, 4 ),
 ( 0.000000000000000000, 0.3063616363167692147, 0.9162449681765223453 ),
 .UNSPECIFIED. ) ;
#734 = CARTESIAN_POINT ( 'NONE',  ( -18.30876227786208332, 21.20464809186998778, 19.10000000000000142 ) ) ;
#735 = DIRECTION ( 'NONE',  ( -1.000000000000000000, 0.000000000000000000, -0.000000000000000000 ) ) ;
#736 = VECTOR ( 'NONE', #1892, 1000.000000000000000 ) ;
#737 = VERTEX_POINT ( 'NONE', #2169 ) ;
#738 = ORIENTED_EDGE ( 'NONE', *, *, #1235, .F. ) ;
#739 = DIRECTION ( 'NONE',  ( 1.501925087425806872E-16, 0.000000000000000000, 1.000000000000000000 ) ) ;
#740 = VECTOR ( 'NONE', #515, 1000.000000000000000 ) ;
#741 = DIRECTION ( 'NONE',  ( 0.000000000000000000, -1.284980352575413439E-16, -1.000000000000000000 ) ) ;
#742 = DIRECTION ( 'NONE',  ( 0.000000000000000000, -1.000000000000000000, 0.000000000000000000 ) ) ;
#743 = VERTEX_POINT ( 'NONE', #3274 ) ;
#744 = FACE_OUTER_BOUND ( 'NONE', #33, .T. ) ;
#745 = CARTESIAN_POINT ( 'NONE',  ( -7.000000000000006217, 3.600000000000000089, -18.59999999999999787 ) ) ;
#746 = ADVANCED_FACE ( 'NONE', ( #1922 ), #310, .F. ) ;
#747 = ORIENTED_EDGE ( 'NONE', *, *, #425, .T. ) ;
#748 = CARTESIAN_POINT ( 'NONE',  ( 15.99999999999999289, 21.59999999999999787, -21.09999999999999432 ) ) ;
#749 = DIRECTION ( 'NONE',  ( 1.000000000000000000, 0.000000000000000000, 0.000000000000000000 ) ) ;
#750 = ORIENTED_EDGE ( 'NONE', *, *, #1051, .F. ) ;
#751 = DIRECTION ( 'NONE',  ( -1.000000000000000000, 0.000000000000000000, 0.000000000000000000 ) ) ;
#752 = EDGE_CURVE ( 'NONE', #2342, #1058, #1942, .T. ) ;
#753 = DIRECTION ( 'NONE',  ( -0.000000000000000000, 1.000000000000000000, -0.000000000000000000 ) ) ;
#754 = PLANE ( 'NONE',  #1228 ) ;
#755 = ORIENTED_EDGE ( 'NONE', *, *, #652, .F. ) ;
#756 = ORIENTED_EDGE ( 'NONE', *, *, #2970, .T. ) ;
#757 = CARTESIAN_POINT ( 'NONE',  ( 16.00000000000000000, 21.24999999999999645, -21.09999999999999432 ) ) ;
#758 = EDGE_CURVE ( 'NONE', #1252, #2404, #1658, .T. ) ;
#759 = DIRECTION ( 'NONE',  ( 0.000000000000000000, 0.000000000000000000, 1.000000000000000000 ) ) ;
#760 = DIRECTION ( 'NONE',  ( 0.000000000000000000, 0.000000000000000000, -1.000000000000000000 ) ) ;
#761 = ORIENTED_EDGE ( 'NONE', *, *, #1251, .T. ) ;
#762 = SURFACE_SIDE_STYLE ('',( #2334 ) ) ;
#763 = EDGE_CURVE ( 'NONE', #2111, #846, #446, .T. ) ;
#764 = CARTESIAN_POINT ( 'NONE',  ( -18.00000000000000711, 19.78918494657904859, -19.09999999999999432 ) ) ;
#765 = ORIENTED_EDGE ( 'NONE', *, *, #2530, .T. ) ;
#766 = CARTESIAN_POINT ( 'NONE',  ( 15.99999999999999289, 22.00000000000000000, -19.09999999999999076 ) ) ;
#767 = ORIENTED_EDGE ( 'NONE', *, *, #702, .T. ) ;
#768 = CARTESIAN_POINT ( 'NONE',  ( 17.74650812517910836, 21.59410370944291913, -20.10947279642994090 ) ) ;
#769 = DIRECTION ( 'NONE',  ( -9.082321863752916905E-17, 0.000000000000000000, -1.000000000000000000 ) ) ;
#770 = ORIENTED_EDGE ( 'NONE', *, *, #476, .T. ) ;
#771 = ORIENTED_EDGE ( 'NONE', *, *, #1751, .T. ) ;
#772 = CARTESIAN_POINT ( 'NONE',  ( 0.000000000000000000, 20.55698864586779706, -21.54711635226610156 ) ) ;
#773 = CARTESIAN_POINT ( 'NONE',  ( 11.59999999999999609, 4.100000000000000533, 20.60000000000001208 ) ) ;
#774 = EDGE_CURVE ( 'NONE', #3209, #269, #2251, .T. ) ;
#775 = DIRECTION ( 'NONE',  ( -1.000000000000000000, 0.000000000000000000, 0.000000000000000000 ) ) ;
#776 = VERTEX_POINT ( 'NONE', #2988 ) ;
#777 = DIRECTION ( 'NONE',  ( -1.000000000000000000, -8.908452710415162640E-15, -0.000000000000000000 ) ) ;
#778 = ADVANCED_FACE ( 'NONE', ( #1869 ), #2432, .T. ) ;
#779 = FACE_OUTER_BOUND ( 'NONE', #1118, .T. ) ;
#780 = ORIENTED_EDGE ( 'NONE', *, *, #376, .F. ) ;
#781 = AXIS2_PLACEMENT_3D ( 'NONE', #2864, #2648, #2104 ) ;
#782 = CARTESIAN_POINT ( 'NONE',  ( -1.400000000000003686, 6.200000000000001066, 20.60000000000001208 ) ) ;
#783 = CARTESIAN_POINT ( 'NONE',  ( 17.21969343701261579, 21.59410370944315360, 20.69035935566013507 ) ) ;
#784 = ORIENTED_EDGE ( 'NONE', *, *, #2405, .F. ) ;
#785 = VECTOR ( 'NONE', #1066, 1000.000000000000000 ) ;
#786 = DIRECTION ( 'NONE',  ( 0.000000000000000000, 0.000000000000000000, 1.000000000000000000 ) ) ;
#787 = CARTESIAN_POINT ( 'NONE',  ( -16.00000000000000000, 9.099999999999999645, -21.09999999999999432 ) ) ;
#788 = AXIS2_PLACEMENT_3D ( 'NONE', #343, #591, #1944 ) ;
#789 = CARTESIAN_POINT ( 'NONE',  ( -16.26487634345210509, 21.59410370944343072, 21.10000000000000497 ) ) ;
#790 = ORIENTED_EDGE ( 'NONE', *, *, #639, .T. ) ;
#791 = VECTOR ( 'NONE', #1996, 1000.000000000000000 ) ;
#792 = CARTESIAN_POINT ( 'NONE',  ( -6.500000000000005329, 3.600000000000000089, -19.09999999999999787 ) ) ;
#793 = EDGE_CURVE ( 'NONE', #435, #829, #726, .T. ) ;
#794 = VECTOR ( 'NONE', #728, 1000.000000000000000 ) ;
#795 = FACE_OUTER_BOUND ( 'NONE', #223, .T. ) ;
#796 = CARTESIAN_POINT ( 'NONE',  ( -11.62999999999999723, 4.699999999999988631, 21.10000000000000853 ) ) ;
#797 = PLANE ( 'NONE',  #216 ) ;
#798 = VERTEX_POINT ( 'NONE', #522 ) ;
#799 = DIRECTION ( 'NONE',  ( 1.000000000000000000, 0.000000000000000000, -1.501925087425806872E-16 ) ) ;
#800 = AXIS2_PLACEMENT_3D ( 'NONE', #1874, #2115, #5 ) ;
#801 = CARTESIAN_POINT ( 'NONE',  ( -17.50000000000000000, 9.099999999999999645, -18.09999999999999432 ) ) ;
#802 = LINE ( 'NONE', #1889, #2821 ) ;
#803 = DIRECTION ( 'NONE',  ( -1.501925087425806872E-16, 0.000000000000000000, -1.000000000000000000 ) ) ;
#804 = ORIENTED_EDGE ( 'NONE', *, *, #1902, .T. ) ;
#805 = CARTESIAN_POINT ( 'NONE',  ( 17.60117391831406763, 21.59410370944288715, -20.32722607272553361 ) ) ;
#806 = CARTESIAN_POINT ( 'NONE',  ( 17.17157287525381193, 19.64999999999999858, 21.10000000000000497 ) ) ;
#807 = CARTESIAN_POINT ( 'NONE',  ( -17.50776331479243808, 21.27698179472028883, 20.42065454845968731 ) ) ;
#808 = ORIENTED_EDGE ( 'NONE', *, *, #2941, .F. ) ;
#809 = CARTESIAN_POINT ( 'NONE',  ( -19.99999999999999645, 2.000000000000000000, 23.10000000000000853 ) ) ;
#810 = CARTESIAN_POINT ( 'NONE',  ( -17.49999999999999645, 3.600000000000000089, 3.900000000000008349 ) ) ;
#811 = CARTESIAN_POINT ( 'NONE',  ( 16.00000000000000000, 19.64999999999999858, -21.09999999999999432 ) ) ;
#812 = CARTESIAN_POINT ( 'NONE',  ( 16.00000000000000000, 21.27698179471862971, -21.09999999999999432 ) ) ;
#813 = ORIENTED_EDGE ( 'NONE', *, *, #3153, .F. ) ;
#814 = EDGE_CURVE ( 'NONE', #1151, #1040, #1928, .T. ) ;
#815 = FACE_OUTER_BOUND ( 'NONE', #1914, .T. ) ;
#816 = CARTESIAN_POINT ( 'NONE',  ( -7.000000000000003553, 3.600000000000000089, 2.900000000000006573 ) ) ;
#817 = AXIS2_PLACEMENT_3D ( 'NONE', #1826, #191, #2921 ) ;
#818 = VECTOR ( 'NONE', #82, 1000.000000000000000 ) ;
#819 = DIRECTION ( 'NONE',  ( 0.000000000000000000, -1.000000000000000000, 0.000000000000000000 ) ) ;
#820 = EDGE_LOOP ( 'NONE', ( #860, #2504, #1380, #1479 ) ) ;
#821 = CARTESIAN_POINT ( 'NONE',  ( -17.22745848645950772, 21.59410370944288360, 20.70099575711029161 ) ) ;
#822 = CARTESIAN_POINT ( 'NONE',  ( -16.52269544858630823, 21.27698179471806483, 21.04837396471073774 ) ) ;
#823 = EDGE_CURVE ( 'NONE', #1642, #3132, #733, .T. ) ;
#824 = EDGE_LOOP ( 'NONE', ( #1100, #430, #1823, #3258 ) ) ;
#825 = DIRECTION ( 'NONE',  ( 0.000000000000000000, -0.000000000000000000, 1.000000000000000000 ) ) ;
#826 = CARTESIAN_POINT ( 'NONE',  ( 16.52305923513423380, 21.59410370944292623, 21.04826461102940982 ) ) ;
#827 = FACE_OUTER_BOUND ( 'NONE', #1523, .T. ) ;
#828 = DIRECTION ( 'NONE',  ( 0.000000000000000000, 1.000000000000000000, 0.000000000000000000 ) ) ;
#829 = VERTEX_POINT ( 'NONE', #2152 ) ;
#830 = LINE ( 'NONE', #1674, #785 ) ;
#831 = CARTESIAN_POINT ( 'NONE',  ( 18.00000000000000355, 2.000000000000000000, 23.10000000000000853 ) ) ;
#832 = ORIENTED_EDGE ( 'NONE', *, *, #2036, .F. ) ;
#833 = DIRECTION ( 'NONE',  ( 1.000000000000000000, 0.000000000000000000, -1.501925087425806872E-16 ) ) ;
#834 = AXIS2_PLACEMENT_3D ( 'NONE', #3065, #78, #1979 ) ;
#835 = CARTESIAN_POINT ( 'NONE',  ( -18.30876228238685499, 21.20464809080996815, 19.40592624102389152 ) ) ;
#836 = VECTOR ( 'NONE', #18, 1000.000000000000000 ) ;
#837 = VERTEX_POINT ( 'NONE', #3242 ) ;
#838 = EDGE_CURVE ( 'NONE', #2579, #148, #802, .T. ) ;
#839 = DIRECTION ( 'NONE',  ( 0.000000000000000000, 0.000000000000000000, 1.000000000000000000 ) ) ;
#840 = VECTOR ( 'NONE', #2894, 1000.000000000000000 ) ;
#841 = CARTESIAN_POINT ( 'NONE',  ( 17.99999999999999645, 21.59999999999999787, -19.09999999999999076 ) ) ;
#842 = CARTESIAN_POINT ( 'NONE',  ( -18.00000000000000355, 19.64999999999999858, 20.27157287525381690 ) ) ;
#843 = LINE ( 'NONE', #2778, #3412 ) ;
#844 = VECTOR ( 'NONE', #1526, 1000.000000000000000 ) ;
#845 = VERTEX_POINT ( 'NONE', #2 ) ;
#846 = VERTEX_POINT ( 'NONE', #539 ) ;
#847 = DIRECTION ( 'NONE',  ( 0.000000000000000000, -0.000000000000000000, 1.000000000000000000 ) ) ;
#848 = DIRECTION ( 'NONE',  ( -1.501925087425806872E-16, 0.000000000000000000, -1.000000000000000000 ) ) ;
#849 = CIRCLE ( 'NONE', #520, 1.400000000000000133 ) ;
#850 = CARTESIAN_POINT ( 'NONE',  ( 16.30592624102352772, 21.20464809080838364, 21.40876228239364210 ) ) ;
#851 = ORIENTED_EDGE ( 'NONE', *, *, #1733, .F. ) ;
#852 = CARTESIAN_POINT ( 'NONE',  ( -18.00000000000000355, 21.59410370944287294, -19.36427947397064386 ) ) ;
#853 = DIRECTION ( 'NONE',  ( 1.501925087425806872E-16, 0.000000000000000000, 1.000000000000000000 ) ) ;
#854 = DIRECTION ( 'NONE',  ( 1.501925087425806872E-16, 0.000000000000000000, 1.000000000000000000 ) ) ;
#855 = EDGE_LOOP ( 'NONE', ( #344, #3402, #1263, #363 ) ) ;
#856 = CARTESIAN_POINT ( 'NONE',  ( 0.000000000000000000, 3.600000000000000089, 0.000000000000000000 ) ) ;
#857 = EDGE_CURVE ( 'NONE', #3076, #2498, #2306, .T. ) ;
#858 = CARTESIAN_POINT ( 'NONE',  ( -6.500000000000002665, 9.099999999999999645, -5.099999999999993427 ) ) ;
#859 = CARTESIAN_POINT ( 'NONE',  ( 16.52269544733909612, 21.59410370944233293, -21.04837396169864761 ) ) ;
#860 = ORIENTED_EDGE ( 'NONE', *, *, #134, .T. ) ;
#861 = ORIENTED_EDGE ( 'NONE', *, *, #1535, .F. ) ;
#862 = EDGE_CURVE ( 'NONE', #77, #1784, #1405, .T. ) ;
#863 = ADVANCED_FACE ( 'NONE', ( #289 ), #2473, .F. ) ;
#864 = VERTEX_POINT ( 'NONE', #306 ) ;
#865 = VECTOR ( 'NONE', #1285, 1000.000000000000000 ) ;
#866 = CARTESIAN_POINT ( 'NONE',  ( -9.784966757041834384, 3.599999999999999201, -4.683333333333326465 ) ) ;
#867 = CARTESIAN_POINT ( 'NONE',  ( 15.99999999999999289, 22.00000000000000000, -19.09999999999999076 ) ) ;
#868 = LINE ( 'NONE', #1224, #2151 ) ;
#869 = ORIENTED_EDGE ( 'NONE', *, *, #3366, .T. ) ;
#870 = FACE_OUTER_BOUND ( 'NONE', #1545, .T. ) ;
#871 = CARTESIAN_POINT ( 'NONE',  ( 18.00000000000000355, 21.59410370944288715, 19.36427947397065452 ) ) ;
#872 = CARTESIAN_POINT ( 'NONE',  ( -17.74038253259838527, 21.20464809199350853, -20.62471107638268109 ) ) ;
#873 = PLANE ( 'NONE',  #1597 ) ;
#874 = CARTESIAN_POINT ( 'NONE',  ( -12.25000000000000355, 9.099999999999999645, -21.09999999999999432 ) ) ;
#875 = EDGE_LOOP ( 'NONE', ( #3496, #1404, #263, #2510 ) ) ;
#876 = ORIENTED_EDGE ( 'NONE', *, *, #2910, .F. ) ;
#877 = CARTESIAN_POINT ( 'NONE',  ( -17.79289321881344677, 8.600000000000006750, 3.400000000000007461 ) ) ;
#878 = ADVANCED_FACE ( 'NONE', ( #2536 ), #2011, .T. ) ;
#879 = EDGE_CURVE ( 'NONE', #980, #2053, #2196, .T. ) ;
#880 = ORIENTED_EDGE ( 'NONE', *, *, #2585, .T. ) ;
#881 = CARTESIAN_POINT ( 'NONE',  ( -16.00000000000000000, 21.59410370944288005, -21.09999999999999432 ) ) ;
#882 = CARTESIAN_POINT ( 'NONE',  ( -1.900000000000003464, 4.100000000000000533, 21.60000000000000853 ) ) ;
#883 = COLOUR_RGB ( '',0.7921568627450980005, 0.8196078431372548767, 0.9333333333333333481 ) ;
#884 = ORIENTED_EDGE ( 'NONE', *, *, #3024, .F. ) ;
#885 = EDGE_CURVE ( 'NONE', #1642, #1875, #3381, .T. ) ;
#886 = CARTESIAN_POINT ( 'NONE',  ( 17.76640499832426556, 21.16400731508066357, -22.11544195096115928 ) ) ;
#887 = EDGE_CURVE ( 'NONE', #3299, #383, #868, .T. ) ;
#888 = AXIS2_PLACEMENT_3D ( 'NONE', #2455, #2423, #825 ) ;
#889 = CARTESIAN_POINT ( 'NONE',  ( 18.00000000000000711, 21.24999999999999645, -19.09999999999999076 ) ) ;
#890 = CARTESIAN_POINT ( 'NONE',  ( -16.00000000000000000, 19.78918494657904859, -21.09999999999999432 ) ) ;
#891 = ADVANCED_FACE ( 'NONE', ( #992, #3131 ), #2076, .T. ) ;
#892 = ORIENTED_EDGE ( 'NONE', *, *, #1636, .T. ) ;
#893 = ORIENTED_EDGE ( 'NONE', *, *, #3142, .T. ) ;
#894 = AXIS2_PLACEMENT_3D ( 'NONE', #3265, #259, #2961 ) ;
#895 = AXIS2_PLACEMENT_3D ( 'NONE', #1296, #3490, #1792 ) ;
#896 = DIRECTION ( 'NONE',  ( 0.000000000000000000, 0.000000000000000000, 1.000000000000000000 ) ) ;
#897 = CARTESIAN_POINT ( 'NONE',  ( 16.00000000000000355, 21.16400731508066002, 22.11544195096116994 ) ) ;
#898 = AXIS2_PLACEMENT_3D ( 'NONE', #1558, #1518, #3134 ) ;
#899 = CARTESIAN_POINT ( 'NONE',  ( 18.00000000000001066, 19.78918494657904859, 19.10000000000000497 ) ) ;
#900 = VECTOR ( 'NONE', #2682, 1000.000000000000000 ) ;
#901 = EDGE_LOOP ( 'NONE', ( #2905, #2797, #861, #2447 ) ) ;
#902 = DIRECTION ( 'NONE',  ( 1.000000000000000000, -0.000000000000000000, -1.508455196501571429E-16 ) ) ;
#903 = ADVANCED_FACE ( 'NONE', ( #3166 ), #79, .T. ) ;
#904 = CARTESIAN_POINT ( 'NONE',  ( 20.00000000000000000, 10.50000000000000178, -7.849999999999999645 ) ) ;
#905 = EDGE_CURVE ( 'NONE', #845, #1252, #2022, .T. ) ;
#906 = ORIENTED_EDGE ( 'NONE', *, *, #1284, .T. ) ;
#907 = CARTESIAN_POINT ( 'NONE',  ( 16.00000000000000000, 19.78918494657904859, -21.09999999999999787 ) ) ;
#908 = CARTESIAN_POINT ( 'NONE',  ( -18.00259871168719883, 21.20464809190585953, -20.25866437604110359 ) ) ;
#909 = CARTESIAN_POINT ( 'NONE',  ( -16.00000000000000000, 19.64999999999999858, -21.09999999999999432 ) ) ;
#910 = VERTEX_POINT ( 'NONE', #2317 ) ;
#911 = EDGE_LOOP ( 'NONE', ( #2562, #2700, #3063, #765, #3479, #2891, #1028, #1442 ) ) ;
#912 =( BOUNDED_CURVE ( )  B_SPLINE_CURVE ( 3, ( #3226, #244, #1855, #2669 ),
 .UNSPECIFIED., .F., .F. ) 
 B_SPLINE_CURVE_WITH_KNOTS ( ( 4, 4 ),
 ( -5.999999998389366315E-08, 0.003658013549184788681 ),
 .UNSPECIFIED. ) 
 CURVE ( )  GEOMETRIC_REPRESENTATION_ITEM ( )  RATIONAL_B_SPLINE_CURVE ( ( 1.000000000000000000, 0.8047378541243647154, 0.8047378541243647154, 1.000000000000000000 ) ) 
 REPRESENTATION_ITEM ( '' )  );
#913 = FACE_OUTER_BOUND ( 'NONE', #144, .T. ) ;
#914 = DIRECTION ( 'NONE',  ( -1.000000000000000000, 0.000000000000000000, 1.501925087425806872E-16 ) ) ;
#915 = PLANE ( 'NONE',  #369 ) ;
#916 = ORIENTED_EDGE ( 'NONE', *, *, #3458, .F. ) ;
#917 = EDGE_CURVE ( 'NONE', #467, #595, #1971, .T. ) ;
#918 = DIRECTION ( 'NONE',  ( -1.000000000000000000, 0.000000000000000000, 0.000000000000000000 ) ) ;
#919 = ORIENTED_EDGE ( 'NONE', *, *, #354, .F. ) ;
#920 = DIRECTION ( 'NONE',  ( 0.000000000000000000, 0.000000000000000000, 1.000000000000000000 ) ) ;
#921 = CIRCLE ( 'NONE', #1725, 1.999999999999998224 ) ;
#922 = CARTESIAN_POINT ( 'NONE',  ( 18.00000000000001066, 19.78918494657904859, 19.10000000000000497 ) ) ;
#923 = CARTESIAN_POINT ( 'NONE',  ( -6.500000000000002665, 3.600000000000000089, -18.59999999999999787 ) ) ;
#924 = DIRECTION ( 'NONE',  ( -1.000000000000000000, -0.000000000000000000, -0.000000000000000000 ) ) ;
#925 = EDGE_LOOP ( 'NONE', ( #3038, #1298, #1071, #3091, #926, #3111, #2600, #1615 ) ) ;
#926 = ORIENTED_EDGE ( 'NONE', *, *, #2995, .F. ) ;
#927 = DIRECTION ( 'NONE',  ( 0.000000000000000000, -1.000000000000000000, 0.000000000000000000 ) ) ;
#928 = CARTESIAN_POINT ( 'NONE',  ( -16.00000000000003553, 20.55698864586779706, -21.54711635226610156 ) ) ;
#929 = EDGE_LOOP ( 'NONE', ( #2283, #473, #3327, #184 ) ) ;
#930 = DIRECTION ( 'NONE',  ( -1.501925087425806872E-16, 0.000000000000000000, -1.000000000000000000 ) ) ;
#931 = CARTESIAN_POINT ( 'NONE',  ( 15.99999999999999645, 8.200000000000002842, -15.75000000000000000 ) ) ;
#932 = ORIENTED_EDGE ( 'NONE', *, *, #3275, .F. ) ;
#933 = DIRECTION ( 'NONE',  ( -1.000000000000000000, 0.000000000000000000, 0.000000000000000000 ) ) ;
#934 = ORIENTED_EDGE ( 'NONE', *, *, #3026, .T. ) ;
#935 = CARTESIAN_POINT ( 'NONE',  ( 18.44711635226611079, 20.55698864586779706, -19.09999999999999076 ) ) ;
#936 = CARTESIAN_POINT ( 'NONE',  ( 18.00000000000000711, 19.64999999999999858, -19.09999999999999076 ) ) ;
#937 = VECTOR ( 'NONE', #1834, 1000.000000000000000 ) ;
#938 = CARTESIAN_POINT ( 'NONE',  ( 16.00000000000000000, 2.000000000000001776, 21.10000000000000853 ) ) ;
#939 = DIRECTION ( 'NONE',  ( 1.188166764367676095E-16, 0.000000000000000000, 1.000000000000000000 ) ) ;
#940 = ORIENTED_EDGE ( 'NONE', *, *, #3017, .T. ) ;
#941 = ORIENTED_EDGE ( 'NONE', *, *, #346, .F. ) ;
#942 = CIRCLE ( 'NONE', #221, 0.5000000000000004441 ) ;
#943 = CARTESIAN_POINT ( 'NONE',  ( 15.99999999999999645, 21.20464809186999133, -21.40876227786208474 ) ) ;
#944 = CARTESIAN_POINT ( 'NONE',  ( -12.25000000000000355, 9.099999999999999645, -18.59999999999999787 ) ) ;
#945 = AXIS2_PLACEMENT_3D ( 'NONE', #2971, #1101, #2743 ) ;
#946 = AXIS2_PLACEMENT_3D ( 'NONE', #2109, #983, #2069 ) ;
#947 = ORIENTED_EDGE ( 'NONE', *, *, #2817, .T. ) ;
#948 = B_SPLINE_SURFACE_WITH_KNOTS ( 'NONE', 3, 1, ( 
 ( #1104, #36 ),
 ( #1123, #3123 ),
 ( #3101, #669 ),
 ( #2197, #897 ),
 ( #3415, #408 ) ),
 .UNSPECIFIED., .F., .F., .F.,
 ( 4, 1, 4 ),
 ( 2, 2 ),
 ( 0.000000000000000000, 0.3063616363167692702, 1.000000000000000000 ),
 ( 0.000000000000000000, 1.000000000000000000 ),
 .UNSPECIFIED. ) ;
#949 = CARTESIAN_POINT ( 'NONE',  ( -6.707106781186555011, 3.099999999999999645, 8.100000000000006750 ) ) ;
#950 = AXIS2_PLACEMENT_3D ( 'NONE', #483, #694, #709 ) ;
#951 = CARTESIAN_POINT ( 'NONE',  ( -17.49999999999999645, 3.099999999999999645, 8.100000000000006750 ) ) ;
#952 = ORIENTED_EDGE ( 'NONE', *, *, #758, .F. ) ;
#953 = AXIS2_PLACEMENT_3D ( 'NONE', #3181, #3217, #1564 ) ;
#954 = DIRECTION ( 'NONE',  ( 0.000000000000000000, -1.000000000000000000, 0.000000000000000000 ) ) ;
#955 = DIRECTION ( 'NONE',  ( -1.000000000000000000, 0.000000000000000000, 0.000000000000000000 ) ) ;
#956 = DIRECTION ( 'NONE',  ( 0.000000000000000000, 0.000000000000000000, 1.000000000000000000 ) ) ;
#957 = DIRECTION ( 'NONE',  ( -1.000000000000000000, 0.000000000000000000, 1.188166764367676095E-16 ) ) ;
#958 = ORIENTED_EDGE ( 'NONE', *, *, #1497, .T. ) ;
#959 = ORIENTED_EDGE ( 'NONE', *, *, #55, .T. ) ;
#960 = ADVANCED_FACE ( 'NONE', ( #964 ), #3043, .F. ) ;
#961 = DIRECTION ( 'NONE',  ( 0.000000000000000000, 0.000000000000000000, 1.000000000000000000 ) ) ;
#962 = DIRECTION ( 'NONE',  ( -0.000000000000000000, 1.000000000000000000, -0.000000000000000000 ) ) ;
#963 = ORIENTED_EDGE ( 'NONE', *, *, #2558, .T. ) ;
#964 = FACE_OUTER_BOUND ( 'NONE', #2008, .T. ) ;
#965 = EDGE_CURVE ( 'NONE', #1540, #1348, #38, .T. ) ;
#966 = CIRCLE ( 'NONE', #1891, 0.5000000000000004441 ) ;
#967 = EDGE_CURVE ( 'NONE', #399, #3341, #1871, .T. ) ;
#968 = ORIENTED_EDGE ( 'NONE', *, *, #2910, .T. ) ;
#969 = DIRECTION ( 'NONE',  ( 0.000000000000000000, 1.000000000000000000, 0.000000000000000000 ) ) ;
#970 = CARTESIAN_POINT ( 'NONE',  ( 20.00000000000000355, 22.00000000000000000, 19.10000000000000497 ) ) ;
#971 = CARTESIAN_POINT ( 'NONE',  ( -15.99999999999999645, 21.20464809186998423, 21.40876227786208830 ) ) ;
#972 = ADVANCED_FACE ( 'NONE', ( #2214 ), #2198, .T. ) ;
#973 = CARTESIAN_POINT ( 'NONE',  ( 0.000000000000000000, 22.00000000000000000, 0.000000000000000000 ) ) ;
#974 = ORIENTED_EDGE ( 'NONE', *, *, #3451, .F. ) ;
#975 = DIRECTION ( 'NONE',  ( 1.000000000000000000, 0.000000000000000000, 0.000000000000000000 ) ) ;
#976 = CIRCLE ( 'NONE', #690, 0.5000000000000004441 ) ;
#977 = DIRECTION ( 'NONE',  ( 0.000000000000000000, 0.000000000000000000, 1.000000000000000000 ) ) ;
#978 = LINE ( 'NONE', #938, #2872 ) ;
#979 = DIRECTION ( 'NONE',  ( 1.000000000000000000, 0.000000000000000000, 0.000000000000000000 ) ) ;
#980 = VERTEX_POINT ( 'NONE', #158 ) ;
#981 = EDGE_LOOP ( 'NONE', ( #8, #1160, #715, #1177 ) ) ;
#982 = LINE ( 'NONE', #437, #2980 ) ;
#983 = DIRECTION ( 'NONE',  ( 0.000000000000000000, -0.000000000000000000, 1.000000000000000000 ) ) ;
#984 = CARTESIAN_POINT ( 'NONE',  ( 18.30876227786208332, 21.20464809186998068, 19.10000000000000497 ) ) ;
#985 = ORIENTED_EDGE ( 'NONE', *, *, #967, .T. ) ;
#986 = PRESENTATION_STYLE_ASSIGNMENT (( #3436 ) ) ;
#987 = EDGE_CURVE ( 'NONE', #2212, #2451, #519, .T. ) ;
#988 = CARTESIAN_POINT ( 'NONE',  ( -7.000000000000003553, 3.600000000000000089, 2.900000000000006573 ) ) ;
#989 = ORIENTED_EDGE ( 'NONE', *, *, #1266, .F. ) ;
#990 = DIRECTION ( 'NONE',  ( 0.000000000000000000, -1.000000000000000000, 0.000000000000000000 ) ) ;
#991 = LINE ( 'NONE', #1782, #3117 ) ;
#992 = FACE_BOUND ( 'NONE', #3494, .T. ) ;
#993 = ORIENTED_EDGE ( 'NONE', *, *, #1457, .T. ) ;
#994 = CARTESIAN_POINT ( 'NONE',  ( 16.00000000000000000, 22.00000000000000000, 21.50000000000000355 ) ) ;
#995 = EDGE_CURVE ( 'NONE', #3373, #1257, #2912, .T. ) ;
#996 = CARTESIAN_POINT ( 'NONE',  ( -7.000000000000002665, 3.600000000000000089, 8.100000000000006750 ) ) ;
#997 = FACE_OUTER_BOUND ( 'NONE', #2649, .T. ) ;
#998 = CARTESIAN_POINT ( 'NONE',  ( 11.59999999999999609, 6.200000000000001066, 22.60000000000000853 ) ) ;
#999 = B_SPLINE_CURVE_WITH_KNOTS ( 'NONE', 3,
 ( #123, #688, #653, #1219, #372 ),
 .UNSPECIFIED., .F., .F.,
 ( 4, 1, 4 ),
 ( 0.000000000000000000, 0.3063616363167692702, 0.9162449681765262310 ),
 .UNSPECIFIED. ) ;
#1000 = ORIENTED_EDGE ( 'NONE', *, *, #1457, .F. ) ;
#1001 = DIRECTION ( 'NONE',  ( 0.000000000000000000, 0.000000000000000000, 1.000000000000000000 ) ) ;
#1002 = CARTESIAN_POINT ( 'NONE',  ( 15.99999999999999645, 21.20464809186999133, -21.40876227786208474 ) ) ;
#1003 = DIRECTION ( 'NONE',  ( 0.000000000000000000, 1.000000000000000000, 0.000000000000000000 ) ) ;
#1004 = EDGE_CURVE ( 'NONE', #1677, #378, #1339, .T. ) ;
#1005 = FACE_OUTER_BOUND ( 'NONE', #474, .T. ) ;
#1006 = ORIENTED_EDGE ( 'NONE', *, *, #1804, .T. ) ;
#1007 = DIRECTION ( 'NONE',  ( 0.000000000000000000, 0.000000000000000000, -1.000000000000000000 ) ) ;
#1008 = AXIS2_PLACEMENT_3D ( 'NONE', #1575, #3136, #172 ) ;
#1009 = AXIS2_PLACEMENT_3D ( 'NONE', #1916, #1648, #2722 ) ;
#1010 = ORIENTED_EDGE ( 'NONE', *, *, #2142, .T. ) ;
#1011 = AXIS2_PLACEMENT_3D ( 'NONE', #816, #1102, #2955 ) ;
#1012 = VECTOR ( 'NONE', #211, 1000.000000000000000 ) ;
#1013 = DIRECTION ( 'NONE',  ( 9.082321863752916905E-17, 0.000000000000000000, 1.000000000000000000 ) ) ;
#1014 = VERTEX_POINT ( 'NONE', #2353 ) ;
#1015 = CARTESIAN_POINT ( 'NONE',  ( 19.99999999999999645, 9.100000000000001421, -15.75000000000000000 ) ) ;
#1016 = EDGE_CURVE ( 'NONE', #88, #2991, #2128, .T. ) ;
#1017 = VECTOR ( 'NONE', #2061, 1000.000000000000000 ) ;
#1018 = ADVANCED_FACE ( 'NONE', ( #744 ), #3238, .T. ) ;
#1019 = FACE_OUTER_BOUND ( 'NONE', #1621, .T. ) ;
#1020 = CYLINDRICAL_SURFACE ( 'NONE', #2917, 1.000000000000000888 ) ;
#1021 = VECTOR ( 'NONE', #3505, 1000.000000000000000 ) ;
#1022 = ORIENTED_EDGE ( 'NONE', *, *, #1284, .F. ) ;
#1023 = EDGE_CURVE ( 'NONE', #1418, #837, #1420, .T. ) ;
#1024 = LINE ( 'NONE', #1233, #2819 ) ;
#1025 = CARTESIAN_POINT ( 'NONE',  ( 18.30876227786209043, 21.20464809186998423, -19.09999999999999076 ) ) ;
#1026 = LINE ( 'NONE', #233, #2433 ) ;
#1027 = CARTESIAN_POINT ( 'NONE',  ( 18.30876227786324861, 21.20464809186971777, 20.45244163007688698 ) ) ;
#1028 = ORIENTED_EDGE ( 'NONE', *, *, #2986, .T. ) ;
#1029 =( LENGTH_UNIT ( ) NAMED_UNIT ( * ) SI_UNIT ( .MILLI., .METRE. ) );
#1030 = FACE_OUTER_BOUND ( 'NONE', #3053, .T. ) ;
#1031 = ORIENTED_EDGE ( 'NONE', *, *, #309, .T. ) ;
#1032 = CARTESIAN_POINT ( 'NONE',  ( -6.500000000000002665, 9.099999999999999645, -21.09999999999999432 ) ) ;
#1033 = CARTESIAN_POINT ( 'NONE',  ( -15.99999999999999645, 0.000000000000000000, 23.10000000000000853 ) ) ;
#1034 = ORIENTED_EDGE ( 'NONE', *, *, #2728, .T. ) ;
#1035 = DIRECTION ( 'NONE',  ( 1.032573497605242347E-16, -1.000000000000000000, 0.000000000000000000 ) ) ;
#1036 = EDGE_CURVE ( 'NONE', #2294, #494, #2601, .T. ) ;
#1037 = CARTESIAN_POINT ( 'NONE',  ( -12.25000000000000355, -15.56376789673679539, -18.59999999999999787 ) ) ;
#1038 = VERTEX_POINT ( 'NONE', #1865 ) ;
#1039 = EDGE_CURVE ( 'NONE', #323, #3477, #1604, .T. ) ;
#1040 = VERTEX_POINT ( 'NONE', #1530 ) ;
#1041 = CARTESIAN_POINT ( 'NONE',  ( -9.291960108450199485, 3.600000000000000089, -5.099999999999993427 ) ) ;
#1042 = DIRECTION ( 'NONE',  ( 1.000000000000000000, 0.000000000000000000, 0.000000000000000000 ) ) ;
#1043 = PLANE ( 'NONE',  #953 ) ;
#1044 = ORIENTED_EDGE ( 'NONE', *, *, #1890, .F. ) ;
#1045 = CARTESIAN_POINT ( 'NONE',  ( 17.99999999999999645, 6.900000000000001243, -20.09999999999999432 ) ) ;
#1046 = CARTESIAN_POINT ( 'NONE',  ( 0.000000000000000000, 2.000000000000000000, 0.000000000000000000 ) ) ;
#1047 = MANIFOLD_SOLID_BREP ( 'Fillet8', #1300 ) ;
#1048 = ORIENTED_EDGE ( 'NONE', *, *, #1751, .F. ) ;
#1049 = ADVANCED_FACE ( 'NONE', ( #197 ), #495, .F. ) ;
#1050 = DIRECTION ( 'NONE',  ( -0.000000000000000000, -0.000000000000000000, 1.000000000000000000 ) ) ;
#1051 = EDGE_CURVE ( 'NONE', #3311, #2023, #1579, .T. ) ;
#1052 = CARTESIAN_POINT ( 'NONE',  ( 17.40799109904564190, 21.20464809183607002, 20.93588084441704567 ) ) ;
#1053 = VERTEX_POINT ( 'NONE', #2657 ) ;
#1054 = FACE_OUTER_BOUND ( 'NONE', #2211, .T. ) ;
#1055 =( BOUNDED_SURFACE ( )  B_SPLINE_SURFACE ( 3, 2, ( 
 ( #1669, #812, #1901 ),
 ( #599, #2427, #2190 ),
 ( #3325, #2984, #859 ),
 ( #3020, #2457, #1084 ),
 ( #1953, #32, #2223 ),
 ( #2999, #16, #1919 ),
 ( #1384, #335, #2446 ),
 ( #3037, #49, #1683 ),
 ( #1966, #3526, #1620 ),
 ( #322, #286, #1353 ),
 ( #2690, #1099, #268 ),
 ( #1371, #1115, #2166 ),
 ( #2758, #1157, #2492 ),
 ( #1403, #2178, #3270 ) ),
 .UNSPECIFIED., .F., .F., .T. ) 
 B_SPLINE_SURFACE_WITH_KNOTS ( ( 4, 2, 2, 2, 2, 2, 4 ),
 ( 3, 3 ),
 ( 0.001415333446682403695, 0.002353906421088495897, 0.002823192908291542215, 0.003292479395494588533, 0.003761765882697634851, 0.004231052369900681169, 0.005169625344306773805 ),
 ( 0.000000000000000000, 1.000000000000000000 ),
 .UNSPECIFIED. ) 
 GEOMETRIC_REPRESENTATION_ITEM ( )  RATIONAL_B_SPLINE_SURFACE ( (
 ( 1.000000000000000000, 0.7836116083063114912, 1.000000000000000000),
 ( 1.000000000000000000, 0.7836116083063114912, 1.000000000000000000),
 ( 1.000000000000000000, 0.7836116083063002780, 1.000000000000000000),
 ( 1.000000000000000000, 0.7836116083063002780, 1.000000000000000000),
 ( 1.000000000000000000, 0.7836116083060634674, 1.000000000000000000),
 ( 1.000000000000000000, 0.7836116083060634674, 1.000000000000000000),
 ( 1.000000000000000000, 0.7836116083063057181, 1.000000000000000000),
 ( 1.000000000000000000, 0.7836116083063057181, 1.000000000000000000),
 ( 1.000000000000000000, 0.7836116083062972804, 1.000000000000000000),
 ( 1.000000000000000000, 0.7836116083062972804, 1.000000000000000000),
 ( 1.000000000000000000, 0.7836116083063078275, 1.000000000000000000),
 ( 1.000000000000000000, 0.7836116083063078275, 1.000000000000000000),
 ( 1.000000000000000000, 0.7836116083063030535, 1.000000000000000000),
 ( 1.000000000000000000, 0.7836116083063030535, 1.000000000000000000) ) ) 
 REPRESENTATION_ITEM ( '' )  SURFACE ( )  );
#1056 = CARTESIAN_POINT ( 'NONE',  ( -17.32080387086670470, 21.59410370944261359, 20.60763250912327038 ) ) ;
#1057 = DIRECTION ( 'NONE',  ( 1.000000000000000000, 0.000000000000000000, 0.000000000000000000 ) ) ;
#1058 = VERTEX_POINT ( 'NONE', #1045 ) ;
#1059 = DIRECTION ( 'NONE',  ( -1.508455196501571429E-16, 0.000000000000000000, -1.000000000000000000 ) ) ;
#1060 = CARTESIAN_POINT ( 'NONE',  ( -18.39999999999999147, 22.00000000000000000, 19.10000000000000497 ) ) ;
#1061 = CYLINDRICAL_SURFACE ( 'NONE', #1427, 0.5000000000000004441 ) ;
#1062 = CARTESIAN_POINT ( 'NONE',  ( 17.99999999999999645, 4.900000000000001243, -19.09999999999999076 ) ) ;
#1063 = ORIENTED_EDGE ( 'NONE', *, *, #245, .T. ) ;
#1064 = CARTESIAN_POINT ( 'NONE',  ( -18.00000000000000355, 22.00000000000000000, -23.09999999999999432 ) ) ;
#1065 = CARTESIAN_POINT ( 'NONE',  ( -12.25000000000000178, 3.599999999999999201, -2.600000000000000089 ) ) ;
#1066 = DIRECTION ( 'NONE',  ( -0.000000000000000000, 1.000000000000000000, -0.000000000000000000 ) ) ;
#1067 = VECTOR ( 'NONE', #2930, 1000.000000000000000 ) ;
#1068 = AXIS2_PLACEMENT_3D ( 'NONE', #2444, #2406, #582 ) ;
#1069 = CARTESIAN_POINT ( 'NONE',  ( -18.00000000000000355, 19.64999999999999858, -19.09999999999999432 ) ) ;
#1070 = CARTESIAN_POINT ( 'NONE',  ( 16.88758547763830364, 21.59410370944342716, 20.89709251325986017 ) ) ;
#1071 = ORIENTED_EDGE ( 'NONE', *, *, #965, .F. ) ;
#1072 = CIRCLE ( 'NONE', #2589, 4.000000000000000000 ) ;
#1073 = CARTESIAN_POINT ( 'NONE',  ( 16.26427947397064244, 21.59410370944288005, -21.09999999999999076 ) ) ;
#1074 = AXIS2_PLACEMENT_3D ( 'NONE', #2470, #533, #565 ) ;
#1075 = CARTESIAN_POINT ( 'NONE',  ( 16.00000000000000000, 21.59410370944288005, 21.10000000000000853 ) ) ;
#1076 = CARTESIAN_POINT ( 'NONE',  ( -15.99999999999999645, 21.20464809186998423, 21.40876227786209185 ) ) ;
#1077 = ADVANCED_FACE ( 'NONE', ( #1299 ), #2112, .T. ) ;
#1078 = ORIENTED_EDGE ( 'NONE', *, *, #2785, .T. ) ;
#1079 = VECTOR ( 'NONE', #3046, 1000.000000000000000 ) ;
#1080 = FACE_OUTER_BOUND ( 'NONE', #2071, .T. ) ;
#1081 = FACE_OUTER_BOUND ( 'NONE', #1814, .T. ) ;
#1082 = AXIS2_PLACEMENT_3D ( 'NONE', #766, #2665, #2132 ) ;
#1083 = CARTESIAN_POINT ( 'NONE',  ( -7.000000000000004441, 9.099999999999999645, -4.599999999999992539 ) ) ;
#1084 = CARTESIAN_POINT ( 'NONE',  ( 16.88764779133181904, 21.59410370944315360, -20.89705990575363614 ) ) ;
#1085 = ORIENTED_EDGE ( 'NONE', *, *, #2269, .T. ) ;
#1086 = AXIS2_PLACEMENT_3D ( 'NONE', #1750, #957, #939 ) ;
#1087 = CARTESIAN_POINT ( 'NONE',  ( -18.00000000000000355, 9.099999999999999645, 2.900000000000022116 ) ) ;
#1088 = DIRECTION ( 'NONE',  ( 0.000000000000000000, 8.908452710415083754E-15, -1.000000000000000000 ) ) ;
#1089 = EDGE_CURVE ( 'NONE', #1795, #269, #2335, .T. ) ;
#1090 = CARTESIAN_POINT ( 'NONE',  ( -20.00000000000000355, 0.000000000000000000, -23.09999999999999432 ) ) ;
#1091 = CARTESIAN_POINT ( 'NONE',  ( 17.74038253259880804, 21.20464809199333089, 20.62471107638339873 ) ) ;
#1092 = ORIENTED_EDGE ( 'NONE', *, *, #2430, .F. ) ;
#1093 = CARTESIAN_POINT ( 'NONE',  ( 19.99999999999999645, 6.800000000000002487, -14.34999999999999964 ) ) ;
#1094 = CARTESIAN_POINT ( 'NONE',  ( -17.59035935577067278, 21.27698179471890327, 20.31969343708518849 ) ) ;
#1095 = EDGE_CURVE ( 'NONE', #1987, #3501, #2679, .T. ) ;
#1096 = ORIENTED_EDGE ( 'NONE', *, *, #3158, .F. ) ;
#1097 = DIRECTION ( 'NONE',  ( 0.000000000000000000, -1.000000000000000000, 0.000000000000000000 ) ) ;
#1098 = CARTESIAN_POINT ( 'NONE',  ( 11.59999999999999609, 4.100000000000000533, 21.60000000000000853 ) ) ;
#1099 = CARTESIAN_POINT ( 'NONE',  ( 17.79709251171707152, 21.27698179471808260, -19.98758547699856791 ) ) ;
#1100 = ORIENTED_EDGE ( 'NONE', *, *, #862, .T. ) ;
#1101 = DIRECTION ( 'NONE',  ( 0.000000000000000000, 1.000000000000000000, 0.000000000000000000 ) ) ;
#1102 = DIRECTION ( 'NONE',  ( -0.000000000000000000, -1.000000000000000000, -0.000000000000000000 ) ) ;
#1103 = VECTOR ( 'NONE', #3104, 1000.000000000000000 ) ;
#1104 = CARTESIAN_POINT ( 'NONE',  ( -15.99999999999999645, 19.64999999999999858, 21.10000000000001208 ) ) ;
#1105 = ADVANCED_FACE ( 'NONE', ( #2603 ), #1475, .T. ) ;
#1106 = CARTESIAN_POINT ( 'NONE',  ( 17.79705990575334695, 21.59410370944232938, 19.98764779133254876 ) ) ;
#1107 = ORIENTED_EDGE ( 'NONE', *, *, #3028, .T. ) ;
#1108 = CARTESIAN_POINT ( 'NONE',  ( 20.00000000000000355, 0.000000000000000000, 19.10000000000000497 ) ) ;
#1109 = CARTESIAN_POINT ( 'NONE',  ( 16.00000000000000355, 19.78918494657904859, 21.10000000000000853 ) ) ;
#1110 = CARTESIAN_POINT ( 'NONE',  ( -16.60338976717834214, 21.20464809103402004, 21.34916615626629266 ) ) ;
#1111 = ORIENTED_EDGE ( 'NONE', *, *, #1513, .T. ) ;
#1112 = DIRECTION ( 'NONE',  ( -1.000000000000000000, 0.000000000000000000, 1.508455196501571429E-16 ) ) ;
#1113 = CARTESIAN_POINT ( 'NONE',  ( -15.99999999999999289, 21.59410370944288005, 21.10000000000000853 ) ) ;
#1114 = DIRECTION ( 'NONE',  ( -1.000000000000000000, 0.000000000000000000, 0.000000000000000000 ) ) ;
#1115 = CARTESIAN_POINT ( 'NONE',  ( 17.94841791165536549, 21.27698179471973106, -19.62255677224402106 ) ) ;
#1116 = DIRECTION ( 'NONE',  ( -0.000000000000000000, 1.000000000000000000, -0.000000000000000000 ) ) ;
#1117 = ORIENTED_EDGE ( 'NONE', *, *, #1531, .F. ) ;
#1118 = EDGE_LOOP ( 'NONE', ( #2376, #2606, #3225, #2825, #1147, #1354, #247, #1848, #1598, #357, #2066, #2316, #371 ) ) ;
#1119 = LINE ( 'NONE', #588, #53 ) ;
#1120 = CARTESIAN_POINT ( 'NONE',  ( 0.000000000000000000, 9.099999999999999645, 0.000000000000000000 ) ) ;
#1121 = VECTOR ( 'NONE', #1957, 1000.000000000000000 ) ;
#1122 = EDGE_CURVE ( 'NONE', #2667, #2052, #2193, .T. ) ;
#1123 = CARTESIAN_POINT ( 'NONE',  ( -15.99999999999999645, 19.78918494657904859, 21.10000000000001208 ) ) ;
#1124 = DIRECTION ( 'NONE',  ( 1.501925087425806872E-16, 0.000000000000000000, 1.000000000000000000 ) ) ;
#1125 = EDGE_LOOP ( 'NONE', ( #3175, #208, #2204, #2496 ) ) ;
#1126 = DIRECTION ( 'NONE',  ( 0.000000000000000000, 0.000000000000000000, 1.000000000000000000 ) ) ;
#1127 = CIRCLE ( 'NONE', #1811, 0.4000000000000010214 ) ;
#1128 = LINE ( 'NONE', #3228, #2802 ) ;
#1129 = CARTESIAN_POINT ( 'NONE',  ( -16.00000000000000000, 22.00000000000000000, -21.49999999999999289 ) ) ;
#1130 = VECTOR ( 'NONE', #2437, 1000.000000000000000 ) ;
#1131 = ORIENTED_EDGE ( 'NONE', *, *, #1636, .F. ) ;
#1132 = EDGE_CURVE ( 'NONE', #3000, #2026, #1321, .T. ) ;
#1133 = CARTESIAN_POINT ( 'NONE',  ( -15.99999999999999645, 20.49268122259969260, 21.50966810795328144 ) ) ;
#1134 = CIRCLE ( 'NONE', #2035, 2.000000000000001776 ) ;
#1135 = CARTESIAN_POINT ( 'NONE',  ( 17.99999999999999645, 6.800000000000002487, -14.35000000000000142 ) ) ;
#1136 = ADVANCED_FACE ( 'NONE', ( #1259 ), #3478, .T. ) ;
#1137 = CARTESIAN_POINT ( 'NONE',  ( -1.400000000000003686, 6.200000000000001066, 22.60000000000000853 ) ) ;
#1138 = AXIS2_PLACEMENT_3D ( 'NONE', #2241, #3344, #896 ) ;
#1139 = LINE ( 'NONE', #2210, #2144 ) ;
#1140 = EDGE_LOOP ( 'NONE', ( #1634, #1695, #1670, #1553 ) ) ;
#1141 = ORIENTED_EDGE ( 'NONE', *, *, #1036, .T. ) ;
#1142 = DIRECTION ( 'NONE',  ( -0.000000000000000000, 1.000000000000000000, -0.000000000000000000 ) ) ;
#1143 = CIRCLE ( 'NONE', #1985, 2.000000000000001776 ) ;
#1144 = DIRECTION ( 'NONE',  ( 0.000000000000000000, -0.000000000000000000, 1.000000000000000000 ) ) ;
#1145 = VECTOR ( 'NONE', #819, 1000.000000000000000 ) ;
#1146 = DIRECTION ( 'NONE',  ( 0.000000000000000000, 0.000000000000000000, 1.000000000000000000 ) ) ;
#1147 = ORIENTED_EDGE ( 'NONE', *, *, #3307, .T. ) ;
#1148 = DIRECTION ( 'NONE',  ( 1.000000000000000000, 0.000000000000000000, -1.131341397376178572E-16 ) ) ;
#1149 = CARTESIAN_POINT ( 'NONE',  ( -16.00000000000000000, 21.59999999999999787, -21.49999999999999645 ) ) ;
#1150 = CARTESIAN_POINT ( 'NONE',  ( -16.00000000000000000, 9.099999999999999645, -21.09999999999999432 ) ) ;
#1151 = VERTEX_POINT ( 'NONE', #1065 ) ;
#1152 = CARTESIAN_POINT ( 'NONE',  ( 16.00000000000000000, 19.64999999999999858, -21.09999999999999787 ) ) ;
#1153 = ADVANCED_FACE ( 'NONE', ( #1030 ), #2113, .F. ) ;
#1154 = CARTESIAN_POINT ( 'NONE',  ( -18.00000000000000355, 21.24999999999999645, 19.10000000000000142 ) ) ;
#1155 =( BOUNDED_CURVE ( )  B_SPLINE_CURVE ( 3, ( #2409, #2634, #719, #195 ),
 .UNSPECIFIED., .F., .F. ) 
 B_SPLINE_CURVE_WITH_KNOTS ( ( 4, 4 ),
 ( -5.999999999430183195E-08, 0.003658013549184813400 ),
 .UNSPECIFIED. ) 
 CURVE ( )  GEOMETRIC_REPRESENTATION_ITEM ( )  RATIONAL_B_SPLINE_CURVE ( ( 1.000000000000000000, 0.8047378541243643824, 0.8047378541243643824, 1.000000000000000000 ) ) 
 REPRESENTATION_ITEM ( '' )  );
#1156 = ADVANCED_FACE ( 'NONE', ( #2072 ), #3202, .T. ) ;
#1157 = CARTESIAN_POINT ( 'NONE',  ( 18.00000000414137347, 21.27698179472303508, -19.36501320114139446 ) ) ;
#1158 = ORIENTED_EDGE ( 'NONE', *, *, #1415, .F. ) ;
#1159 = DIRECTION ( 'NONE',  ( 0.000000000000000000, 1.000000000000000000, 0.000000000000000000 ) ) ;
#1160 = ORIENTED_EDGE ( 'NONE', *, *, #2979, .T. ) ;
#1161 = DIRECTION ( 'NONE',  ( 0.000000000000000000, 0.000000000000000000, 1.000000000000000000 ) ) ;
#1162 = EDGE_CURVE ( 'NONE', #743, #1894, #521, .T. ) ;
#1163 = VERTEX_POINT ( 'NONE', #2658 ) ;
#1164 = CARTESIAN_POINT ( 'NONE',  ( 15.99999999999999645, 10.50000000000000178, -14.34999999999999964 ) ) ;
#1165 = EDGE_CURVE ( 'NONE', #2994, #3477, #464, .T. ) ;
#1166 = CARTESIAN_POINT ( 'NONE',  ( -6.500000000000002665, 9.099999999999999645, 3.400000000000007017 ) ) ;
#1167 = ORIENTED_EDGE ( 'NONE', *, *, #1656, .T. ) ;
#1168 = CARTESIAN_POINT ( 'NONE',  ( 18.00000000000000355, 19.64999999999999858, -19.09999999999999076 ) ) ;
#1169 = CARTESIAN_POINT ( 'NONE',  ( -17.21969343708516931, 21.27698179471942197, -20.69035935577037222 ) ) ;
#1170 = DIRECTION ( 'NONE',  ( 1.000000000000000000, -0.000000000000000000, -3.016910393003142859E-16 ) ) ;
#1171 = DIRECTION ( 'NONE',  ( 0.000000000000000000, -0.000000000000000000, -1.000000000000000000 ) ) ;
#1172 = ORIENTED_EDGE ( 'NONE', *, *, #2100, .T. ) ;
#1173 = VERTEX_POINT ( 'NONE', #1850 ) ;
#1174 = CYLINDRICAL_SURFACE ( 'NONE', #1138, 2.000000000000001776 ) ;
#1175 = ORIENTED_EDGE ( 'NONE', *, *, #1764, .T. ) ;
#1176 = EDGE_CURVE ( 'NONE', #2001, #1642, #2619, .T. ) ;
#1177 = ORIENTED_EDGE ( 'NONE', *, *, #1396, .T. ) ;
#1178 = CARTESIAN_POINT ( 'NONE',  ( -18.40966810795326936, 20.49268122259968905, 19.10000000000000142 ) ) ;
#1179 = LINE ( 'NONE', #2250, #1241 ) ;
#1180 = AXIS2_PLACEMENT_3D ( 'NONE', #2006, #3089, #3378 ) ;
#1181 = EDGE_LOOP ( 'NONE', ( #529, #932, #3528, #1488 ) ) ;
#1182 = CARTESIAN_POINT ( 'NONE',  ( -15.99999999999999289, 21.59999999999999787, 21.10000000000000853 ) ) ;
#1183 = FACE_OUTER_BOUND ( 'NONE', #1796, .T. ) ;
#1184 = EDGE_CURVE ( 'NONE', #1722, #2565, #2480, .T. ) ;
#1185 = VECTOR ( 'NONE', #2028, 1000.000000000000000 ) ;
#1186 = CYLINDRICAL_SURFACE ( 'NONE', #2605, 2.000000000000001776 ) ;
#1187 = DIRECTION ( 'NONE',  ( 0.000000000000000000, -1.000000000000000000, 0.000000000000000000 ) ) ;
#1188 = ORIENTED_EDGE ( 'NONE', *, *, #1733, .T. ) ;
#1189 = ORIENTED_EDGE ( 'NONE', *, *, #2662, .F. ) ;
#1190 = AXIS2_PLACEMENT_3D ( 'NONE', #2400, #3497, #786 ) ;
#1191 = AXIS2_PLACEMENT_3D ( 'NONE', #2331, #2085, #759 ) ;
#1192 = CARTESIAN_POINT ( 'NONE',  ( 16.00000000000000711, 0.000000000000000000, 23.10000000000000853 ) ) ;
#1193 = CARTESIAN_POINT ( 'NONE',  ( 12.09999999999999609, 4.100000000000000533, 21.60000000000000853 ) ) ;
#1194 = CIRCLE ( 'NONE', #950, 2.499999999999995115 ) ;
#1195 = PLANE ( 'NONE',  #2344 ) ;
#1196 = CIRCLE ( 'NONE', #2379, 2.000000000000001776 ) ;
#1197 = DIRECTION ( 'NONE',  ( 0.000000000000000000, 0.000000000000000000, -1.000000000000000000 ) ) ;
#1198 = EDGE_LOOP ( 'NONE', ( #557, #1685, #2901, #3200 ) ) ;
#1199 = FACE_OUTER_BOUND ( 'NONE', #2914, .T. ) ;
#1200 = VECTOR ( 'NONE', #2445, 1000.000000000000000 ) ;
#1201 = DIRECTION ( 'NONE',  ( 0.000000000000000000, -1.000000000000000000, 0.000000000000000000 ) ) ;
#1202 = VERTEX_POINT ( 'NONE', #745 ) ;
#1203 = DIRECTION ( 'NONE',  ( 1.000000000000000000, 0.000000000000000000, -1.084202172485504434E-16 ) ) ;
#1204 = CARTESIAN_POINT ( 'NONE',  ( -17.59024845256869085, 21.59410370944298307, -20.31984028399348219 ) ) ;
#1205 = CARTESIAN_POINT ( 'NONE',  ( 3.280890052390940317E-16, 9.099999999999999645, 2.900000000000019895 ) ) ;
#1206 = CARTESIAN_POINT ( 'NONE',  ( -18.00000000000000355, 9.099999999999999645, -18.59999999999999432 ) ) ;
#1207 = VERTEX_POINT ( 'NONE', #215 ) ;
#1208 = EDGE_LOOP ( 'NONE', ( #1131, #2046, #2131, #2624 ) ) ;
#1209 = DIRECTION ( 'NONE',  ( 0.000000000000000000, 0.000000000000000000, 1.000000000000000000 ) ) ;
#1210 = CARTESIAN_POINT ( 'NONE',  ( -16.00000000000003553, 21.24999999999999645, -21.09999999999999432 ) ) ;
#1211 = EDGE_LOOP ( 'NONE', ( #790, #331, #2245, #3222 ) ) ;
#1212 = LINE ( 'NONE', #2286, #342 ) ;
#1213 = ORIENTED_EDGE ( 'NONE', *, *, #1391, .T. ) ;
#1214 = CARTESIAN_POINT ( 'NONE',  ( -17.76640499832426556, 21.16400731508066002, 22.11544195096117704 ) ) ;
#1215 = DIRECTION ( 'NONE',  ( -0.000000000000000000, -1.000000000000000000, -0.000000000000000000 ) ) ;
#1216 = CARTESIAN_POINT ( 'NONE',  ( -1.400000000000003464, 4.100000000000000533, 22.60000000000000853 ) ) ;
#1217 = ORIENTED_EDGE ( 'NONE', *, *, #1269, .T. ) ;
#1218 = ORIENTED_EDGE ( 'NONE', *, *, #14, .F. ) ;
#1219 = CARTESIAN_POINT ( 'NONE',  ( 15.99999999999999645, 21.06119768739732834, -22.02109196514350486 ) ) ;
#1220 = DIRECTION ( 'NONE',  ( -1.000000000000000000, 0.000000000000000000, 3.016910393003142859E-16 ) ) ;
#1221 = ORIENTED_EDGE ( 'NONE', *, *, #2632, .F. ) ;
#1222 = DIRECTION ( 'NONE',  ( 1.000000000000000000, 0.000000000000000000, 0.000000000000000000 ) ) ;
#1223 = DIRECTION ( 'NONE',  ( 0.000000000000000000, 1.000000000000000000, 0.000000000000000000 ) ) ;
#1224 = CARTESIAN_POINT ( 'NONE',  ( 12.09999999999999254, 2.000000000000000000, 23.10000000000000853 ) ) ;
#1225 = EDGE_CURVE ( 'NONE', #203, #3291, #1134, .T. ) ;
#1226 = ORIENTED_EDGE ( 'NONE', *, *, #2158, .F. ) ;
#1227 = CARTESIAN_POINT ( 'NONE',  ( 18.30876227786209043, 21.20464809186998423, -19.09999999999999076 ) ) ;
#1228 = AXIS2_PLACEMENT_3D ( 'NONE', #2346, #2308, #3387 ) ;
#1229 = ADVANCED_FACE ( 'NONE', ( #779 ), #2395, .T. ) ;
#1230 = DIRECTION ( 'NONE',  ( 0.000000000000000000, 1.000000000000000000, 0.000000000000000000 ) ) ;
#1231 = DIRECTION ( 'NONE',  ( -0.000000000000000000, 1.000000000000000000, -0.000000000000000000 ) ) ;
#1232 = EDGE_LOOP ( 'NONE', ( #3167, #1505, #635, #2106, #2725 ) ) ;
#1233 = CARTESIAN_POINT ( 'NONE',  ( -18.00000000000000355, 21.59410370944287649, -23.09999999999999432 ) ) ;
#1234 = AXIS2_PLACEMENT_3D ( 'NONE', #809, #2469, #2981 ) ;
#1235 = EDGE_CURVE ( 'NONE', #3209, #2299, #1409, .T. ) ;
#1236 = DIRECTION ( 'NONE',  ( 0.000000000000000000, 0.000000000000000000, 1.000000000000000000 ) ) ;
#1237 = LINE ( 'NONE', #104, #3184 ) ;
#1238 = ORIENTED_EDGE ( 'NONE', *, *, #823, .F. ) ;
#1239 = AXIS2_PLACEMENT_3D ( 'NONE', #2495, #1159, #3272 ) ;
#1240 = EDGE_CURVE ( 'NONE', #1053, #277, #3395, .T. ) ;
#1241 = VECTOR ( 'NONE', #2271, 1000.000000000000000 ) ;
#1242 = VERTEX_POINT ( 'NONE', #3003 ) ;
#1243 = CARTESIAN_POINT ( 'NONE',  ( 19.99999999999999645, 22.00000000000000000, -23.09999999999999432 ) ) ;
#1244 = VECTOR ( 'NONE', #2435, 1000.000000000000000 ) ;
#1245 = DIRECTION ( 'NONE',  ( 1.000000000000000000, 0.000000000000000000, 0.000000000000000000 ) ) ;
#1246 = ORIENTED_EDGE ( 'NONE', *, *, #2401, .F. ) ;
#1247 = VECTOR ( 'NONE', #3206, 1000.000000000000000 ) ;
#1248 = CARTESIAN_POINT ( 'NONE',  ( 11.59999999999999609, 4.100000000000000533, 22.60000000000000853 ) ) ;
#1249 = CARTESIAN_POINT ( 'NONE',  ( 18.00000000000000355, 22.00000000000000000, 23.10000000000000853 ) ) ;
#1250 = LINE ( 'NONE', #2291, #81 ) ;
#1251 = EDGE_CURVE ( 'NONE', #1809, #301, #1402, .T. ) ;
#1252 = VERTEX_POINT ( 'NONE', #537 ) ;
#1253 = DIRECTION ( 'NONE',  ( -0.000000000000000000, 1.000000000000000000, 0.000000000000000000 ) ) ;
#1254 = DIRECTION ( 'NONE',  ( 0.000000000000000000, 0.000000000000000000, 1.000000000000000000 ) ) ;
#1255 = PLANE ( 'NONE',  #946 ) ;
#1256 = DIRECTION ( 'NONE',  ( 0.000000000000000000, 0.000000000000000000, 1.000000000000000000 ) ) ;
#1257 = VERTEX_POINT ( 'NONE', #1387 ) ;
#1258 = FILL_AREA_STYLE ('',( #1567 ) ) ;
#1259 = FACE_OUTER_BOUND ( 'NONE', #2820, .T. ) ;
#1260 = AXIS2_PLACEMENT_3D ( 'NONE', #1798, #2875, #1197 ) ;
#1261 =( BOUNDED_SURFACE ( )  B_SPLINE_SURFACE ( 3, 3, ( 
 ( #3256, #842, #2983, #3269 ),
 ( #1937, #3019, #1668, #2739 ),
 ( #321, #1484, #3324, #3081 ),
 ( #660, #2256, #1214, #3385 ),
 ( #1154, #402, #631, #2290 ) ),
 .UNSPECIFIED., .F., .F., .T. ) 
 B_SPLINE_SURFACE_WITH_KNOTS ( ( 4, 1, 4 ),
 ( 4, 4 ),
 ( 0.000000000000000000, 0.3063616363167692702, 1.000000000000000000 ),
 ( 0.000000000000000000, 1.000000000000000000 ),
 .UNSPECIFIED. ) 
 GEOMETRIC_REPRESENTATION_ITEM ( )  RATIONAL_B_SPLINE_SURFACE ( (
 ( 1.000000000000000000, 0.8047378541243643824, 0.8047378541243643824, 1.000000000000000000),
 ( 1.000000000000000000, 0.8047378541243643824, 0.8047378541243643824, 1.000000000000000000),
 ( 1.000000000000000000, 0.8047378541243643824, 0.8047378541243643824, 1.000000000000000000),
 ( 1.000000000000000000, 0.8047378541243643824, 0.8047378541243643824, 1.000000000000000000),
 ( 1.000000000000000000, 0.8047378541243643824, 0.8047378541243643824, 1.000000000000000000) ) ) 
 REPRESENTATION_ITEM ( '' )  SURFACE ( )  );
#1262 = EDGE_CURVE ( 'NONE', #94, #374, #159, .T. ) ;
#1263 = ORIENTED_EDGE ( 'NONE', *, *, #752, .F. ) ;
#1264 = DIRECTION ( 'NONE',  ( 0.000000000000000000, -1.000000000000000000, 0.000000000000000000 ) ) ;
#1265 = DIRECTION ( 'NONE',  ( 0.000000000000000000, 1.000000000000000000, 0.000000000000000000 ) ) ;
#1266 = EDGE_CURVE ( 'NONE', #1267, #2294, #1860, .T. ) ;
#1267 = VERTEX_POINT ( 'NONE', #1635 ) ;
#1268 = DIRECTION ( 'NONE',  ( -1.000000000000000000, -0.000000000000000000, 1.131341397376178572E-16 ) ) ;
#1269 = EDGE_CURVE ( 'NONE', #2418, #1987, #1304, .T. ) ;
#1270 = CARTESIAN_POINT ( 'NONE',  ( -16.26501320114304150, 21.27698179473076223, -21.10000000414579446 ) ) ;
#1271 = DIRECTION ( 'NONE',  ( -0.000000000000000000, -0.000000000000000000, 1.000000000000000000 ) ) ;
#1272 = FACE_OUTER_BOUND ( 'NONE', #3160, .T. ) ;
#1273 = VERTEX_POINT ( 'NONE', #1087 ) ;
#1274 = CARTESIAN_POINT ( 'NONE',  ( 16.00000000000000000, 6.800000000000002487, -7.849999999999999645 ) ) ;
#1275 = CIRCLE ( 'NONE', #3203, 4.000000000000000000 ) ;
#1276 = CARTESIAN_POINT ( 'NONE',  ( 18.00000000000000355, 22.00000000000000000, 19.10000000000000497 ) ) ;
#1277 = CARTESIAN_POINT ( 'NONE',  ( 17.35244163007688911, 21.20464809186971777, 21.40876227786323938 ) ) ;
#1278 = ORIENTED_EDGE ( 'NONE', *, *, #2745, .F. ) ;
#1279 = DIRECTION ( 'NONE',  ( 1.000000000000000000, 0.000000000000000000, 0.000000000000000000 ) ) ;
#1280 = CARTESIAN_POINT ( 'NONE',  ( 0.000000000000000000, 19.64999999999999858, -21.09999999999999432 ) ) ;
#1281 = EDGE_CURVE ( 'NONE', #277, #1207, #2168, .T. ) ;
#1282 = ADVANCED_FACE ( 'NONE', ( #815 ), #226, .T. ) ;
#1283 = ORIENTED_EDGE ( 'NONE', *, *, #3275, .T. ) ;
#1284 = EDGE_CURVE ( 'NONE', #427, #3076, #1119, .T. ) ;
#1285 = DIRECTION ( 'NONE',  ( -1.000000000000000000, 0.000000000000000000, 0.000000000000000000 ) ) ;
#1286 =( BOUNDED_SURFACE ( )  B_SPLINE_SURFACE ( 3, 3, ( 
 ( #2547, #1527, #2296, #3073 ),
 ( #1794, #1455, #689, #2315 ),
 ( #928, #2869, #638, #1720 ),
 ( #3363, #2281, #1990, #124 ),
 ( #1210, #654, #3087, #1490 ) ),
 .UNSPECIFIED., .F., .F., .T. ) 
 B_SPLINE_SURFACE_WITH_KNOTS ( ( 4, 1, 4 ),
 ( 4, 4 ),
 ( 0.000000000000000000, 0.3063616363167692702, 1.000000000000000000 ),
 ( 0.000000000000000000, 1.000000000000000000 ),
 .UNSPECIFIED. ) 
 GEOMETRIC_REPRESENTATION_ITEM ( )  RATIONAL_B_SPLINE_SURFACE ( (
 ( 1.000000000000000000, 0.8047378541243647154, 0.8047378541243647154, 1.000000000000000000),
 ( 1.000000000000000000, 0.8047378541243647154, 0.8047378541243647154, 1.000000000000000000),
 ( 1.000000000000000000, 0.8047378541243647154, 0.8047378541243647154, 1.000000000000000000),
 ( 1.000000000000000000, 0.8047378541243647154, 0.8047378541243647154, 1.000000000000000000),
 ( 1.000000000000000000, 0.8047378541243647154, 0.8047378541243647154, 1.000000000000000000) ) ) 
 REPRESENTATION_ITEM ( '' )  SURFACE ( )  );
#1287 = DIRECTION ( 'NONE',  ( 0.000000000000000000, 0.000000000000000000, 1.000000000000000000 ) ) ;
#1288 = ORIENTED_EDGE ( 'NONE', *, *, #1036, .F. ) ;
#1289 = DIRECTION ( 'NONE',  ( 0.000000000000000000, 1.000000000000000000, -0.000000000000000000 ) ) ;
#1290 = CARTESIAN_POINT ( 'NONE',  ( -16.00000000000002842, 21.59410370944287294, -21.09999999999999787 ) ) ;
#1291 = CARTESIAN_POINT ( 'NONE',  ( 0.000000000000000000, 21.59410370944288360, -21.09999999999999432 ) ) ;
#1292 = VERTEX_POINT ( 'NONE', #325 ) ;
#1293 = ORIENTED_EDGE ( 'NONE', *, *, #717, .T. ) ;
#1294 = CARTESIAN_POINT ( 'NONE',  ( 0.000000000000000000, 19.78918494657904859, -21.09999999999999432 ) ) ;
#1295 = AXIS2_PLACEMENT_3D ( 'NONE', #2618, #1279, #3455 ) ;
#1296 = CARTESIAN_POINT ( 'NONE',  ( 12.09999999999999609, 4.100000000000000533, 22.60000000000000853 ) ) ;
#1297 = DIRECTION ( 'NONE',  ( -0.000000000000000000, 1.000000000000000000, -0.000000000000000000 ) ) ;
#1298 = ORIENTED_EDGE ( 'NONE', *, *, #1535, .T. ) ;
#1299 = FACE_OUTER_BOUND ( 'NONE', #1125, .T. ) ;
#1300 = CLOSED_SHELL ( 'NONE', ( #20, #1616, #2068, #3156, #274, #260, #1018, #1907, #2517, #2746, #2164, #863, #2694, #681, #1684, #2249, #778, #120, #2083, #1229, #1830, #1975, #524, #150, #89, #891, #1623, #1077, #1793, #3423, #3127, #2506, #1898, #1628, #2513, #3525, #240, #1049, #3337, #2769, #2784, #960, #746, #3282, #91, #130, #663, #1659, #3508, #2491, #2324, #3386, #2009, #972, #1351, #57, #2229, #3409, #2664, #1777, #3421, #3120, #1105, #2383, #3052, #1870, #2384, #248, #3074, #1282, #2285, #2712, #1778, #1640, #3503, #2355, #2514, #903, #3312, #276, #2889, #2528, #1320, #1156, #2415, #1153, #1136, #1550, #3289, #2019, #1970, #682, #878, #2374, #1493, #292, #1721, #2896, #1444, #350, #3464, #548, #2125, #2336, #1608 ) ) ;
#1301 = DIRECTION ( 'NONE',  ( 0.000000000000000000, 0.000000000000000000, 1.000000000000000000 ) ) ;
#1302 = ORIENTED_EDGE ( 'NONE', *, *, #1917, .T. ) ;
#1303 = EDGE_CURVE ( 'NONE', #1242, #2225, #1407, .T. ) ;
#1304 = CIRCLE ( 'NONE', #3294, 0.5000000000000004441 ) ;
#1305 = CARTESIAN_POINT ( 'NONE',  ( -12.25000000000000178, -15.56376789673679539, -2.600000000000000089 ) ) ;
#1306 = VECTOR ( 'NONE', #1805, 1000.000000000000000 ) ;
#1307 = DIRECTION ( 'NONE',  ( 0.000000000000000000, 0.000000000000000000, -1.000000000000000000 ) ) ;
#1308 = ORIENTED_EDGE ( 'NONE', *, *, #1764, .F. ) ;
#1309 = CARTESIAN_POINT ( 'NONE',  ( 16.00000000000000000, 21.59999999999999787, 21.50000000000000355 ) ) ;
#1310 = AXIS2_PLACEMENT_3D ( 'NONE', #3152, #3429, #979 ) ;
#1311 = LINE ( 'NONE', #2385, #1755 ) ;
#1312 = DIRECTION ( 'NONE',  ( 0.000000000000000000, 0.000000000000000000, 1.000000000000000000 ) ) ;
#1313 = VECTOR ( 'NONE', #1297, 1000.000000000000000 ) ;
#1314 = ORIENTED_EDGE ( 'NONE', *, *, #1382, .F. ) ;
#1315 = DIRECTION ( 'NONE',  ( -0.000000000000000000, 1.000000000000000000, -0.000000000000000000 ) ) ;
#1316 = LINE ( 'NONE', #1370, #1200 ) ;
#1317 = DIRECTION ( 'NONE',  ( -1.000000000000000000, -0.000000000000000000, -0.000000000000000000 ) ) ;
#1318 = ORIENTED_EDGE ( 'NONE', *, *, #2449, .T. ) ;
#1319 = CARTESIAN_POINT ( 'NONE',  ( -6.500000000000002665, 3.600000000000000089, -5.099999999999993427 ) ) ;
#1320 = ADVANCED_FACE ( 'NONE', ( #3313 ), #1458, .T. ) ;
#1321 = LINE ( 'NONE', #1584, #937 ) ;
#1322 = EDGE_CURVE ( 'NONE', #1968, #395, #411, .T. ) ;
#1323 = ORIENTED_EDGE ( 'NONE', *, *, #2297, .F. ) ;
#1324 = CARTESIAN_POINT ( 'NONE',  ( 18.00000000000000355, 21.59999999999999787, 23.10000000000000853 ) ) ;
#1325 = CARTESIAN_POINT ( 'NONE',  ( 17.52453870176195849, 21.20464809174663756, 20.84053353254497765 ) ) ;
#1326 = VERTEX_POINT ( 'NONE', #3103 ) ;
#1327 = CARTESIAN_POINT ( 'NONE',  ( -19.99999999999999645, 21.59410370944288005, 21.10000000000000853 ) ) ;
#1328 = CARTESIAN_POINT ( 'NONE',  ( 16.00000000000000355, 21.24999999999999645, 21.10000000000000853 ) ) ;
#1329 = CARTESIAN_POINT ( 'NONE',  ( -16.30576825399703367, 21.20464809086344360, 21.40876228215858035 ) ) ;
#1330 = CARTESIAN_POINT ( 'NONE',  ( -18.00000000000000355, 3.600000000000000089, -5.599999999999994316 ) ) ;
#1331 = ORIENTED_EDGE ( 'NONE', *, *, #365, .F. ) ;
#1332 = CARTESIAN_POINT ( 'NONE',  ( -16.00000000000000000, 21.59999999999999787, -21.09999999999999432 ) ) ;
#1333 = B_SPLINE_CURVE_WITH_KNOTS ( 'NONE', 3,
 ( #45, #302, #3502, #1381, #2688 ),
 .UNSPECIFIED., .F., .F.,
 ( 4, 1, 4 ),
 ( 0.000000000000000000, 0.3063616363167692702, 0.9162449681765281184 ),
 .UNSPECIFIED. ) ;
#1334 = DIRECTION ( 'NONE',  ( -1.000000000000000000, 0.000000000000000000, 0.000000000000000000 ) ) ;
#1335 = LINE ( 'NONE', #438, #844 ) ;
#1336 = DIRECTION ( 'NONE',  ( 0.000000000000000000, 0.000000000000000000, -1.000000000000000000 ) ) ;
#1337 = LINE ( 'NONE', #3506, #1741 ) ;
#1338 = ORIENTED_EDGE ( 'NONE', *, *, #3318, .F. ) ;
#1339 = LINE ( 'NONE', #1319, #2140 ) ;
#1340 = CARTESIAN_POINT ( 'NONE',  ( -18.00000000000000355, 3.600000000000000089, -21.09999999999999432 ) ) ;
#1341 = CARTESIAN_POINT ( 'NONE',  ( -16.00000000000000000, 20.49268122259968550, -21.50966810795325301 ) ) ;
#1342 = EDGE_CURVE ( 'NONE', #513, #980, #2564, .T. ) ;
#1343 = LINE ( 'NONE', #2989, #2602 ) ;
#1344 = ORIENTED_EDGE ( 'NONE', *, *, #2798, .T. ) ;
#1345 = CARTESIAN_POINT ( 'NONE',  ( -15.99999999999999289, 21.59410370944288005, 21.10000000000000853 ) ) ;
#1346 = CARTESIAN_POINT ( 'NONE',  ( -17.21984028399360867, 21.59410370944216595, 20.69024845256858569 ) ) ;
#1347 = EDGE_CURVE ( 'NONE', #595, #1722, #3442, .T. ) ;
#1348 = VERTEX_POINT ( 'NONE', #145 ) ;
#1349 = CARTESIAN_POINT ( 'NONE',  ( -1.900000000000002354, 4.099999999999999645, 21.10000000000000853 ) ) ;
#1350 = FACE_OUTER_BOUND ( 'NONE', #561, .T. ) ;
#1351 = ADVANCED_FACE ( 'NONE', ( #676 ), #2898, .T. ) ;
#1352 = DIRECTION ( 'NONE',  ( 1.501925087425806872E-16, 0.000000000000000000, 1.000000000000000000 ) ) ;
#1353 = CARTESIAN_POINT ( 'NONE',  ( 17.73485103493508674, 21.59410370944261714, -20.10358699025636042 ) ) ;
#1354 = ORIENTED_EDGE ( 'NONE', *, *, #2430, .T. ) ;
#1355 = EDGE_CURVE ( 'NONE', #1038, #592, #707, .T. ) ;
#1356 = CARTESIAN_POINT ( 'NONE',  ( -18.00000000000000355, 22.00000000000000000, -23.09999999999999432 ) ) ;
#1357 = EDGE_CURVE ( 'NONE', #1242, #743, #2874, .T. ) ;
#1358 = VECTOR ( 'NONE', #596, 1000.000000000000000 ) ;
#1359 = CARTESIAN_POINT ( 'NONE',  ( -6.500000000000002665, 3.600000000000000089, 3.400000000000007017 ) ) ;
#1360 = CARTESIAN_POINT ( 'NONE',  ( 17.99999999999998579, 21.27698179471861550, 19.10000000000000142 ) ) ;
#1361 = ORIENTED_EDGE ( 'NONE', *, *, #3041, .F. ) ;
#1362 = CIRCLE ( 'NONE', #2881, 1.000000000000000888 ) ;
#1363 = CARTESIAN_POINT ( 'NONE',  ( -15.99999999999999289, 21.59410370944288005, 21.50000000000000711 ) ) ;
#1364 = AXIS2_PLACEMENT_3D ( 'NONE', #2512, #621, #1441 ) ;
#1365 = CARTESIAN_POINT ( 'NONE',  ( -17.40816061643621637, 21.20464809183402366, 20.93575281998741389 ) ) ;
#1366 = ORIENTED_EDGE ( 'NONE', *, *, #3451, .T. ) ;
#1367 = FACE_OUTER_BOUND ( 'NONE', #1927, .T. ) ;
#1368 = CARTESIAN_POINT ( 'NONE',  ( 16.00000000000000000, 19.64999999999999858, -21.09999999999999432 ) ) ;
#1369 = VECTOR ( 'NONE', #2724, 1000.000000000000000 ) ;
#1370 = CARTESIAN_POINT ( 'NONE',  ( 0.000000000000000000, 22.00000000000000000, -21.49999999999999645 ) ) ;
#1371 = CARTESIAN_POINT ( 'NONE',  ( 18.24921688778412943, 21.20464809101389037, -19.70322968182171763 ) ) ;
#1372 = ORIENTED_EDGE ( 'NONE', *, *, #1866, .T. ) ;
#1373 = CARTESIAN_POINT ( 'NONE',  ( -6.500000000000002665, 9.099999999999999645, -5.099999999999993427 ) ) ;
#1374 = DIRECTION ( 'NONE',  ( 1.000000000000000000, 0.000000000000000000, -1.501925087425806872E-16 ) ) ;
#1375 = CARTESIAN_POINT ( 'NONE',  ( -16.00000000000000000, 21.59410370944292623, -21.49999999999979750 ) ) ;
#1376 = ORIENTED_EDGE ( 'NONE', *, *, #2596, .F. ) ;
#1377 = DIRECTION ( 'NONE',  ( -1.501925087425806872E-16, 0.000000000000000000, -1.000000000000000000 ) ) ;
#1378 = DIRECTION ( 'NONE',  ( 0.000000000000000000, 1.000000000000000000, 0.000000000000000000 ) ) ;
#1379 =( BOUNDED_CURVE ( )  B_SPLINE_CURVE ( 3, ( #1025, #2139, #210, #1002 ),
 .UNSPECIFIED., .F., .F. ) 
 B_SPLINE_CURVE_WITH_KNOTS ( ( 4, 4 ),
 ( -5.999999998736301745E-08, 0.003658013549184806895 ),
 .UNSPECIFIED. ) 
 CURVE ( )  GEOMETRIC_REPRESENTATION_ITEM ( )  RATIONAL_B_SPLINE_CURVE ( ( 1.000000000000000000, 0.8047378541243647154, 0.8047378541243647154, 1.000000000000000000 ) ) 
 REPRESENTATION_ITEM ( '' )  );
#1380 = ORIENTED_EDGE ( 'NONE', *, *, #1935, .F. ) ;
#1381 = CARTESIAN_POINT ( 'NONE',  ( 16.00000000000000355, 21.06119768739733189, 22.02109196514351197 ) ) ;
#1382 = EDGE_CURVE ( 'NONE', #1653, #2855, #2843, .T. ) ;
#1383 = CARTESIAN_POINT ( 'NONE',  ( -18.40000000000000213, 21.59999999999999787, -23.09999999999999432 ) ) ;
#1384 = CARTESIAN_POINT ( 'NONE',  ( 17.52471107638334047, 21.20464809199353340, -20.84038253259763707 ) ) ;
#1385 = ORIENTED_EDGE ( 'NONE', *, *, #1039, .T. ) ;
#1386 = ORIENTED_EDGE ( 'NONE', *, *, #1281, .T. ) ;
#1387 = CARTESIAN_POINT ( 'NONE',  ( 18.40000000000000213, 22.00000000000000000, 19.10000000000000497 ) ) ;
#1388 = EDGE_CURVE ( 'NONE', #1690, #1875, #2094, .T. ) ;
#1389 = CARTESIAN_POINT ( 'NONE',  ( -16.00000000000000000, 19.78918494657904859, -21.09999999999999076 ) ) ;
#1390 = CIRCLE ( 'NONE', #3377, 2.000000000000001776 ) ;
#1391 = EDGE_CURVE ( 'NONE', #1903, #2942, #1766, .T. ) ;
#1392 = CARTESIAN_POINT ( 'NONE',  ( -6.500000000000002665, 2.000000000000000000, 7.600000000000005862 ) ) ;
#1393 = EDGE_CURVE ( 'NONE', #569, #88, #178, .T. ) ;
#1394 = ORIENTED_EDGE ( 'NONE', *, *, #857, .T. ) ;
#1395 = FACE_OUTER_BOUND ( 'NONE', #3330, .T. ) ;
#1396 = EDGE_CURVE ( 'NONE', #513, #546, #2839, .T. ) ;
#1397 = CARTESIAN_POINT ( 'NONE',  ( 18.00000000000001066, 21.24999999999999645, 20.27157287525381335 ) ) ;
#1398 = CARTESIAN_POINT ( 'NONE',  ( -16.26487634250815972, 21.27698179472523776, 21.10000000393358022 ) ) ;
#1399 = ORIENTED_EDGE ( 'NONE', *, *, #1347, .F. ) ;
#1400 = CARTESIAN_POINT ( 'NONE',  ( -15.99999999999999645, 19.78918494657904859, 21.10000000000001563 ) ) ;
#1401 = CYLINDRICAL_SURFACE ( 'NONE', #1074, 2.000000000000001776 ) ;
#1402 =( BOUNDED_CURVE ( )  B_SPLINE_CURVE ( 3, ( #3040, #308, #877, #71 ),
 .UNSPECIFIED., .F., .T. ) 
 B_SPLINE_CURVE_WITH_KNOTS ( ( 4, 4 ),
 ( 1.570796326794896780, 3.141592653589793116 ),
 .UNSPECIFIED. ) 
 CURVE ( )  GEOMETRIC_REPRESENTATION_ITEM ( )  RATIONAL_B_SPLINE_CURVE ( ( 1.000000000000000000, 0.8047378541243650485, 0.8047378541243650485, 1.000000000000000000 ) ) 
 REPRESENTATION_ITEM ( '' )  );
#1403 = CARTESIAN_POINT ( 'NONE',  ( 18.30876227786207977, 21.20464809186998423, -19.09999999999999076 ) ) ;
#1404 = ORIENTED_EDGE ( 'NONE', *, *, #3170, .T. ) ;
#1405 = LINE ( 'NONE', #3022, #836 ) ;
#1406 = ORIENTED_EDGE ( 'NONE', *, *, #3285, .F. ) ;
#1407 = LINE ( 'NONE', #2476, #2951 ) ;
#1408 = DIRECTION ( 'NONE',  ( -0.000000000000000000, -1.000000000000000000, -0.000000000000000000 ) ) ;
#1409 = CIRCLE ( 'NONE', #1688, 2.399999999999999467 ) ;
#1410 = EDGE_CURVE ( 'NONE', #494, #2741, #1622, .T. ) ;
#1411 = DIRECTION ( 'NONE',  ( 1.000000000000000000, 0.000000000000000000, -1.508455196501571429E-16 ) ) ;
#1412 = ORIENTED_EDGE ( 'NONE', *, *, #1682, .T. ) ;
#1413 = CARTESIAN_POINT ( 'NONE',  ( -15.99999999999999645, 22.00000000000000000, 19.10000000000000853 ) ) ;
#1414 = CIRCLE ( 'NONE', #2247, 0.4000000000000010214 ) ;
#1415 = EDGE_CURVE ( 'NONE', #1038, #1626, #1780, .T. ) ;
#1416 = PLANE ( 'NONE',  #514 ) ;
#1417 = AXIS2_PLACEMENT_3D ( 'NONE', #1908, #1607, #589 ) ;
#1418 = VERTEX_POINT ( 'NONE', #2856 ) ;
#1419 = CARTESIAN_POINT ( 'NONE',  ( 16.00000000000000000, 21.24999999999999645, -21.09999999999999787 ) ) ;
#1420 = CIRCLE ( 'NONE', #3280, 0.4000000000000010214 ) ;
#1421 = CARTESIAN_POINT ( 'NONE',  ( -9.784966757041834384, -15.56376789673679539, -4.683333333333326465 ) ) ;
#1422 = DIRECTION ( 'NONE',  ( 0.000000000000000000, 1.000000000000000000, 0.000000000000000000 ) ) ;
#1423 = DIRECTION ( 'NONE',  ( 0.000000000000000000, -1.000000000000000000, 0.000000000000000000 ) ) ;
#1424 = ORIENTED_EDGE ( 'NONE', *, *, #995, .T. ) ;
#1425 = ORIENTED_EDGE ( 'NONE', *, *, #602, .F. ) ;
#1426 = DIRECTION ( 'NONE',  ( 0.000000000000000000, 0.000000000000000000, 1.000000000000000000 ) ) ;
#1427 = AXIS2_PLACEMENT_3D ( 'NONE', #2086, #1832, #2948 ) ;
#1428 = EDGE_CURVE ( 'NONE', #1642, #2944, #921, .T. ) ;
#1429 = ORIENTED_EDGE ( 'NONE', *, *, #3426, .F. ) ;
#1430 = CARTESIAN_POINT ( 'NONE',  ( -7.000000000000002665, 8.600000000000006750, 3.400000000000007017 ) ) ;
#1431 = CARTESIAN_POINT ( 'NONE',  ( 19.99999999999999645, 8.200000000000002842, -15.75000000000000000 ) ) ;
#1432 = VERTEX_POINT ( 'NONE', #3144 ) ;
#1433 = CARTESIAN_POINT ( 'NONE',  ( 18.00000000000000711, 21.24999999999999645, -20.27157287525380625 ) ) ;
#1434 = CIRCLE ( 'NONE', #1712, 0.5000000000000004441 ) ;
#1435 = CARTESIAN_POINT ( 'NONE',  ( 17.94819721875413165, 21.59410370944292978, 19.62328586973900713 ) ) ;
#1436 = FACE_OUTER_BOUND ( 'NONE', #658, .T. ) ;
#1437 = DIRECTION ( 'NONE',  ( -1.000000000000000000, 0.000000000000000000, 1.131341397376178572E-16 ) ) ;
#1438 = DIRECTION ( 'NONE',  ( -0.000000000000000000, -0.000000000000000000, 1.000000000000000000 ) ) ;
#1439 = ORIENTED_EDGE ( 'NONE', *, *, #3413, .T. ) ;
#1440 = ORIENTED_EDGE ( 'NONE', *, *, #2079, .T. ) ;
#1441 = DIRECTION ( 'NONE',  ( 0.000000000000000000, 0.000000000000000000, -1.000000000000000000 ) ) ;
#1442 = ORIENTED_EDGE ( 'NONE', *, *, #2857, .T. ) ;
#1443 = CARTESIAN_POINT ( 'NONE',  ( -18.00000000000000355, 19.78918494657904859, 19.10000000000000142 ) ) ;
#1444 = ADVANCED_FACE ( 'NONE', ( #3163 ), #1554, .T. ) ;
#1445 = DIRECTION ( 'NONE',  ( 0.000000000000000000, 0.000000000000000000, 1.000000000000000000 ) ) ;
#1446 = ORIENTED_EDGE ( 'NONE', *, *, #1357, .F. ) ;
#1447 = CARTESIAN_POINT ( 'NONE',  ( -18.30876227786208332, 21.20464809186998778, -19.09999999999999432 ) ) ;
#1448 = DIRECTION ( 'NONE',  ( 0.000000000000000000, 0.000000000000000000, -1.000000000000000000 ) ) ;
#1449 = CARTESIAN_POINT ( 'NONE',  ( -17.94837396471126922, 21.27698179471972040, -19.62269544858682124 ) ) ;
#1450 = CARTESIAN_POINT ( 'NONE',  ( -17.49999999999999645, 9.099999999999999645, -5.099999999999993427 ) ) ;
#1451 = DIRECTION ( 'NONE',  ( 0.000000000000000000, 1.000000000000000000, 8.673617379884013384E-15 ) ) ;
#1452 = ORIENTED_EDGE ( 'NONE', *, *, #2782, .T. ) ;
#1453 = ORIENTED_EDGE ( 'NONE', *, *, #1176, .F. ) ;
#1454 = DIRECTION ( 'NONE',  ( 0.000000000000000000, 0.000000000000000000, 1.000000000000000000 ) ) ;
#1455 = CARTESIAN_POINT ( 'NONE',  ( -17.17157287525384390, 19.78918494657904859, -21.09999999999998366 ) ) ;
#1456 = ORIENTED_EDGE ( 'NONE', *, *, #1410, .T. ) ;
#1457 = EDGE_CURVE ( 'NONE', #1765, #94, #200, .T. ) ;
#1458 = CYLINDRICAL_SURFACE ( 'NONE', #1180, 0.4000000000000010214 ) ;
#1459 = DIRECTION ( 'NONE',  ( 0.000000000000000000, -1.000000000000000000, 0.000000000000000000 ) ) ;
#1460 = VERTEX_POINT ( 'NONE', #748 ) ;
#1461 = LINE ( 'NONE', #1726, #506 ) ;
#1462 = CARTESIAN_POINT ( 'NONE',  ( -9.291960108450199485, 9.099999999999999645, -5.099999999999993427 ) ) ;
#1463 = EDGE_LOOP ( 'NONE', ( #1425, #952, #2328, #3195 ) ) ;
#1464 = CIRCLE ( 'NONE', #2148, 2.000000000000001776 ) ;
#1465 = CYLINDRICAL_SURFACE ( 'NONE', #2587, 0.4000000000000010214 ) ;
#1466 = AXIS2_PLACEMENT_3D ( 'NONE', #1666, #1899, #839 ) ;
#1467 = CARTESIAN_POINT ( 'NONE',  ( -18.30876227786208332, 21.20464809186998778, -19.09999999999996589 ) ) ;
#1468 = CARTESIAN_POINT ( 'NONE',  ( 16.00000000000000000, 19.64999999999999858, -19.09999999999999432 ) ) ;
#1469 = LINE ( 'NONE', #1206, #43 ) ;
#1470 = ORIENTED_EDGE ( 'NONE', *, *, #3350, .T. ) ;
#1471 = ORIENTED_EDGE ( 'NONE', *, *, #2638, .F. ) ;
#1472 = VECTOR ( 'NONE', #902, 1000.000000000000000 ) ;
#1473 = FACE_OUTER_BOUND ( 'NONE', #3177, .T. ) ;
#1474 = CYLINDRICAL_SURFACE ( 'NONE', #3, 0.4000000000000010214 ) ;
#1475 = B_SPLINE_SURFACE_WITH_KNOTS ( 'NONE', 3, 1, ( 
 ( #254, #3161 ),
 ( #764, #3240 ),
 ( #442, #2413 ),
 ( #1532, #2953 ),
 ( #3493, #2932 ) ),
 .UNSPECIFIED., .F., .F., .F.,
 ( 4, 1, 4 ),
 ( 2, 2 ),
 ( 0.000000000000000000, 0.3063616363167692702, 1.000000000000000000 ),
 ( 0.000000000000000000, 1.000000000000000000 ),
 .UNSPECIFIED. ) ;
#1476 = VECTOR ( 'NONE', #3380, 1000.000000000000000 ) ;
#1477 = EDGE_CURVE ( 'NONE', #845, #1647, #3208, .T. ) ;
#1478 = CIRCLE ( 'NONE', #1082, 2.399999999999999467 ) ;
#1479 = ORIENTED_EDGE ( 'NONE', *, *, #1225, .F. ) ;
#1480 = CARTESIAN_POINT ( 'NONE',  ( 19.99999999999999645, 21.59999999999999787, -21.49999999999999645 ) ) ;
#1481 = ORIENTED_EDGE ( 'NONE', *, *, #2798, .F. ) ;
#1482 = CARTESIAN_POINT ( 'NONE',  ( 18.39999999999978897, 21.59410370944292623, -19.09999999999999076 ) ) ;
#1483 = CIRCLE ( 'NONE', #1943, 0.4999999999999995559 ) ;
#1484 = CARTESIAN_POINT ( 'NONE',  ( -18.44711635226611435, 20.55698864586779706, 20.53348757045251816 ) ) ;
#1485 = CARTESIAN_POINT ( 'NONE',  ( -12.25000000000000355, 3.599999999999999201, -18.59999999999999787 ) ) ;
#1486 = VECTOR ( 'NONE', #2507, 1000.000000000000000 ) ;
#1487 = EDGE_LOOP ( 'NONE', ( #2116, #1851, #60, #3462 ) ) ;
#1488 = ORIENTED_EDGE ( 'NONE', *, *, #2182, .F. ) ;
#1489 = PLANE ( 'NONE',  #1654 ) ;
#1490 = CARTESIAN_POINT ( 'NONE',  ( -18.00000000000000355, 21.24999999999999645, -19.09999999999996589 ) ) ;
#1491 = EDGE_LOOP ( 'NONE', ( #1857, #1577, #1745, #629 ) ) ;
#1492 = CARTESIAN_POINT ( 'NONE',  ( 16.26501320210979173, 21.59410370944453916, 21.10000000000001563 ) ) ;
#1493 = ADVANCED_FACE ( 'NONE', ( #3480 ), #590, .F. ) ;
#1494 = ORIENTED_EDGE ( 'NONE', *, *, #1322, .F. ) ;
#1495 = B_SPLINE_CURVE_WITH_KNOTS ( 'NONE', 3,
 ( #13, #1400, #1133, #29, #530 ),
 .UNSPECIFIED., .F., .F.,
 ( 4, 1, 4 ),
 ( 0.000000000000000000, 0.3063616363167692702, 0.9162449681765283405 ),
 .UNSPECIFIED. ) ;
#1496 = CARTESIAN_POINT ( 'NONE',  ( -6.500000000000002665, 9.099999999999999645, -18.59999999999999787 ) ) ;
#1497 = EDGE_CURVE ( 'NONE', #90, #1653, #603, .T. ) ;
#1498 = DIRECTION ( 'NONE',  ( 1.000000000000000000, 0.000000000000000000, 0.000000000000000000 ) ) ;
#1499 = EDGE_LOOP ( 'NONE', ( #3281, #641, #1522, #2537 ) ) ;
#1500 = CARTESIAN_POINT ( 'NONE',  ( -6.500000000000003553, 3.600000000000000089, 2.900000000000006573 ) ) ;
#1501 = EDGE_CURVE ( 'NONE', #1267, #2741, #2282, .T. ) ;
#1502 = CARTESIAN_POINT ( 'NONE',  ( -17.00358699018357456, 21.27698179471779838, -20.83485103482496825 ) ) ;
#1503 = FACE_OUTER_BOUND ( 'NONE', #2311, .T. ) ;
#1504 = CARTESIAN_POINT ( 'NONE',  ( -16.00000000000000000, 21.16400731508066002, -22.11544195096115573 ) ) ;
#1505 = ORIENTED_EDGE ( 'NONE', *, *, #2626, .T. ) ;
#1506 = ORIENTED_EDGE ( 'NONE', *, *, #2226, .T. ) ;
#1507 = DIRECTION ( 'NONE',  ( 0.000000000000000000, 0.000000000000000000, 1.000000000000000000 ) ) ;
#1508 = CYLINDRICAL_SURFACE ( 'NONE', #1763, 2.000000000000001776 ) ;
#1509 = ORIENTED_EDGE ( 'NONE', *, *, #1023, .T. ) ;
#1510 = CARTESIAN_POINT ( 'NONE',  ( -15.99999999999999645, 2.000000000000000000, 19.10000000000000853 ) ) ;
#1511 = ORIENTED_EDGE ( 'NONE', *, *, #491, .T. ) ;
#1512 = CARTESIAN_POINT ( 'NONE',  ( -6.500000000000006217, 3.307106781186547106, 7.892893218813461509 ) ) ;
#1513 = EDGE_CURVE ( 'NONE', #413, #1173, #2790, .T. ) ;
#1514 = CARTESIAN_POINT ( 'NONE',  ( -18.00000000000000355, 2.000000000000000000, 8.100000000000006750 ) ) ;
#1515 = ORIENTED_EDGE ( 'NONE', *, *, #1964, .T. ) ;
#1516 = DIRECTION ( 'NONE',  ( 1.000000000000000000, 0.000000000000000000, 0.000000000000000000 ) ) ;
#1517 = EDGE_CURVE ( 'NONE', #1950, #3292, #1544, .T. ) ;
#1518 = DIRECTION ( 'NONE',  ( 0.000000000000000000, 1.000000000000000000, 0.000000000000000000 ) ) ;
#1519 = VECTOR ( 'NONE', #463, 1000.000000000000000 ) ;
#1520 = CARTESIAN_POINT ( 'NONE',  ( 12.09999999999999609, 6.200000000000001066, 21.10000000000000853 ) ) ;
#1521 =( NAMED_UNIT ( * ) SI_UNIT ( $, .STERADIAN. ) SOLID_ANGLE_UNIT ( ) );
#1522 = ORIENTED_EDGE ( 'NONE', *, *, #1656, .F. ) ;
#1523 = EDGE_LOOP ( 'NONE', ( #3187, #2511, #253, #1048 ) ) ;
#1524 = CARTESIAN_POINT ( 'NONE',  ( -19.99999999999999645, 22.00000000000000000, 21.10000000000000853 ) ) ;
#1525 = AXIS2_PLACEMENT_3D ( 'NONE', #2610, #1035, #1516 ) ;
#1526 = DIRECTION ( 'NONE',  ( -1.062021414152979033E-16, 0.7071067811865523467, -0.7071067811865426878 ) ) ;
#1527 = CARTESIAN_POINT ( 'NONE',  ( -17.17157287525384390, 19.64999999999999503, -21.09999999999998366 ) ) ;
#1528 = VERTEX_POINT ( 'NONE', #3115 ) ;
#1529 = VECTOR ( 'NONE', #954, 1000.000000000000000 ) ;
#1530 = CARTESIAN_POINT ( 'NONE',  ( -14.71503324295816917, 3.599999999999999201, -4.683333333333326465 ) ) ;
#1531 = EDGE_CURVE ( 'NONE', #77, #2411, #2340, .T. ) ;
#1532 = CARTESIAN_POINT ( 'NONE',  ( -19.01544195096116852, 21.16400731508066002, -19.09999999999999432 ) ) ;
#1533 = VECTOR ( 'NONE', #2124, 1000.000000000000000 ) ;
#1534 = AXIS2_PLACEMENT_3D ( 'NONE', #867, #2534, #1445 ) ;
#1535 = EDGE_CURVE ( 'NONE', #3000, #1348, #540, .T. ) ;
#1536 = ORIENTED_EDGE ( 'NONE', *, *, #2747, .T. ) ;
#1537 = CARTESIAN_POINT ( 'NONE',  ( -1.400000000000003686, 6.200000000000001066, 21.60000000000000853 ) ) ;
#1538 = CIRCLE ( 'NONE', #400, 2.700000000000001066 ) ;
#1539 = LINE ( 'NONE', #678, #1593 ) ;
#1540 = VERTEX_POINT ( 'NONE', #487 ) ;
#1541 = VECTOR ( 'NONE', #1231, 1000.000000000000000 ) ;
#1542 = DIRECTION ( 'NONE',  ( 0.000000000000000000, 0.000000000000000000, 1.000000000000000000 ) ) ;
#1543 = CARTESIAN_POINT ( 'NONE',  ( -17.50000000000000000, 3.600000000000000089, -18.59999999999999432 ) ) ;
#1544 = LINE ( 'NONE', #1520, #2853 ) ;
#1545 = EDGE_LOOP ( 'NONE', ( #1078, #44, #1973, #3487, #1412, #142, #2847, #1302 ) ) ;
#1546 = ORIENTED_EDGE ( 'NONE', *, *, #1982, .T. ) ;
#1547 = EDGE_CURVE ( 'NONE', #1207, #456, #1904, .T. ) ;
#1548 = LINE ( 'NONE', #1861, #2483 ) ;
#1549 = DIRECTION ( 'NONE',  ( 0.000000000000000000, 0.000000000000000000, 1.000000000000000000 ) ) ;
#1550 = ADVANCED_FACE ( 'NONE', ( #2364 ), #2628, .F. ) ;
#1551 = ORIENTED_EDGE ( 'NONE', *, *, #758, .T. ) ;
#1552 = CARTESIAN_POINT ( 'NONE',  ( 11.59999999999999609, 6.200000000000001066, 20.60000000000001208 ) ) ;
#1553 = ORIENTED_EDGE ( 'NONE', *, *, #3247, .F. ) ;
#1554 = CYLINDRICAL_SURFACE ( 'NONE', #646, 0.5000000000000004441 ) ;
#1555 = DIRECTION ( 'NONE',  ( 0.000000000000000000, 0.000000000000000000, 1.000000000000000000 ) ) ;
#1556 = VERTEX_POINT ( 'NONE', #206 ) ;
#1557 = DIRECTION ( 'NONE',  ( 0.000000000000000000, 0.000000000000000000, 1.000000000000000000 ) ) ;
#1558 = CARTESIAN_POINT ( 'NONE',  ( 0.000000000000000000, 9.099999999999999645, 0.000000000000000000 ) ) ;
#1559 = DIRECTION ( 'NONE',  ( 0.000000000000000000, -1.000000000000000000, 0.000000000000000000 ) ) ;
#1560 = ORIENTED_EDGE ( 'NONE', *, *, #2158, .T. ) ;
#1561 = FACE_OUTER_BOUND ( 'NONE', #162, .T. ) ;
#1562 = DIRECTION ( 'NONE',  ( 1.000000000000000000, 0.000000000000000000, -1.501925087425806872E-16 ) ) ;
#1563 = EDGE_CURVE ( 'NONE', #3141, #1729, #1250, .T. ) ;
#1564 = DIRECTION ( 'NONE',  ( 0.000000000000000000, -0.000000000000000000, 1.000000000000000000 ) ) ;
#1565 = APPLICATION_CONTEXT ( 'automotive_design' ) ;
#1566 = ORIENTED_EDGE ( 'NONE', *, *, #2032, .F. ) ;
#1567 = FILL_AREA_STYLE_COLOUR ( '', #883 ) ;
#1568 = DIRECTION ( 'NONE',  ( 9.082321863752916905E-17, 0.000000000000000000, 1.000000000000000000 ) ) ;
#1569 = ADVANCED_BREP_SHAPE_REPRESENTATION ( 'audiobox1', ( #1047, #1310 ), #2943 ) ;
#1570 = ORIENTED_EDGE ( 'NONE', *, *, #55, .F. ) ;
#1571 = DIRECTION ( 'NONE',  ( 1.000000000000000000, -0.000000000000000000, -1.508455196501571429E-16 ) ) ;
#1572 = VERTEX_POINT ( 'NONE', #1291 ) ;
#1573 = FACE_OUTER_BOUND ( 'NONE', #17, .T. ) ;
#1574 = LINE ( 'NONE', #996, #3008 ) ;
#1575 = CARTESIAN_POINT ( 'NONE',  ( -16.00000000000000000, 21.59999999999999787, -19.09999999999999076 ) ) ;
#1576 = EDGE_LOOP ( 'NONE', ( #1031, #691, #892, #1092, #2042, #3182, #2127, #3098 ) ) ;
#1577 = ORIENTED_EDGE ( 'NONE', *, *, #3243, .F. ) ;
#1578 = CARTESIAN_POINT ( 'NONE',  ( 16.00000000000000000, 21.16400731508066002, -22.11544195096115573 ) ) ;
#1579 = CIRCLE ( 'NONE', #3401, 0.5000000000000004441 ) ;
#1580 = CARTESIAN_POINT ( 'NONE',  ( 18.00000000000000355, 21.59999999999999787, 19.10000000000000497 ) ) ;
#1581 = ORIENTED_EDGE ( 'NONE', *, *, #161, .F. ) ;
#1582 = DIRECTION ( 'NONE',  ( -0.000000000000000000, -1.000000000000000000, -0.000000000000000000 ) ) ;
#1583 = CIRCLE ( 'NONE', #1746, 2.700000000000001066 ) ;
#1584 = CARTESIAN_POINT ( 'NONE',  ( -19.99999999999999645, 0.000000000000000000, 23.10000000000000853 ) ) ;
#1585 = VECTOR ( 'NONE', #2936, 1000.000000000000000 ) ;
#1586 = DIRECTION ( 'NONE',  ( -0.000000000000000000, 1.000000000000000000, 0.000000000000000000 ) ) ;
#1587 = ORIENTED_EDGE ( 'NONE', *, *, #1176, .T. ) ;
#1588 = VECTOR ( 'NONE', #1124, 1000.000000000000000 ) ;
#1589 = LINE ( 'NONE', #1660, #2263 ) ;
#1590 = CARTESIAN_POINT ( 'NONE',  ( 18.00000000391096222, 21.27698179471695994, 19.36487634250739376 ) ) ;
#1591 = ORIENTED_EDGE ( 'NONE', *, *, #1866, .F. ) ;
#1592 = CARTESIAN_POINT ( 'NONE',  ( 16.52328586973899505, 21.59410370944292268, -21.04819721875412242 ) ) ;
#1593 = VECTOR ( 'NONE', #147, 1000.000000000000000 ) ;
#1594 = CARTESIAN_POINT ( 'NONE',  ( 18.44711635226611790, 20.55698864586779706, 20.53348757045251816 ) ) ;
#1595 = CARTESIAN_POINT ( 'NONE',  ( -17.79709251325974506, 21.59410370944343072, 19.98758547763852178 ) ) ;
#1596 = DIRECTION ( 'NONE',  ( 0.000000000000000000, 0.000000000000000000, 1.000000000000000000 ) ) ;
#1597 = AXIS2_PLACEMENT_3D ( 'NONE', #1633, #1423, #2471 ) ;
#1598 = ORIENTED_EDGE ( 'NONE', *, *, #2548, .T. ) ;
#1599 = ORIENTED_EDGE ( 'NONE', *, *, #2591, .F. ) ;
#1600 = CARTESIAN_POINT ( 'NONE',  ( -15.20803989154980762, 9.099999999999999645, -18.59999999999999432 ) ) ;
#1601 = DIRECTION ( 'NONE',  ( 0.000000000000000000, 0.000000000000000000, 1.000000000000000000 ) ) ;
#1602 = DIRECTION ( 'NONE',  ( -1.000000000000000000, 0.000000000000000000, 1.501925087425806872E-16 ) ) ;
#1603 = ORIENTED_EDGE ( 'NONE', *, *, #2861, .F. ) ;
#1604 = LINE ( 'NONE', #2969, #1519 ) ;
#1605 = CARTESIAN_POINT ( 'NONE',  ( -15.99999999999999289, 22.00000000000000000, 21.10000000000000853 ) ) ;
#1606 = AXIS2_PLACEMENT_3D ( 'NONE', #2407, #3233, #2367 ) ;
#1607 = DIRECTION ( 'NONE',  ( -0.000000000000000000, 1.000000000000000000, -0.000000000000000000 ) ) ;
#1608 = ADVANCED_FACE ( 'NONE', ( #684 ), #1020, .F. ) ;
#1609 = CARTESIAN_POINT ( 'NONE',  ( 16.00000000000000000, 9.100000000000001421, -6.449999999999998401 ) ) ;
#1610 = CARTESIAN_POINT ( 'NONE',  ( 17.32065454845609054, 21.27698179471751416, 20.60776331478912837 ) ) ;
#1611 = ORIENTED_EDGE ( 'NONE', *, *, #2857, .F. ) ;
#1612 = PLANE ( 'NONE',  #1643 ) ;
#1613 = EDGE_CURVE ( 'NONE', #427, #269, #1390, .T. ) ;
#1614 = LINE ( 'NONE', #3229, #291 ) ;
#1615 = ORIENTED_EDGE ( 'NONE', *, *, #2931, .T. ) ;
#1616 = ADVANCED_FACE ( 'NONE', ( #171 ), #2050, .F. ) ;
#1617 = DIRECTION ( 'NONE',  ( 0.000000000000000000, 0.000000000000000000, -1.000000000000000000 ) ) ;
#1618 = CARTESIAN_POINT ( 'NONE',  ( 0.000000000000000000, 21.24999999999999645, -21.09999999999999432 ) ) ;
#1619 = DIRECTION ( 'NONE',  ( 0.000000000000000000, 1.284980352575413932E-16, 1.000000000000000000 ) ) ;
#1620 = CARTESIAN_POINT ( 'NONE',  ( 17.59035935566027931, 21.59410370944315716, -20.31969343701234010 ) ) ;
#1621 = EDGE_LOOP ( 'NONE', ( #3353, #1111, #2056, #2267, #2191 ) ) ;
#1622 = CIRCLE ( 'NONE', #480, 1.400000000000000133 ) ;
#1623 = ADVANCED_FACE ( 'NONE', ( #1503 ), #3135, .T. ) ;
#1624 = FACE_OUTER_BOUND ( 'NONE', #2742, .T. ) ;
#1625 = DIRECTION ( 'NONE',  ( -0.000000000000000000, 1.000000000000000000, -0.000000000000000000 ) ) ;
#1626 = VERTEX_POINT ( 'NONE', #2571 ) ;
#1627 = CARTESIAN_POINT ( 'NONE',  ( 17.00959128337846948, 21.59410370944291557, -20.84643234771804643 ) ) ;
#1628 = ADVANCED_FACE ( 'NONE', ( #1787 ), #754, .F. ) ;
#1629 = CARTESIAN_POINT ( 'NONE',  ( -17.32080387052385717, 21.27698179471698481, 20.60763250878046193 ) ) ;
#1630 = ORIENTED_EDGE ( 'NONE', *, *, #2806, .F. ) ;
#1631 = CARTESIAN_POINT ( 'NONE',  ( -15.99999999999999645, 22.00000000000000000, 23.10000000000000853 ) ) ;
#1632 = CARTESIAN_POINT ( 'NONE',  ( -11.62999999999999723, 4.699999999999988631, 21.10000000000000853 ) ) ;
#1633 = CARTESIAN_POINT ( 'NONE',  ( -1.400000000000003464, 4.100000000000000533, 20.60000000000001208 ) ) ;
#1634 = ORIENTED_EDGE ( 'NONE', *, *, #502, .F. ) ;
#1635 = CARTESIAN_POINT ( 'NONE',  ( 17.99999999999999645, 8.200000000000002842, -15.75000000000000000 ) ) ;
#1636 = EDGE_CURVE ( 'NONE', #203, #2573, #978, .T. ) ;
#1637 = DIRECTION ( 'NONE',  ( -0.000000000000000000, 1.000000000000000000, -0.000000000000000000 ) ) ;
#1638 = VECTOR ( 'NONE', #428, 1000.000000000000000 ) ;
#1639 = CARTESIAN_POINT ( 'NONE',  ( -14.32999999999999829, 4.699999999999988631, 21.10000000000000853 ) ) ;
#1640 = ADVANCED_FACE ( 'NONE', ( #997 ), #2580, .T. ) ;
#1641 = CARTESIAN_POINT ( 'NONE',  ( 17.21969343708598643, 21.27698179471862616, 20.69035935576987129 ) ) ;
#1642 = VERTEX_POINT ( 'NONE', #2895 ) ;
#1643 = AXIS2_PLACEMENT_3D ( 'NONE', #544, #833, #1377 ) ;
#1644 = CARTESIAN_POINT ( 'NONE',  ( 17.99999999999999645, 21.59410370944288715, -19.36427947397064386 ) ) ;
#1645 = VECTOR ( 'NONE', #2508, 1000.000000000000000 ) ;
#1646 = CARTESIAN_POINT ( 'NONE',  ( -15.20803989154980407, 9.099999999999999645, -5.099999999999993427 ) ) ;
#1647 = VERTEX_POINT ( 'NONE', #1062 ) ;
#1648 = DIRECTION ( 'NONE',  ( 1.000000000000000000, -0.000000000000000000, -1.508455196501571429E-16 ) ) ;
#1649 = VECTOR ( 'NONE', #516, 1000.000000000000000 ) ;
#1650 = CARTESIAN_POINT ( 'NONE',  ( 17.99999999999999645, 6.900000000000001243, -19.09999999999999076 ) ) ;
#1651 = CARTESIAN_POINT ( 'NONE',  ( -6.500000000000002665, 9.099999999999999645, -18.59999999999999787 ) ) ;
#1652 = ORIENTED_EDGE ( 'NONE', *, *, #23, .T. ) ;
#1653 = VERTEX_POINT ( 'NONE', #2655 ) ;
#1654 = AXIS2_PLACEMENT_3D ( 'NONE', #3072, #2559, #637 ) ;
#1655 = EDGE_CURVE ( 'NONE', #1880, #90, #380, .T. ) ;
#1656 = EDGE_CURVE ( 'NONE', #846, #1460, #2458, .T. ) ;
#1657 = EDGE_CURVE ( 'NONE', #1987, #1978, #1337, .T. ) ;
#1658 = LINE ( 'NONE', #2729, #3398 ) ;
#1659 = ADVANCED_FACE ( 'NONE', ( #3236 ), #797, .F. ) ;
#1660 = CARTESIAN_POINT ( 'NONE',  ( 20.00000000000000000, 6.800000000000002487, -7.849999999999999645 ) ) ;
#1661 = CARTESIAN_POINT ( 'NONE',  ( 17.00358699018276809, 21.27698179471862616, 20.83485103482554379 ) ) ;
#1662 = ORIENTED_EDGE ( 'NONE', *, *, #2817, .F. ) ;
#1663 = CARTESIAN_POINT ( 'NONE',  ( 16.00000000000000355, 20.55698864586779706, 21.54711635226611577 ) ) ;
#1664 = CARTESIAN_POINT ( 'NONE',  ( -18.07452970053431329, 21.20464809229786951, 20.12461193387488478 ) ) ;
#1665 = ORIENTED_EDGE ( 'NONE', *, *, #1948, .F. ) ;
#1666 = CARTESIAN_POINT ( 'NONE',  ( -12.25000000000000178, 3.599999999999999201, -5.099999999999993427 ) ) ;
#1667 = PLANE ( 'NONE',  #2392 ) ;
#1668 = CARTESIAN_POINT ( 'NONE',  ( -17.17157287525381193, 19.78918494657904859, 21.10000000000001563 ) ) ;
#1669 = CARTESIAN_POINT ( 'NONE',  ( 16.00000000000000000, 21.20464809186998778, -21.40876227786207764 ) ) ;
#1670 = ORIENTED_EDGE ( 'NONE', *, *, #2931, .F. ) ;
#1671 = VERTEX_POINT ( 'NONE', #585 ) ;
#1672 = DIRECTION ( 'NONE',  ( 0.000000000000000000, -1.000000000000000000, 0.000000000000000000 ) ) ;
#1673 = EDGE_CURVE ( 'NONE', #1326, #1978, #1469, .T. ) ;
#1674 = CARTESIAN_POINT ( 'NONE',  ( -18.00000000000000355, 22.00000000000000000, -19.09999999999999076 ) ) ;
#1675 = EDGE_CURVE ( 'NONE', #1058, #2396, #2277, .T. ) ;
#1676 = CARTESIAN_POINT ( 'NONE',  ( 19.99999999999999645, 9.100000000000001421, -14.34999999999999964 ) ) ;
#1677 = VERTEX_POINT ( 'NONE', #3340 ) ;
#1678 = CARTESIAN_POINT ( 'NONE',  ( 0.000000000000000000, 19.64999999999999858, -21.09999999999999432 ) ) ;
#1679 = EDGE_LOOP ( 'NONE', ( #3079, #3001, #307, #851 ) ) ;
#1680 = CARTESIAN_POINT ( 'NONE',  ( 17.17157287525381548, 19.64999999999999503, -21.09999999999999787 ) ) ;
#1681 = DIRECTION ( 'NONE',  ( 0.000000000000000000, -1.000000000000000000, 0.000000000000000000 ) ) ;
#1682 = EDGE_CURVE ( 'NONE', #3299, #3143, #1139, .T. ) ;
#1683 = CARTESIAN_POINT ( 'NONE',  ( 17.50776331444917133, 21.59410370944315716, -20.42065454811725544 ) ) ;
#1684 = ADVANCED_FACE ( 'NONE', ( #3309 ), #2493, .F. ) ;
#1685 = ORIENTED_EDGE ( 'NONE', *, *, #2482, .F. ) ;
#1686 = ORIENTED_EDGE ( 'NONE', *, *, #1428, .T. ) ;
#1687 = CARTESIAN_POINT ( 'NONE',  ( -15.99999999999999289, 22.00000000000000000, 19.10000000000000497 ) ) ;
#1688 = AXIS2_PLACEMENT_3D ( 'NONE', #1687, #339, #2727 ) ;
#1689 = VECTOR ( 'NONE', #1187, 1000.000000000000000 ) ;
#1690 = VERTEX_POINT ( 'NONE', #874 ) ;
#1691 = FACE_OUTER_BOUND ( 'NONE', #2356, .T. ) ;
#1692 = AXIS2_PLACEMENT_3D ( 'NONE', #1696, #401, #1730 ) ;
#1693 = DIRECTION ( 'NONE',  ( 0.000000000000000000, 0.000000000000000000, -1.000000000000000000 ) ) ;
#1694 = AXIS2_PLACEMENT_3D ( 'NONE', #3093, #1744, #2753 ) ;
#1695 = ORIENTED_EDGE ( 'NONE', *, *, #1804, .F. ) ;
#1696 = CARTESIAN_POINT ( 'NONE',  ( -16.00000000000000000, 22.00000000000000000, -19.09999999999999076 ) ) ;
#1697 = CARTESIAN_POINT ( 'NONE',  ( 17.22722607272554285, 21.59410370944288715, 20.70117391831407971 ) ) ;
#1698 = CARTESIAN_POINT ( 'NONE',  ( -17.32065454845828256, 21.27698179471915907, -20.60776331479131329 ) ) ;
#1699 = DIRECTION ( 'NONE',  ( 0.000000000000000000, 1.000000000000000000, 0.000000000000000000 ) ) ;
#1700 = CIRCLE ( 'NONE', #2205, 0.5000000000000004441 ) ;
#1701 = ORIENTED_EDGE ( 'NONE', *, *, #3356, .T. ) ;
#1702 = ORIENTED_EDGE ( 'NONE', *, *, #2641, .F. ) ;
#1703 = CIRCLE ( 'NONE', #3246, 0.5000000000000004441 ) ;
#1704 = CARTESIAN_POINT ( 'NONE',  ( -18.00000000000000355, 9.099999999999999645, -5.599999999999994316 ) ) ;
#1705 = EDGE_CURVE ( 'NONE', #2568, #3054, #3517, .T. ) ;
#1706 = AXIS2_PLACEMENT_3D ( 'NONE', #1485, #2051, #1984 ) ;
#1707 = ORIENTED_EDGE ( 'NONE', *, *, #838, .F. ) ;
#1708 = DIRECTION ( 'NONE',  ( 0.000000000000000000, 0.000000000000000000, 1.000000000000000000 ) ) ;
#1709 = PLANE ( 'NONE',  #3351 ) ;
#1710 = ORIENTED_EDGE ( 'NONE', *, *, #1902, .F. ) ;
#1711 = CARTESIAN_POINT ( 'NONE',  ( 16.00000000000000000, 20.55698864586779706, -21.54711635226610511 ) ) ;
#1712 = AXIS2_PLACEMENT_3D ( 'NONE', #3205, #693, #1781 ) ;
#1713 = CARTESIAN_POINT ( 'NONE',  ( 18.44711635226611790, 20.55698864586779706, 19.10000000000000497 ) ) ;
#1714 = EDGE_CURVE ( 'NONE', #2319, #776, #2244, .T. ) ;
#1715 = FACE_OUTER_BOUND ( 'NONE', #3316, .T. ) ;
#1716 = DIRECTION ( 'NONE',  ( 0.000000000000000000, -0.000000000000000000, 1.000000000000000000 ) ) ;
#1717 = EDGE_LOOP ( 'NONE', ( #2814, #1293, #2093, #518 ) ) ;
#1718 = ORIENTED_EDGE ( 'NONE', *, *, #1705, .F. ) ;
#1719 = LINE ( 'NONE', #140, #3113 ) ;
#1720 = CARTESIAN_POINT ( 'NONE',  ( -18.44711635226611079, 20.55698864586779706, -19.09999999999996589 ) ) ;
#1721 = ADVANCED_FACE ( 'NONE', ( #1081 ), #231, .T. ) ;
#1722 = VERTEX_POINT ( 'NONE', #2982 ) ;
#1723 = CARTESIAN_POINT ( 'NONE',  ( -16.00000000000000355, 0.000000000000000000, -19.09999999999999432 ) ) ;
#1724 = ORIENTED_EDGE ( 'NONE', *, *, #2766, .F. ) ;
#1725 = AXIS2_PLACEMENT_3D ( 'NONE', #3419, #969, #2074 ) ;
#1726 = CARTESIAN_POINT ( 'NONE',  ( -19.99999999999999645, 2.000000000000000000, 19.10000000000000497 ) ) ;
#1727 = AXIS2_PLACEMENT_3D ( 'NONE', #3305, #3323, #3286 ) ;
#1728 = LINE ( 'NONE', #329, #1476 ) ;
#1729 = VERTEX_POINT ( 'NONE', #1600 ) ;
#1730 = DIRECTION ( 'NONE',  ( 0.000000000000000000, 0.000000000000000000, 1.000000000000000000 ) ) ;
#1731 = LINE ( 'NONE', #2275, #1930 ) ;
#1732 = CARTESIAN_POINT ( 'NONE',  ( -16.00000000000000355, 2.000000000000000000, -23.09999999999999432 ) ) ;
#1733 = EDGE_CURVE ( 'NONE', #1894, #2111, #1379, .T. ) ;
#1734 = ORIENTED_EDGE ( 'NONE', *, *, #3304, .F. ) ;
#1735 = EDGE_LOOP ( 'NONE', ( #2754, #1734, #2494, #1710 ) ) ;
#1736 = CARTESIAN_POINT ( 'NONE',  ( -6.500000000000002665, 3.600000000000000089, 7.600000000000012967 ) ) ;
#1737 = FACE_OUTER_BOUND ( 'NONE', #929, .T. ) ;
#1738 = ORIENTED_EDGE ( 'NONE', *, *, #2876, .F. ) ;
#1739 = DIRECTION ( 'NONE',  ( -1.000000000000000000, 0.000000000000000000, -0.000000000000000000 ) ) ;
#1740 = ORIENTED_EDGE ( 'NONE', *, *, #1547, .F. ) ;
#1741 = VECTOR ( 'NONE', #2145, 1000.000000000000000 ) ;
#1742 = VECTOR ( 'NONE', #3437, 1000.000000000000000 ) ;
#1743 = FACE_OUTER_BOUND ( 'NONE', #2238, .T. ) ;
#1744 = DIRECTION ( 'NONE',  ( -0.000000000000000000, 1.000000000000000000, -0.000000000000000000 ) ) ;
#1745 = ORIENTED_EDGE ( 'NONE', *, *, #857, .F. ) ;
#1746 = AXIS2_PLACEMENT_3D ( 'NONE', #168, #2343, #975 ) ;
#1747 = LINE ( 'NONE', #1447, #1185 ) ;
#1748 = VECTOR ( 'NONE', #2099, 1000.000000000000000 ) ;
#1749 = CARTESIAN_POINT ( 'NONE',  ( -17.50000000000000000, 9.099999999999999645, -18.09999999999999432 ) ) ;
#1750 = CARTESIAN_POINT ( 'NONE',  ( -6.500000000000005329, 3.600000000000000089, -21.09999999999999432 ) ) ;
#1751 = EDGE_CURVE ( 'NONE', #2929, #427, #250, .T. ) ;
#1752 = ORIENTED_EDGE ( 'NONE', *, *, #2979, .F. ) ;
#1753 = EDGE_LOOP ( 'NONE', ( #122, #1188, #2082, #2878 ) ) ;
#1754 = VECTOR ( 'NONE', #3260, 1000.000000000000000 ) ;
#1755 = VECTOR ( 'NONE', #190, 1000.000000000000000 ) ;
#1756 = CARTESIAN_POINT ( 'NONE',  ( -18.40000000000000213, 21.59999999999999787, -19.09999999999999076 ) ) ;
#1757 = DIRECTION ( 'NONE',  ( -3.016910393003142859E-16, 0.000000000000000000, -1.000000000000000000 ) ) ;
#1758 = B_SPLINE_SURFACE_WITH_KNOTS ( 'NONE', 3, 1, ( 
 ( #2541, #909 ),
 ( #403, #890 ),
 ( #2276, #3388 ),
 ( #2845, #1504 ),
 ( #2509, #2031 ) ),
 .UNSPECIFIED., .F., .F., .F.,
 ( 4, 1, 4 ),
 ( 2, 2 ),
 ( 0.000000000000000000, 0.3063616363167692702, 1.000000000000000000 ),
 ( 0.000000000000000000, 1.000000000000000000 ),
 .UNSPECIFIED. ) ;
#1759 = CARTESIAN_POINT ( 'NONE',  ( 13.99999999999999467, 4.900000000000001243, -21.09999999999999787 ) ) ;
#1760 = EDGE_CURVE ( 'NONE', #1014, #2212, #1483, .T. ) ;
#1761 = AXIS2_PLACEMENT_3D ( 'NONE', #201, #3189, #1287 ) ;
#1762 = EDGE_CURVE ( 'NONE', #569, #2855, #2108, .T. ) ;
#1763 = AXIS2_PLACEMENT_3D ( 'NONE', #2576, #3140, #704 ) ;
#1764 = EDGE_CURVE ( 'NONE', #1292, #864, #2837, .T. ) ;
#1765 = VERTEX_POINT ( 'NONE', #1900 ) ;
#1766 = LINE ( 'NONE', #1537, #279 ) ;
#1767 = CARTESIAN_POINT ( 'NONE',  ( -7.000000000000002665, 2.000000000000000000, 8.100000000000006750 ) ) ;
#1768 = EDGE_LOOP ( 'NONE', ( #2278, #1844, #2175, #1366 ) ) ;
#1769 = CARTESIAN_POINT ( 'NONE',  ( -17.49999999999999645, 3.600000000000000089, -5.099999999999993427 ) ) ;
#1770 = CARTESIAN_POINT ( 'NONE',  ( -17.79705990424734097, 21.27698179471807194, -19.98764779070792486 ) ) ;
#1771 = CARTESIAN_POINT ( 'NONE',  ( -1.900000000000003686, 6.200000000000001066, 21.60000000000000853 ) ) ;
#1772 = ORIENTED_EDGE ( 'NONE', *, *, #1982, .F. ) ;
#1773 = ORIENTED_EDGE ( 'NONE', *, *, #1004, .F. ) ;
#1774 = CARTESIAN_POINT ( 'NONE',  ( -15.99999999999999289, 22.00000000000000000, 19.10000000000000497 ) ) ;
#1775 = DIRECTION ( 'NONE',  ( -1.501925087425806872E-16, 0.000000000000000000, -1.000000000000000000 ) ) ;
#1776 = CARTESIAN_POINT ( 'NONE',  ( 20.00000000000000000, 9.100000000000001421, -7.849999999999999645 ) ) ;
#1777 = ADVANCED_FACE ( 'NONE', ( #2702 ), #501, .T. ) ;
#1778 = ADVANCED_FACE ( 'NONE', ( #1350 ), #2925, .T. ) ;
#1779 = ORIENTED_EDGE ( 'NONE', *, *, #75, .F. ) ;
#1780 = LINE ( 'NONE', #1243, #865 ) ;
#1781 = DIRECTION ( 'NONE',  ( 0.000000000000000000, 0.000000000000000000, 1.000000000000000000 ) ) ;
#1782 = CARTESIAN_POINT ( 'NONE',  ( 16.00000000000000000, 21.20464809186998423, -21.40876227786207764 ) ) ;
#1783 = VECTOR ( 'NONE', #1841, 1000.000000000000000 ) ;
#1784 = VERTEX_POINT ( 'NONE', #1041 ) ;
#1785 = DIRECTION ( 'NONE',  ( -0.000000000000000000, -1.000000000000000000, -0.000000000000000000 ) ) ;
#1786 = CYLINDRICAL_SURFACE ( 'NONE', #2887, 2.499999999999995115 ) ;
#1787 = FACE_OUTER_BOUND ( 'NONE', #2813, .T. ) ;
#1788 = CYLINDRICAL_SURFACE ( 'NONE', #111, 2.499999999999993339 ) ;
#1789 = EDGE_CURVE ( 'NONE', #277, #77, #3215, .T. ) ;
#1790 = VERTEX_POINT ( 'NONE', #30 ) ;
#1791 = ORIENTED_EDGE ( 'NONE', *, *, #218, .T. ) ;
#1792 = DIRECTION ( 'NONE',  ( 0.000000000000000000, 0.000000000000000000, -1.000000000000000000 ) ) ;
#1793 = ADVANCED_FACE ( 'NONE', ( #2997 ), #1667, .F. ) ;
#1794 = CARTESIAN_POINT ( 'NONE',  ( -16.00000000000003553, 19.78918494657904859, -21.09999999999999432 ) ) ;
#1795 = VERTEX_POINT ( 'NONE', #1113 ) ;
#1796 = EDGE_LOOP ( 'NONE', ( #1701, #1344, #1494, #445 ) ) ;
#1797 = DIRECTION ( 'NONE',  ( 0.000000000000000000, 0.000000000000000000, 1.000000000000000000 ) ) ;
#1798 = CARTESIAN_POINT ( 'NONE',  ( -17.49999999999999645, 22.00000000000000000, -5.599999999999994316 ) ) ;
#1799 = DIRECTION ( 'NONE',  ( -0.000000000000000000, -0.000000000000000000, 1.000000000000000000 ) ) ;
#1800 = DIRECTION ( 'NONE',  ( -0.000000000000000000, 1.000000000000000000, 0.000000000000000000 ) ) ;
#1801 = EDGE_LOOP ( 'NONE', ( #422, #1000, #2273, #2918 ) ) ;
#1802 = LINE ( 'NONE', #149, #2027 ) ;
#1803 = AXIS2_PLACEMENT_3D ( 'NONE', #466, #1586, #1863 ) ;
#1804 = EDGE_CURVE ( 'NONE', #2026, #737, #3066, .T. ) ;
#1805 = DIRECTION ( 'NONE',  ( 1.000000000000000000, 0.000000000000000000, 0.000000000000000000 ) ) ;
#1806 = VECTOR ( 'NONE', #2566, 1000.000000000000000 ) ;
#1807 = CARTESIAN_POINT ( 'NONE',  ( -7.000000000000004441, 3.600000000000000089, -4.599999999999992539 ) ) ;
#1808 = LINE ( 'NONE', #2629, #3473 ) ;
#1809 = VERTEX_POINT ( 'NONE', #3049 ) ;
#1810 = ORIENTED_EDGE ( 'NONE', *, *, #3169, .T. ) ;
#1811 = AXIS2_PLACEMENT_3D ( 'NONE', #2923, #2122, #489 ) ;
#1812 = DIRECTION ( 'NONE',  ( 0.000000000000000000, 0.000000000000000000, -1.000000000000000000 ) ) ;
#1813 = LINE ( 'NONE', #212, #1649 ) ;
#1814 = EDGE_LOOP ( 'NONE', ( #2678, #28, #1994, #298 ) ) ;
#1815 = VECTOR ( 'NONE', #1148, 1000.000000000000000 ) ;
#1816 = DIRECTION ( 'NONE',  ( 0.000000000000000000, 0.000000000000000000, -1.000000000000000000 ) ) ;
#1817 = EDGE_CURVE ( 'NONE', #456, #674, #2521, .T. ) ;
#1818 = VECTOR ( 'NONE', #854, 1000.000000000000000 ) ;
#1819 = VERTEX_POINT ( 'NONE', #583 ) ;
#1820 = CARTESIAN_POINT ( 'NONE',  ( -17.79289321881345032, 3.099999999999998757, 8.100000000000006750 ) ) ;
#1821 = VECTOR ( 'NONE', #3248, 1000.000000000000000 ) ;
#1822 = CARTESIAN_POINT ( 'NONE',  ( 17.99999999999999645, 2.000000000000001776, -19.09999999999999076 ) ) ;
#1823 = ORIENTED_EDGE ( 'NONE', *, *, #1281, .F. ) ;
#1824 = DIRECTION ( 'NONE',  ( -1.929944228382272159E-32, 1.000000000000000000, -1.284980352575413439E-16 ) ) ;
#1825 = FACE_OUTER_BOUND ( 'NONE', #305, .T. ) ;
#1826 = CARTESIAN_POINT ( 'NONE',  ( -9.291960108450199485, 9.099999999999999645, -4.599999999999992539 ) ) ;
#1827 = EDGE_LOOP ( 'NONE', ( #436, #2524, #1452, #2974 ) ) ;
#1828 = ORIENTED_EDGE ( 'NONE', *, *, #2867, .T. ) ;
#1829 = VECTOR ( 'NONE', #739, 1000.000000000000000 ) ;
#1830 = ADVANCED_FACE ( 'NONE', ( #2756, #1183 ), #46, .F. ) ;
#1831 = DIRECTION ( 'NONE',  ( -1.000000000000000000, 0.000000000000000000, 0.000000000000000000 ) ) ;
#1832 = DIRECTION ( 'NONE',  ( 0.000000000000000000, -1.000000000000000000, 0.000000000000000000 ) ) ;
#1833 = ORIENTED_EDGE ( 'NONE', *, *, #23, .F. ) ;
#1834 = DIRECTION ( 'NONE',  ( 1.000000000000000000, 0.000000000000000000, 0.000000000000000000 ) ) ;
#1835 = ORIENTED_EDGE ( 'NONE', *, *, #3239, .T. ) ;
#1836 = CARTESIAN_POINT ( 'NONE',  ( 15.99999999999999289, 4.900000000000001243, -19.09999999999999076 ) ) ;
#1837 = FACE_OUTER_BOUND ( 'NONE', #1910, .T. ) ;
#1838 = ORIENTED_EDGE ( 'NONE', *, *, #444, .T. ) ;
#1839 = CARTESIAN_POINT ( 'NONE',  ( -9.784966757041834384, 9.099999999999999645, -4.683333333333326465 ) ) ;
#1840 = CARTESIAN_POINT ( 'NONE',  ( 0.000000000000000000, 9.099999999999999645, 0.000000000000000000 ) ) ;
#1841 = DIRECTION ( 'NONE',  ( -0.000000000000000000, 1.000000000000000000, -0.000000000000000000 ) ) ;
#1842 = FACE_OUTER_BOUND ( 'NONE', #1768, .T. ) ;
#1843 = ORIENTED_EDGE ( 'NONE', *, *, #1917, .F. ) ;
#1844 = ORIENTED_EDGE ( 'NONE', *, *, #814, .T. ) ;
#1845 = VECTOR ( 'NONE', #3129, 1000.000000000000000 ) ;
#1846 = LINE ( 'NONE', #194, #3186 ) ;
#1847 = CARTESIAN_POINT ( 'NONE',  ( -6.000000000000005329, 2.000000000000000000, -21.09999999999999432 ) ) ;
#1848 = ORIENTED_EDGE ( 'NONE', *, *, #2908, .T. ) ;
#1849 =( NAMED_UNIT ( * ) SI_UNIT ( $, .STERADIAN. ) SOLID_ANGLE_UNIT ( ) );
#1850 = CARTESIAN_POINT ( 'NONE',  ( -9.784966757041834384, 9.099999999999999645, -19.01666666666666572 ) ) ;
#1851 = ORIENTED_EDGE ( 'NONE', *, *, #608, .T. ) ;
#1852 = CARTESIAN_POINT ( 'NONE',  ( 16.00000000000000000, 10.50000000000000178, -7.849999999999999645 ) ) ;
#1853 = CARTESIAN_POINT ( 'NONE',  ( 17.94837396169925015, 21.59410370944397073, 19.62269544733767290 ) ) ;
#1854 = ORIENTED_EDGE ( 'NONE', *, *, #3366, .F. ) ;
#1855 = CARTESIAN_POINT ( 'NONE',  ( -18.30876227786326282, 21.20464809186971422, -20.45244163007685856 ) ) ;
#1856 = PLANE ( 'NONE',  #2660 ) ;
#1857 = ORIENTED_EDGE ( 'NONE', *, *, #523, .T. ) ;
#1858 = ORIENTED_EDGE ( 'NONE', *, *, #1517, .F. ) ;
#1859 = DIRECTION ( 'NONE',  ( 1.000000000000000000, 0.000000000000000000, 0.000000000000000000 ) ) ;
#1860 = CIRCLE ( 'NONE', #330, 1.400000000000000133 ) ;
#1861 = CARTESIAN_POINT ( 'NONE',  ( 13.99999999999999467, 6.900000000000001243, -21.09999999999999787 ) ) ;
#1862 = CARTESIAN_POINT ( 'NONE',  ( -9.291960108450199485, 9.099999999999999645, -19.09999999999999787 ) ) ;
#1863 = DIRECTION ( 'NONE',  ( 0.000000000000000000, 0.000000000000000000, 1.000000000000000000 ) ) ;
#1864 = VERTEX_POINT ( 'NONE', #841 ) ;
#1865 = CARTESIAN_POINT ( 'NONE',  ( 16.00000000000000000, 22.00000000000000000, -23.09999999999999432 ) ) ;
#1866 = EDGE_CURVE ( 'NONE', #1242, #1418, #2105, .T. ) ;
#1867 = DIRECTION ( 'NONE',  ( 0.000000000000000000, 1.000000000000000000, 0.000000000000000000 ) ) ;
#1868 = CIRCLE ( 'NONE', #2709, 4.000000000000000000 ) ;
#1869 = FACE_OUTER_BOUND ( 'NONE', #551, .T. ) ;
#1870 = ADVANCED_FACE ( 'NONE', ( #2159 ), #667, .T. ) ;
#1871 = CIRCLE ( 'NONE', #661, 1.400000000000000133 ) ;
#1872 = EDGE_CURVE ( 'NONE', #2726, #2866, #1128, .T. ) ;
#1873 = AXIS2_PLACEMENT_3D ( 'NONE', #3086, #2264, #1454 ) ;
#1874 = CARTESIAN_POINT ( 'NONE',  ( 16.00000000000000355, 0.000000000000000000, 19.10000000000000497 ) ) ;
#1875 = VERTEX_POINT ( 'NONE', #787 ) ;
#1876 = CARTESIAN_POINT ( 'NONE',  ( 20.00000000000000000, 10.50000000000000178, -7.849999999999999645 ) ) ;
#1877 = AXIS2_PLACEMENT_3D ( 'NONE', #1149, #2503, #2217 ) ;
#1878 = LINE ( 'NONE', #261, #1906 ) ;
#1879 = CARTESIAN_POINT ( 'NONE',  ( 20.00000000000000000, 6.800000000000002487, -7.849999999999999645 ) ) ;
#1880 = VERTEX_POINT ( 'NONE', #2439 ) ;
#1881 = PLANE ( 'NONE',  #888 ) ;
#1882 = DIRECTION ( 'NONE',  ( 0.000000000000000000, 1.000000000000000000, 0.000000000000000000 ) ) ;
#1883 = CARTESIAN_POINT ( 'NONE',  ( -18.00000000000000355, 19.64999999999999858, -19.09999999999999432 ) ) ;
#1884 = CARTESIAN_POINT ( 'NONE',  ( -17.49999999999999645, 3.599999999999999201, -5.599999999999994316 ) ) ;
#1885 = CARTESIAN_POINT ( 'NONE',  ( 16.00000000000000000, 6.800000000000002487, -7.849999999999999645 ) ) ;
#1886 = ORIENTED_EDGE ( 'NONE', *, *, #3125, .T. ) ;
#1887 = DIRECTION ( 'NONE',  ( -1.501925087425806872E-16, 0.000000000000000000, -1.000000000000000000 ) ) ;
#1888 = DIRECTION ( 'NONE',  ( 1.501925087425806872E-16, 0.000000000000000000, 1.000000000000000000 ) ) ;
#1889 = CARTESIAN_POINT ( 'NONE',  ( -1.900000000000003464, 4.100000000000000533, 21.10000000000000853 ) ) ;
#1890 = EDGE_CURVE ( 'NONE', #3488, #1556, #1878, .T. ) ;
#1891 = AXIS2_PLACEMENT_3D ( 'NONE', #2799, #358, #2038 ) ;
#1892 = DIRECTION ( 'NONE',  ( 1.000000000000000000, -0.000000000000000000, -1.131341397376178572E-16 ) ) ;
#1893 = CARTESIAN_POINT ( 'NONE',  ( 17.99999999999998934, 21.59410370944288005, 19.09999999999999787 ) ) ;
#1894 = VERTEX_POINT ( 'NONE', #3518 ) ;
#1895 = LINE ( 'NONE', #3278, #1130 ) ;
#1896 = CARTESIAN_POINT ( 'NONE',  ( -15.99999999999999822, 21.27698179471861906, 21.10000000000000497 ) ) ;
#1897 = ORIENTED_EDGE ( 'NONE', *, *, #1705, .T. ) ;
#1898 = ADVANCED_FACE ( 'NONE', ( #3364 ), #915, .F. ) ;
#1899 = DIRECTION ( 'NONE',  ( -0.000000000000000000, -1.000000000000000000, -0.000000000000000000 ) ) ;
#1900 = CARTESIAN_POINT ( 'NONE',  ( -6.500000000000005329, 2.000000000000000000, -20.59999999999999432 ) ) ;
#1901 = CARTESIAN_POINT ( 'NONE',  ( 16.00000000000000000, 21.59410370944288005, -21.09999999999999787 ) ) ;
#1902 = EDGE_CURVE ( 'NONE', #301, #1014, #982, .T. ) ;
#1903 = VERTEX_POINT ( 'NONE', #655 ) ;
#1904 = CIRCLE ( 'NONE', #817, 0.5000000000000004441 ) ;
#1905 = DIRECTION ( 'NONE',  ( -0.000000000000000000, 1.000000000000000000, 0.000000000000000000 ) ) ;
#1906 = VECTOR ( 'NONE', #2420, 1000.000000000000000 ) ;
#1907 = ADVANCED_FACE ( 'NONE', ( #3432, #640 ), #1195, .T. ) ;
#1908 = CARTESIAN_POINT ( 'NONE',  ( -15.20803989154980407, -15.56376789673679539, -4.599999999999992539 ) ) ;
#1909 = LINE ( 'NONE', #1359, #736 ) ;
#1910 = EDGE_LOOP ( 'NONE', ( #1308, #3155, #3084, #499 ) ) ;
#1911 = CARTESIAN_POINT ( 'NONE',  ( -17.74650812517910836, 21.59410370944292268, 20.10947279642994800 ) ) ;
#1912 = CARTESIAN_POINT ( 'NONE',  ( 18.00000000000000711, 19.64999999999999858, 19.10000000000000142 ) ) ;
#1913 = CARTESIAN_POINT ( 'NONE',  ( -16.52269544733817241, 21.59410370944287649, 21.04837396169905617 ) ) ;
#1914 = EDGE_LOOP ( 'NONE', ( #2911, #2661, #2017, #1566 ) ) ;
#1915 = EDGE_CURVE ( 'NONE', #1540, #716, #1275, .T. ) ;
#1916 = CARTESIAN_POINT ( 'NONE',  ( 15.99999999999999645, 9.100000000000001421, -14.34999999999999964 ) ) ;
#1917 = EDGE_CURVE ( 'NONE', #2942, #2579, #976, .T. ) ;
#1918 = CARTESIAN_POINT ( 'NONE',  ( 16.00000000000000000, 2.000000000000001776, 19.10000000000000497 ) ) ;
#1919 = CARTESIAN_POINT ( 'NONE',  ( 17.21984028399392130, 21.59410370944271307, -20.69024845256836187 ) ) ;
#1920 = ORIENTED_EDGE ( 'NONE', *, *, #1682, .F. ) ;
#1921 = ORIENTED_EDGE ( 'NONE', *, *, #1347, .T. ) ;
#1922 = FACE_OUTER_BOUND ( 'NONE', #3099, .T. ) ;
#1923 = AXIS2_PLACEMENT_3D ( 'NONE', #3384, #1963, #3048 ) ;
#1924 = VECTOR ( 'NONE', #2502, 1000.000000000000000 ) ;
#1925 = LINE ( 'NONE', #1324, #1244 ) ;
#1926 = CARTESIAN_POINT ( 'NONE',  ( 17.99999999999998934, 21.59410370944563695, 19.36487634345249376 ) ) ;
#1927 = EDGE_LOOP ( 'NONE', ( #1854, #1217, #679, #2706, #1773, #2443, #1940, #1581, #1515, #3119, #2525, #959, #3521, #1779, #686, #1429, #1175 ) ) ;
#1928 = CIRCLE ( 'NONE', #389, 2.499999999999993339 ) ;
#1929 = CARTESIAN_POINT ( 'NONE',  ( 17.22745848645950772, 21.59410370944289070, -20.70099575711027384 ) ) ;
#1930 = VECTOR ( 'NONE', #3370, 1000.000000000000000 ) ;
#1931 = CARTESIAN_POINT ( 'NONE',  ( 16.00000000000000355, 21.16400731508066002, 22.11544195096116994 ) ) ;
#1932 = LINE ( 'NONE', #2203, #1818 ) ;
#1933 = ORIENTED_EDGE ( 'NONE', *, *, #2638, .T. ) ;
#1934 = CARTESIAN_POINT ( 'NONE',  ( -11.62999999999999723, 4.699999999999988631, 23.10000000000000853 ) ) ;
#1935 = EDGE_CURVE ( 'NONE', #3291, #743, #1980, .T. ) ;
#1936 = CIRCLE ( 'NONE', #2776, 0.4000000000000010214 ) ;
#1937 = CARTESIAN_POINT ( 'NONE',  ( -18.00000000000000355, 19.78918494657904859, 19.10000000000000142 ) ) ;
#1938 = FACE_OUTER_BOUND ( 'NONE', #3253, .T. ) ;
#1939 = ORIENTED_EDGE ( 'NONE', *, *, #2260, .T. ) ;
#1940 = ORIENTED_EDGE ( 'NONE', *, *, #814, .F. ) ;
#1941 = CARTESIAN_POINT ( 'NONE',  ( 17.99999999999999645, 8.200000000000002842, -14.34999999999999964 ) ) ;
#1942 = LINE ( 'NONE', #553, #2535 ) ;
#1943 = AXIS2_PLACEMENT_3D ( 'NONE', #810, #1882, #2424 ) ;
#1944 = DIRECTION ( 'NONE',  ( 1.000000000000000000, 0.000000000000000000, -1.508455196501571429E-16 ) ) ;
#1945 = VERTEX_POINT ( 'NONE', #2321 ) ;
#1946 = DIRECTION ( 'NONE',  ( -0.000000000000000000, -1.000000000000000000, -0.000000000000000000 ) ) ;
#1947 = EDGE_CURVE ( 'NONE', #1151, #910, #2622, .T. ) ;
#1948 = EDGE_CURVE ( 'NONE', #3141, #2418, #3399, .T. ) ;
#1949 = CARTESIAN_POINT ( 'NONE',  ( -17.73485103493464266, 21.59410370944261359, 20.10358699025708873 ) ) ;
#1950 = VERTEX_POINT ( 'NONE', #3420 ) ;
#1951 = DIRECTION ( 'NONE',  ( 0.000000000000000000, 1.000000000000000000, 0.000000000000000000 ) ) ;
#1952 = CARTESIAN_POINT ( 'NONE',  ( -6.500000000000003553, 3.600000000000000089, 2.900000000000006573 ) ) ;
#1953 = CARTESIAN_POINT ( 'NONE',  ( 17.15866437604054440, 21.20464809190589150, -21.10259871168739920 ) ) ;
#1954 = ORIENTED_EDGE ( 'NONE', *, *, #1517, .T. ) ;
#1955 = EDGE_LOOP ( 'NONE', ( #2333, #2183, #139, #1591 ) ) ;
#1956 = DIRECTION ( 'NONE',  ( 0.000000000000000000, 0.000000000000000000, -1.000000000000000000 ) ) ;
#1957 = DIRECTION ( 'NONE',  ( 1.000000000000000000, 0.000000000000000000, -1.501925087425806872E-16 ) ) ;
#1958 = ORIENTED_EDGE ( 'NONE', *, *, #3262, .F. ) ;
#1959 = CARTESIAN_POINT ( 'NONE',  ( 16.00000000000000000, 0.000000000000000000, -23.09999999999999432 ) ) ;
#1960 = B_SPLINE_CURVE_WITH_KNOTS ( 'NONE', 3,
 ( #1345, #2419, #3250, #2452, #821, #278, #1911, #2134, #2465, #3012 ),
 .UNSPECIFIED., .F., .F.,
 ( 4, 2, 2, 2, 4 ),
 ( 0.000000000000000000, 0.0007921336859806387071, 0.001584267371961277414, 0.002376401057941916230, 0.003168534743922554828 ),
 .UNSPECIFIED. ) ;
#1961 = CARTESIAN_POINT ( 'NONE',  ( -6.500000000000005329, 2.000000000000000000, -21.09999999999999432 ) ) ;
#1962 = ORIENTED_EDGE ( 'NONE', *, *, #1051, .T. ) ;
#1963 = DIRECTION ( 'NONE',  ( 0.000000000000000000, -0.000000000000000000, 1.000000000000000000 ) ) ;
#1964 = EDGE_CURVE ( 'NONE', #674, #1784, #1434, .T. ) ;
#1965 = CARTESIAN_POINT ( 'NONE',  ( -17.50763250878181410, 21.27698179471806128, -20.42080387052492441 ) ) ;
#1966 = CARTESIAN_POINT ( 'NONE',  ( 17.83588084441702293, 21.20464809183604160, -20.50799109904588846 ) ) ;
#1967 = ORIENTED_EDGE ( 'NONE', *, *, #3304, .T. ) ;
#1968 = VERTEX_POINT ( 'NONE', #970 ) ;
#1969 = CARTESIAN_POINT ( 'NONE',  ( -18.00000000000000355, 9.099999999999999645, -18.09999999999999432 ) ) ;
#1970 = ADVANCED_FACE ( 'NONE', ( #2059 ), #3145, .F. ) ;
#1971 = CIRCLE ( 'NONE', #3102, 1.400000000000000133 ) ;
#1972 = EDGE_CURVE ( 'NONE', #3477, #3299, #966, .T. ) ;
#1973 = ORIENTED_EDGE ( 'NONE', *, *, #1165, .T. ) ;
#1974 = CARTESIAN_POINT ( 'NONE',  ( -17.94819721875413165, 21.59410370944291913, -19.62328586973900002 ) ) ;
#1975 = ADVANCED_FACE ( 'NONE', ( #913 ), #668, .F. ) ;
#1976 = FACE_OUTER_BOUND ( 'NONE', #2187, .T. ) ;
#1977 = CIRCLE ( 'NONE', #3171, 0.4000000000000010214 ) ;
#1978 = VERTEX_POINT ( 'NONE', #1969 ) ;
#1979 = DIRECTION ( 'NONE',  ( 0.000000000000000000, -0.000000000000000000, 1.000000000000000000 ) ) ;
#1980 = B_SPLINE_CURVE_WITH_KNOTS ( 'NONE', 3,
 ( #2330, #899, #1993, #3075, #2899 ),
 .UNSPECIFIED., .F., .F.,
 ( 4, 1, 4 ),
 ( 0.000000000000000000, 0.3063616363167692702, 0.9162449681765302278 ),
 .UNSPECIFIED. ) ;
#1981 = VECTOR ( 'NONE', #584, 1000.000000000000000 ) ;
#1982 = EDGE_CURVE ( 'NONE', #776, #399, #2280, .T. ) ;
#1983 = CARTESIAN_POINT ( 'NONE',  ( -17.94837396169931765, 21.59410370944452850, -19.62269544733747750 ) ) ;
#1984 = DIRECTION ( 'NONE',  ( 0.000000000000000000, 0.000000000000000000, 1.000000000000000000 ) ) ;
#1985 = AXIS2_PLACEMENT_3D ( 'NONE', #42, #1378, #3015 ) ;
#1986 = ORIENTED_EDGE ( 'NONE', *, *, #3158, .T. ) ;
#1987 = VERTEX_POINT ( 'NONE', #424 ) ;
#1988 = VECTOR ( 'NONE', #2928, 1000.000000000000000 ) ;
#1989 = FACE_OUTER_BOUND ( 'NONE', #2922, .T. ) ;
#1990 = CARTESIAN_POINT ( 'NONE',  ( -19.01544195096118273, 21.16400731508066357, -20.86640499832423146 ) ) ;
#1991 = ORIENTED_EDGE ( 'NONE', *, *, #1817, .F. ) ;
#1992 = AXIS2_PLACEMENT_3D ( 'NONE', #3358, #616, #2523 ) ;
#1993 = CARTESIAN_POINT ( 'NONE',  ( 18.40966810795327646, 20.49268122259969260, 19.10000000000000497 ) ) ;
#1994 = ORIENTED_EDGE ( 'NONE', *, *, #3252, .F. ) ;
#1995 = CARTESIAN_POINT ( 'NONE',  ( -6.500000000000002665, 9.099999999999999645, 2.900000000000020783 ) ) ;
#1996 = DIRECTION ( 'NONE',  ( -0.000000000000000000, 1.000000000000000000, 0.000000000000000000 ) ) ;
#1997 = EDGE_LOOP ( 'NONE', ( #611, #1063, #282, #2787 ) ) ;
#1998 = CARTESIAN_POINT ( 'NONE',  ( 19.01544195096116496, 21.16400731508066002, -19.09999999999998721 ) ) ;
#1999 = CARTESIAN_POINT ( 'NONE',  ( -17.99999999999999645, 21.27698179471862971, -19.09999999999996945 ) ) ;
#2000 = FACE_OUTER_BOUND ( 'NONE', #2656, .T. ) ;
#2001 = VERTEX_POINT ( 'NONE', #3100 ) ;
#2002 = EDGE_LOOP ( 'NONE', ( #780, #581 ) ) ;
#2003 = CARTESIAN_POINT ( 'NONE',  ( 15.99999999999999645, 9.100000000000001421, -15.75000000000000000 ) ) ;
#2004 = DIRECTION ( 'NONE',  ( 0.000000000000000000, 1.000000000000000000, 0.000000000000000000 ) ) ;
#2005 = EDGE_CURVE ( 'NONE', #2929, #2472, #102, .T. ) ;
#2006 = CARTESIAN_POINT ( 'NONE',  ( 0.000000000000000000, 21.59410370944288005, -21.49999999999999289 ) ) ;
#2007 = DIRECTION ( 'NONE',  ( 0.000000000000000000, 0.000000000000000000, -1.000000000000000000 ) ) ;
#2008 = EDGE_LOOP ( 'NONE', ( #199, #1107, #1921, #2310 ) ) ;
#2009 = ADVANCED_FACE ( 'NONE', ( #2526 ), #2835, .F. ) ;
#2010 = LINE ( 'NONE', #1961, #1079 ) ;
#2011 = CYLINDRICAL_SURFACE ( 'NONE', #1694, 0.5000000000000004441 ) ;
#2012 = ORIENTED_EDGE ( 'NONE', *, *, #1415, .T. ) ;
#2013 = FACE_OUTER_BOUND ( 'NONE', #2574, .T. ) ;
#2014 = DIRECTION ( 'NONE',  ( -0.000000000000000000, -1.000000000000000000, -0.000000000000000000 ) ) ;
#2015 = EDGE_CURVE ( 'NONE', #1556, #2111, #999, .T. ) ;
#2016 = DIRECTION ( 'NONE',  ( -1.000000000000000000, 0.000000000000000000, 0.000000000000000000 ) ) ;
#2017 = ORIENTED_EDGE ( 'NONE', *, *, #6, .F. ) ;
#2018 = VERTEX_POINT ( 'NONE', #3393 ) ;
#2019 = ADVANCED_FACE ( 'NONE', ( #103 ), #2020, .T. ) ;
#2020 = CYLINDRICAL_SURFACE ( 'NONE', #1364, 0.5000000000000004441 ) ;
#2021 = CARTESIAN_POINT ( 'NONE',  ( -6.500000000000002665, 9.099999999999999645, -18.59999999999999787 ) ) ;
#2022 = LINE ( 'NONE', #1759, #1121 ) ;
#2023 = VERTEX_POINT ( 'NONE', #1704 ) ;
#2024 = MECHANICAL_DESIGN_GEOMETRIC_PRESENTATION_REPRESENTATION (  '', ( #3516 ), #2645 ) ;
#2025 = CARTESIAN_POINT ( 'NONE',  ( -6.000000000000005329, 2.000000000000001776, -20.59999999999999432 ) ) ;
#2026 = VERTEX_POINT ( 'NONE', #1192 ) ;
#2027 = VECTOR ( 'NONE', #1268, 1000.000000000000000 ) ;
#2028 = DIRECTION ( 'NONE',  ( 9.082321863752916905E-17, 0.000000000000000000, 1.000000000000000000 ) ) ;
#2029 = VECTOR ( 'NONE', #2173, 1000.000000000000000 ) ;
#2030 = CARTESIAN_POINT ( 'NONE',  ( -6.500000000000004441, 3.600000000000000089, -4.599999999999992539 ) ) ;
#2031 = CARTESIAN_POINT ( 'NONE',  ( -16.00000000000000000, 21.24999999999999645, -21.09999999999999432 ) ) ;
#2032 = EDGE_CURVE ( 'NONE', #1864, #1460, #2313, .T. ) ;
#2033 = ORIENTED_EDGE ( 'NONE', *, *, #1872, .T. ) ;
#2034 = VERTEX_POINT ( 'NONE', #3375 ) ;
#2035 = AXIS2_PLACEMENT_3D ( 'NONE', #3221, #497, #238 ) ;
#2036 = EDGE_CURVE ( 'NONE', #3360, #600, #512, .T. ) ;
#2037 = AXIS2_PLACEMENT_3D ( 'NONE', #3193, #713, #977 ) ;
#2038 = DIRECTION ( 'NONE',  ( 0.000000000000000000, 0.000000000000000000, 1.000000000000000000 ) ) ;
#2039 = DIRECTION ( 'NONE',  ( 0.000000000000000000, 0.000000000000000000, 1.000000000000000000 ) ) ;
#2040 = VECTOR ( 'NONE', #11, 1000.000000000000000 ) ;
#2041 = VECTOR ( 'NONE', #296, 1000.000000000000000 ) ;
#2042 = ORIENTED_EDGE ( 'NONE', *, *, #2298, .F. ) ;
#2043 = CARTESIAN_POINT ( 'NONE',  ( -6.500000000000002665, 3.600000000000000089, 7.600000000000012967 ) ) ;
#2044 = CARTESIAN_POINT ( 'NONE',  ( -17.50000000000000000, 9.099999999999999645, -18.59999999999999432 ) ) ;
#2045 = DIRECTION ( 'NONE',  ( -1.000000000000000000, 0.000000000000000000, 0.000000000000000000 ) ) ;
#2046 = ORIENTED_EDGE ( 'NONE', *, *, #1225, .T. ) ;
#2047 = DIRECTION ( 'NONE',  ( 0.000000000000000000, 0.000000000000000000, 1.000000000000000000 ) ) ;
#2048 = EDGE_CURVE ( 'NONE', #2451, #88, #3362, .T. ) ;
#2049 = CARTESIAN_POINT ( 'NONE',  ( -17.00358699025687770, 21.59410370944234003, -20.83485103493474000 ) ) ;
#2050 = CYLINDRICAL_SURFACE ( 'NONE', #2284, 2.700000000000001066 ) ;
#2051 = DIRECTION ( 'NONE',  ( -0.000000000000000000, -1.000000000000000000, -0.000000000000000000 ) ) ;
#2052 = VERTEX_POINT ( 'NONE', #3414 ) ;
#2053 = VERTEX_POINT ( 'NONE', #2783 ) ;
#2054 = DIRECTION ( 'NONE',  ( -0.000000000000000000, -0.000000000000000000, 1.000000000000000000 ) ) ;
#2055 = FACE_OUTER_BOUND ( 'NONE', #219, .T. ) ;
#2056 = ORIENTED_EDGE ( 'NONE', *, *, #3149, .T. ) ;
#2057 = EDGE_LOOP ( 'NONE', ( #577, #3342, #2352, #3271 ) ) ;
#2058 = CARTESIAN_POINT ( 'NONE',  ( -16.00000000000000355, 2.000000000000000000, -19.09999999999999432 ) ) ;
#2059 = FACE_OUTER_BOUND ( 'NONE', #3137, .T. ) ;
#2060 = VECTOR ( 'NONE', #3056, 1000.000000000000000 ) ;
#2061 = DIRECTION ( 'NONE',  ( -0.000000000000000000, 1.284980352575413932E-16, 1.000000000000000000 ) ) ;
#2062 = ORIENTED_EDGE ( 'NONE', *, *, #1714, .F. ) ;
#2063 = CARTESIAN_POINT ( 'NONE',  ( -15.20803989154980762, 9.099999999999999645, -19.09999999999999787 ) ) ;
#2064 = CARTESIAN_POINT ( 'NONE',  ( -16.60322968182071079, 21.20464809101428116, -21.34921688778268489 ) ) ;
#2065 = CARTESIAN_POINT ( 'NONE',  ( -15.99999999999999645, 0.000000000000000000, 19.10000000000000853 ) ) ;
#2066 = ORIENTED_EDGE ( 'NONE', *, *, #2812, .T. ) ;
#2067 = ORIENTED_EDGE ( 'NONE', *, *, #1890, .T. ) ;
#2068 = ADVANCED_FACE ( 'NONE', ( #1473 ), #1174, .F. ) ;
#2069 = DIRECTION ( 'NONE',  ( 1.000000000000000000, 0.000000000000000000, -0.000000000000000000 ) ) ;
#2070 = DIRECTION ( 'NONE',  ( 1.000000000000000000, -0.000000000000000000, -0.000000000000000000 ) ) ;
#2071 = EDGE_LOOP ( 'NONE', ( #770, #2851, #1828, #1772 ) ) ;
#2072 = FACE_OUTER_BOUND ( 'NONE', #3424, .T. ) ;
#2073 = ORIENTED_EDGE ( 'NONE', *, *, #2641, .T. ) ;
#2074 = DIRECTION ( 'NONE',  ( -1.561251128379127647E-14, 0.000000000000000000, -1.000000000000000000 ) ) ;
#2075 = CYLINDRICAL_SURFACE ( 'NONE', #2831, 0.4000000000000010214 ) ;
#2076 = PLANE ( 'NONE',  #2652 ) ;
#2077 = ORIENTED_EDGE ( 'NONE', *, *, #2297, .T. ) ;
#2078 = DIRECTION ( 'NONE',  ( -0.000000000000000000, 1.000000000000000000, -0.000000000000000000 ) ) ;
#2079 = EDGE_CURVE ( 'NONE', #2472, #2551, #295, .T. ) ;
#2080 = CARTESIAN_POINT ( 'NONE',  ( -11.62999999999999723, 4.699999999999988631, 21.10000000000000853 ) ) ;
#2081 = ORIENTED_EDGE ( 'NONE', *, *, #774, .T. ) ;
#2082 = ORIENTED_EDGE ( 'NONE', *, *, #2015, .F. ) ;
#2083 = ADVANCED_FACE ( 'NONE', ( #1989 ), #1489, .T. ) ;
#2084 = CIRCLE ( 'NONE', #1068, 0.4000000000000010214 ) ;
#2085 = DIRECTION ( 'NONE',  ( -0.000000000000000000, 1.000000000000000000, 0.000000000000000000 ) ) ;
#2086 = CARTESIAN_POINT ( 'NONE',  ( -17.49999999999999645, 3.600000000000000089, 8.600000000000006750 ) ) ;
#2087 = ORIENTED_EDGE ( 'NONE', *, *, #554, .T. ) ;
#2088 = CIRCLE ( 'NONE', #620, 4.000000000000000000 ) ;
#2089 = CARTESIAN_POINT ( 'NONE',  ( -18.00000000000000355, 3.600000000000000089, -21.09999999999999432 ) ) ;
#2090 = DIRECTION ( 'NONE',  ( 1.000000000000000000, 0.000000000000000000, -9.082321863752902114E-17 ) ) ;
#2091 = AXIS2_PLACEMENT_3D ( 'NONE', #1749, #2014, #2810 ) ;
#2092 = CIRCLE ( 'NONE', #3297, 0.5000000000000004441 ) ;
#2093 = ORIENTED_EDGE ( 'NONE', *, *, #905, .F. ) ;
#2094 = LINE ( 'NONE', #1032, #1806 ) ;
#2095 = AXIS2_PLACEMENT_3D ( 'NONE', #493, #3491, #3199 ) ;
#2096 = CYLINDRICAL_SURFACE ( 'NONE', #112, 1.400000000000000133 ) ;
#2097 = ORIENTED_EDGE ( 'NONE', *, *, #1915, .F. ) ;
#2098 = VECTOR ( 'NONE', #2757, 1000.000000000000000 ) ;
#2099 = DIRECTION ( 'NONE',  ( 1.032573497605242347E-16, -1.000000000000000000, 0.000000000000000000 ) ) ;
#2100 = EDGE_CURVE ( 'NONE', #864, #1729, #1719, .T. ) ;
#2101 = APPLICATION_CONTEXT ( 'automotive_design' ) ;
#2102 = CARTESIAN_POINT ( 'NONE',  ( -16.00000000000002842, 21.27698179471862616, -21.09999999999999432 ) ) ;
#2103 = DIRECTION ( 'NONE',  ( -0.000000000000000000, 1.000000000000000000, 0.000000000000000000 ) ) ;
#2104 = DIRECTION ( 'NONE',  ( 1.032573497605242347E-16, -1.000000000000000000, 0.000000000000000000 ) ) ;
#2105 = B_SPLINE_CURVE_WITH_KNOTS ( 'NONE', 3,
 ( #2738, #871, #1435, #614, #2255, #1697, #2775, #826, #352, #1075 ),
 .UNSPECIFIED., .F., .F.,
 ( 4, 2, 2, 2, 4 ),
 ( 0.000000000000000000, 0.0007921336859806375145, 0.001584267371961275029, 0.002376401057941912760, 0.003168534743922550058 ),
 .UNSPECIFIED. ) ;
#2106 = ORIENTED_EDGE ( 'NONE', *, *, #2221, .F. ) ;
#2107 = LINE ( 'NONE', #1274, #3396 ) ;
#2108 = LINE ( 'NONE', #3489, #407 ) ;
#2109 = CARTESIAN_POINT ( 'NONE',  ( 19.99999999999999645, 22.00000000000000000, -21.09999999999999432 ) ) ;
#2110 = DIRECTION ( 'NONE',  ( 0.000000000000000000, 1.000000000000000000, 0.000000000000000000 ) ) ;
#2111 = VERTEX_POINT ( 'NONE', #943 ) ;
#2112 = PLANE ( 'NONE',  #2312 ) ;
#2113 = CYLINDRICAL_SURFACE ( 'NONE', #441, 0.5000000000000004441 ) ;
#2114 = ORIENTED_EDGE ( 'NONE', *, *, #502, .T. ) ;
#2115 = DIRECTION ( 'NONE',  ( -0.000000000000000000, -1.000000000000000000, -0.000000000000000000 ) ) ;
#2116 = ORIENTED_EDGE ( 'NONE', *, *, #712, .F. ) ;
#2117 = DIRECTION ( 'NONE',  ( -0.000000000000000000, 1.000000000000000000, -0.000000000000000000 ) ) ;
#2118 = DIRECTION ( 'NONE',  ( 0.000000000000000000, 0.000000000000000000, 1.000000000000000000 ) ) ;
#2119 = EDGE_CURVE ( 'NONE', #383, #323, #3296, .T. ) ;
#2120 = PLANE ( 'NONE',  #781 ) ;
#2121 = EDGE_LOOP ( 'NONE', ( #586, #3321, #462, #880 ) ) ;
#2122 = DIRECTION ( 'NONE',  ( -1.000000000000000000, 0.000000000000000000, 0.000000000000000000 ) ) ;
#2123 = EDGE_CURVE ( 'NONE', #3488, #2404, #1548, .T. ) ;
#2124 = DIRECTION ( 'NONE',  ( -1.501925087425806872E-16, -0.000000000000000000, -1.000000000000000000 ) ) ;
#2125 = ADVANCED_FACE ( 'NONE', ( #2408 ), #2675, .T. ) ;
#2126 = CARTESIAN_POINT ( 'NONE',  ( 12.09999999999999254, 6.200000000000001066, 21.10000000000000853 ) ) ;
#2127 = ORIENTED_EDGE ( 'NONE', *, *, #3207, .F. ) ;
#2128 = LINE ( 'NONE', #2412, #1067 ) ;
#2129 = EDGE_CURVE ( 'NONE', #1864, #2162, #2615, .T. ) ;
#2130 = DIRECTION ( 'NONE',  ( -1.000000000000000000, 0.000000000000000000, 1.084202172485504434E-16 ) ) ;
#2131 = ORIENTED_EDGE ( 'NONE', *, *, #2149, .F. ) ;
#2132 = DIRECTION ( 'NONE',  ( 0.000000000000000000, 0.000000000000000000, 1.000000000000000000 ) ) ;
#2133 = ORIENTED_EDGE ( 'NONE', *, *, #2604, .T. ) ;
#2134 = CARTESIAN_POINT ( 'NONE',  ( -17.94826461102939419, 21.59410370944292268, 19.62305923513423167 ) ) ;
#2135 = CARTESIAN_POINT ( 'NONE',  ( 17.17157287525381193, 21.24999999999999645, 21.10000000000000497 ) ) ;
#2136 = CARTESIAN_POINT ( 'NONE',  ( 17.99999999999999645, 2.000000000000001776, -19.09999999999999076 ) ) ;
#2137 = ORIENTED_EDGE ( 'NONE', *, *, #639, .F. ) ;
#2138 = CARTESIAN_POINT ( 'NONE',  ( 15.99999999999999645, 9.100000000000001421, -15.75000000000000000 ) ) ;
#2139 = CARTESIAN_POINT ( 'NONE',  ( 18.30876227786324506, 21.20464809186971422, -20.45244163007688698 ) ) ;
#2140 = VECTOR ( 'NONE', #182, 1000.000000000000000 ) ;
#2141 = FACE_OUTER_BOUND ( 'NONE', #2577, .T. ) ;
#2142 = EDGE_CURVE ( 'NONE', #269, #2950, #2926, .T. ) ;
#2143 = CARTESIAN_POINT ( 'NONE',  ( 16.00000000000000355, 21.20464809186998423, 21.40876227786208474 ) ) ;
#2144 = VECTOR ( 'NONE', #924, 1000.000000000000000 ) ;
#2145 = DIRECTION ( 'NONE',  ( -0.000000000000000000, 1.000000000000000000, -0.000000000000000000 ) ) ;
#2146 = EDGE_LOOP ( 'NONE', ( #2081, #2544, #481, #738 ) ) ;
#2147 = DIRECTION ( 'NONE',  ( 1.501925087425806872E-16, -0.000000000000000000, 1.000000000000000000 ) ) ;
#2148 = AXIS2_PLACEMENT_3D ( 'NONE', #3369, #2774, #920 ) ;
#2149 = EDGE_CURVE ( 'NONE', #3361, #3291, #3198, .T. ) ;
#2150 = DIRECTION ( 'NONE',  ( 0.000000000000000000, -1.000000000000000000, 0.000000000000000000 ) ) ;
#2151 = VECTOR ( 'NONE', #3110, 1000.000000000000000 ) ;
#2152 = CARTESIAN_POINT ( 'NONE',  ( -7.000000000000003553, 3.600000000000000089, 3.400000000000007017 ) ) ;
#2153 = VECTOR ( 'NONE', #186, 1000.000000000000000 ) ;
#2154 = DIRECTION ( 'NONE',  ( -9.082321863752916905E-17, 0.000000000000000000, -1.000000000000000000 ) ) ;
#2155 = ORIENTED_EDGE ( 'NONE', *, *, #2079, .F. ) ;
#2156 = CARTESIAN_POINT ( 'NONE',  ( -6.500000000000004441, 3.600000000000000089, -4.599999999999992539 ) ) ;
#2157 = AXIS2_PLACEMENT_3D ( 'NONE', #1884, #461, #2351 ) ;
#2158 = EDGE_CURVE ( 'NONE', #2337, #323, #3475, .T. ) ;
#2159 = FACE_OUTER_BOUND ( 'NONE', #820, .T. ) ;
#2160 = CARTESIAN_POINT ( 'NONE',  ( -18.30876227786207266, 21.20464809186998423, 19.10000000000000142 ) ) ;
#2161 = CIRCLE ( 'NONE', #177, 2.000000000000001776 ) ;
#2162 = VERTEX_POINT ( 'NONE', #3157 ) ;
#2163 = PLANE ( 'NONE',  #1234 ) ;
#2164 = ADVANCED_FACE ( 'NONE', ( #3180 ), #460, .F. ) ;
#2165 = DIRECTION ( 'NONE',  ( 0.000000000000000000, 0.000000000000000000, -1.000000000000000000 ) ) ;
#2166 = CARTESIAN_POINT ( 'NONE',  ( 17.94841790856946062, 21.59410370944288360, -19.62255677096528572 ) ) ;
#2167 = VERTEX_POINT ( 'NONE', #2907 ) ;
#2168 = LINE ( 'NONE', #1373, #1754 ) ;
#2169 = CARTESIAN_POINT ( 'NONE',  ( 16.00000000000000711, 22.00000000000000000, 23.10000000000000853 ) ) ;
#2170 = LINE ( 'NONE', #1852, #115 ) ;
#2171 = EDGE_CURVE ( 'NONE', #3143, #3334, #2266, .T. ) ;
#2172 = EDGE_LOOP ( 'NONE', ( #1833, #2736, #2097, #2531 ) ) ;
#2173 = DIRECTION ( 'NONE',  ( 0.000000000000000000, -1.000000000000000000, 0.000000000000000000 ) ) ;
#2174 = CARTESIAN_POINT ( 'NONE',  ( -17.94841791165204370, 21.27698179471643058, 19.62255677224293038 ) ) ;
#2175 = ORIENTED_EDGE ( 'NONE', *, *, #3153, .T. ) ;
#2176 = LINE ( 'NONE', #2996, #2763 ) ;
#2177 = CARTESIAN_POINT ( 'NONE',  ( -15.99999999999999289, 2.000000000000000000, 21.10000000000000853 ) ) ;
#2178 = CARTESIAN_POINT ( 'NONE',  ( 17.99999999999999289, 21.27698179471861906, -19.09999999999999076 ) ) ;
#2179 = ORIENTED_EDGE ( 'NONE', *, *, #3239, .F. ) ;
#2180 = DIRECTION ( 'NONE',  ( 0.000000000000000000, 1.000000000000000000, 0.000000000000000000 ) ) ;
#2181 = CARTESIAN_POINT ( 'NONE',  ( 11.59999999999999609, 4.099999999999999645, 21.60000000000000853 ) ) ;
#2182 = EDGE_CURVE ( 'NONE', #2732, #3132, #492, .T. ) ;
#2183 = ORIENTED_EDGE ( 'NONE', *, *, #3284, .F. ) ;
#2184 = CARTESIAN_POINT ( 'NONE',  ( 17.99999999999999645, 21.59410370944288360, -19.09999999999999076 ) ) ;
#2185 = CARTESIAN_POINT ( 'NONE',  ( 18.00000000000001066, 19.78918494657904859, 20.27157287525381335 ) ) ;
#2186 = CARTESIAN_POINT ( 'NONE',  ( -17.73485103482472169, 21.27698179471836681, 20.10358699018360085 ) ) ;
#2187 = EDGE_LOOP ( 'NONE', ( #3264, #3435, #1278, #100 ) ) ;
#2188 = FACE_BOUND ( 'NONE', #2002, .T. ) ;
#2189 = FACE_OUTER_BOUND ( 'NONE', #1211, .T. ) ;
#2190 = CARTESIAN_POINT ( 'NONE',  ( 16.26487634345139455, 21.59410370944343072, -21.09999999999999787 ) ) ;
#2191 = ORIENTED_EDGE ( 'NONE', *, *, #459, .T. ) ;
#2192 = ORIENTED_EDGE ( 'NONE', *, *, #3318, .T. ) ;
#2193 = CIRCLE ( 'NONE', #2475, 0.5000000000000004441 ) ;
#2194 = DIRECTION ( 'NONE',  ( -1.929944228382272707E-32, 1.000000000000000000, -1.284980352575413932E-16 ) ) ;
#2195 = CIRCLE ( 'NONE', #666, 0.5000000000000004441 ) ;
#2196 = CIRCLE ( 'NONE', #163, 0.5000000000000004441 ) ;
#2197 = CARTESIAN_POINT ( 'NONE',  ( -15.99999999999999645, 21.16400731508066002, 22.11544195096117349 ) ) ;
#2198 = CYLINDRICAL_SURFACE ( 'NONE', #2371, 4.000000000000000000 ) ;
#2199 = ORIENTED_EDGE ( 'NONE', *, *, #604, .F. ) ;
#2200 = VECTOR ( 'NONE', #2147, 1000.000000000000000 ) ;
#2201 = DIRECTION ( 'NONE',  ( 0.000000000000000000, 0.000000000000000000, -1.000000000000000000 ) ) ;
#2202 = VECTOR ( 'NONE', #1681, 1000.000000000000000 ) ;
#2203 = CARTESIAN_POINT ( 'NONE',  ( -18.00000000000000355, 2.000000000000000000, -23.09999999999999432 ) ) ;
#2204 = ORIENTED_EDGE ( 'NONE', *, *, #2129, .T. ) ;
#2205 = AXIS2_PLACEMENT_3D ( 'NONE', #2358, #575, #311 ) ;
#2206 = CARTESIAN_POINT ( 'NONE',  ( -7.000000000000004441, 3.600000000000000089, -5.099999999999993427 ) ) ;
#2207 = VECTOR ( 'NONE', #2209, 1000.000000000000000 ) ;
#2208 = CARTESIAN_POINT ( 'NONE',  ( -18.00000000000000355, 19.78918494657904859, -19.09999999999999432 ) ) ;
#2209 = DIRECTION ( 'NONE',  ( 1.000000000000000000, 0.000000000000000000, 0.000000000000000000 ) ) ;
#2210 = CARTESIAN_POINT ( 'NONE',  ( -1.400000000000003686, 6.200000000000001066, 23.10000000000000853 ) ) ;
#2211 = EDGE_LOOP ( 'NONE', ( #2388, #2968, #2519, #767 ) ) ;
#2212 = VERTEX_POINT ( 'NONE', #3139 ) ;
#2213 = DIRECTION ( 'NONE',  ( 0.000000000000000000, -1.284980352575413439E-16, -1.000000000000000000 ) ) ;
#2214 = FACE_OUTER_BOUND ( 'NONE', #901, .T. ) ;
#2215 = ORIENTED_EDGE ( 'NONE', *, *, #264, .T. ) ;
#2216 = CARTESIAN_POINT ( 'NONE',  ( -18.00000000000000355, 21.59410370944287649, -19.09999999999999076 ) ) ;
#2217 = DIRECTION ( 'NONE',  ( 0.000000000000000000, 0.000000000000000000, 1.000000000000000000 ) ) ;
#2218 = DIRECTION ( 'NONE',  ( 0.000000000000000000, -1.000000000000000000, 0.000000000000000000 ) ) ;
#2219 = ORIENTED_EDGE ( 'NONE', *, *, #2048, .T. ) ;
#2220 = CARTESIAN_POINT ( 'NONE',  ( 18.00000000000000711, 19.64999999999999503, -20.27157287525380625 ) ) ;
#2221 = EDGE_CURVE ( 'NONE', #3368, #457, #1026, .T. ) ;
#2222 = CARTESIAN_POINT ( 'NONE',  ( -18.07449205908288903, 21.20464809228794678, -20.12468386764455275 ) ) ;
#2223 = CARTESIAN_POINT ( 'NONE',  ( 17.00371041855236243, 21.59410370944325308, -20.83478121244146664 ) ) ;
#2224 = ORIENTED_EDGE ( 'NONE', *, *, #1382, .T. ) ;
#2225 = VERTEX_POINT ( 'NONE', #1580 ) ;
#2226 = EDGE_CURVE ( 'NONE', #2299, #2472, #718, .T. ) ;
#2227 = DIRECTION ( 'NONE',  ( -0.000000000000000000, -1.000000000000000000, -0.000000000000000000 ) ) ;
#2228 = ORIENTED_EDGE ( 'NONE', *, *, #3319, .T. ) ;
#2229 = ADVANCED_FACE ( 'NONE', ( #2598 ), #3433, .T. ) ;
#2230 = EDGE_LOOP ( 'NONE', ( #192, #989, #2468, #2062, #1599, #3471, #941, #1958 ) ) ;
#2231 = EDGE_CURVE ( 'NONE', #536, #2348, #3006, .T. ) ;
#2232 = CARTESIAN_POINT ( 'NONE',  ( -16.52305923513423380, 21.59410370944291557, -21.04826461102940627 ) ) ;
#2233 = CYLINDRICAL_SURFACE ( 'NONE', #3061, 0.4000000000000010214 ) ;
#2234 = ORIENTED_EDGE ( 'NONE', *, *, #1428, .F. ) ;
#2235 = PLANE ( 'NONE',  #834 ) ;
#2236 = CARTESIAN_POINT ( 'NONE',  ( -17.21969343701185906, 21.59410370944342361, -20.69035935566060047 ) ) ;
#2237 = CARTESIAN_POINT ( 'NONE',  ( -8.929999999999996163, 4.699999999999988631, 21.10000000000000853 ) ) ;
#2238 = EDGE_LOOP ( 'NONE', ( #174, #3410, #3379, #916, #2224 ) ) ;
#2239 = ORIENTED_EDGE ( 'NONE', *, *, #2270, .T. ) ;
#2240 = EDGE_CURVE ( 'NONE', #1809, #1273, #1335, .T. ) ;
#2241 = CARTESIAN_POINT ( 'NONE',  ( 15.99999999999999289, 22.00000000000000000, -19.09999999999999076 ) ) ;
#2242 = AXIS2_PLACEMENT_3D ( 'NONE', #2949, #2410, #517 ) ;
#2243 = VECTOR ( 'NONE', #990, 1000.000000000000000 ) ;
#2244 = CIRCLE ( 'NONE', #443, 1.400000000000000133 ) ;
#2245 = ORIENTED_EDGE ( 'NONE', *, *, #146, .F. ) ;
#2246 = DIRECTION ( 'NONE',  ( -0.000000000000000000, 1.000000000000000000, 0.000000000000000000 ) ) ;
#2247 = AXIS2_PLACEMENT_3D ( 'NONE', #2594, #2366, #175 ) ;
#2248 = DIRECTION ( 'NONE',  ( 1.000000000000000000, -0.000000000000000000, -1.508455196501571429E-16 ) ) ;
#2249 = ADVANCED_FACE ( 'NONE', ( #3453 ), #1255, .T. ) ;
#2250 = CARTESIAN_POINT ( 'NONE',  ( 18.00000000000000355, 21.59410370944288360, 23.10000000000000853 ) ) ;
#2251 = CIRCLE ( 'NONE', #338, 0.4000000000000010214 ) ;
#2252 = ORIENTED_EDGE ( 'NONE', *, *, #987, .T. ) ;
#2253 = DIRECTION ( 'NONE',  ( 0.000000000000000000, 0.000000000000000000, -1.000000000000000000 ) ) ;
#2254 = VECTOR ( 'NONE', #1042, 1000.000000000000000 ) ;
#2255 = CARTESIAN_POINT ( 'NONE',  ( 17.60099575711028308, 21.59410370944289070, 20.32745848645951625 ) ) ;
#2256 = CARTESIAN_POINT ( 'NONE',  ( -19.01544195096117207, 21.16400731508066002, 20.86640499832426698 ) ) ;
#2257 = CARTESIAN_POINT ( 'NONE',  ( 18.39999999999999147, 22.00000000000000000, -19.09999999999999076 ) ) ;
#2258 = VECTOR ( 'NONE', #113, 1000.000000000000000 ) ;
#2259 = CARTESIAN_POINT ( 'NONE',  ( 17.99999999999999645, 9.100000000000001421, -14.34999999999999964 ) ) ;
#2260 = EDGE_CURVE ( 'NONE', #86, #3000, #1846, .T. ) ;
#2261 = ORIENTED_EDGE ( 'NONE', *, *, #1501, .F. ) ;
#2262 = ORIENTED_EDGE ( 'NONE', *, *, #290, .T. ) ;
#2263 = VECTOR ( 'NONE', #503, 1000.000000000000000 ) ;
#2264 = DIRECTION ( 'NONE',  ( -0.000000000000000000, 1.000000000000000000, 0.000000000000000000 ) ) ;
#2265 = CARTESIAN_POINT ( 'NONE',  ( 18.40000000000000213, 21.59999999999999787, 23.10000000000000853 ) ) ;
#2266 = CIRCLE ( 'NONE', #1191, 0.5000000000000004441 ) ;
#2267 = ORIENTED_EDGE ( 'NONE', *, *, #2766, .T. ) ;
#2268 = CARTESIAN_POINT ( 'NONE',  ( 15.99999999999999645, 8.200000000000002842, -14.34999999999999964 ) ) ;
#2269 = EDGE_CURVE ( 'NONE', #2551, #3374, #1316, .T. ) ;
#2270 = EDGE_CURVE ( 'NONE', #2052, #3311, #598, .T. ) ;
#2271 = DIRECTION ( 'NONE',  ( 1.501925087425806872E-16, -0.000000000000000000, 1.000000000000000000 ) ) ;
#2272 = EDGE_CURVE ( 'NONE', #2034, #435, #303, .T. ) ;
#2273 = ORIENTED_EDGE ( 'NONE', *, *, #2812, .F. ) ;
#2274 = FACE_OUTER_BOUND ( 'NONE', #1753, .T. ) ;
#2275 = CARTESIAN_POINT ( 'NONE',  ( -18.00000000000000355, 22.00000000000000000, -19.09999999999999076 ) ) ;
#2276 = CARTESIAN_POINT ( 'NONE',  ( 0.000000000000000000, 20.55698864586779706, -21.54711635226610156 ) ) ;
#2277 = LINE ( 'NONE', #3372, #1689 ) ;
#2278 = ORIENTED_EDGE ( 'NONE', *, *, #1947, .F. ) ;
#2279 = ORIENTED_EDGE ( 'NONE', *, *, #498, .T. ) ;
#2280 = LINE ( 'NONE', #2003, #2060 ) ;
#2281 = CARTESIAN_POINT ( 'NONE',  ( -17.76640499832430109, 21.16400731508066357, -22.11544195096113796 ) ) ;
#2282 = LINE ( 'NONE', #931, #366 ) ;
#2283 = ORIENTED_EDGE ( 'NONE', *, *, #3169, .F. ) ;
#2284 = AXIS2_PLACEMENT_3D ( 'NONE', #136, #1271, #419 ) ;
#2285 = ADVANCED_FACE ( 'NONE', ( #795 ), #673, .T. ) ;
#2286 = CARTESIAN_POINT ( 'NONE',  ( -17.99999999999999645, 2.000000000000001776, 19.10000000000000497 ) ) ;
#2287 = ORIENTED_EDGE ( 'NONE', *, *, #3350, .F. ) ;
#2288 = CARTESIAN_POINT ( 'NONE',  ( 17.17157287525381548, 19.78918494657904859, -21.09999999999999787 ) ) ;
#2289 = EDGE_CURVE ( 'NONE', #2573, #3361, #727, .T. ) ;
#2290 = CARTESIAN_POINT ( 'NONE',  ( -15.99999999999999645, 21.24999999999999645, 21.10000000000001563 ) ) ;
#2291 = CARTESIAN_POINT ( 'NONE',  ( -6.500000000000002665, 9.099999999999999645, -18.59999999999999787 ) ) ;
#2292 = CARTESIAN_POINT ( 'NONE',  ( 16.00000000000000000, 22.00000000000000000, 19.10000000000000497 ) ) ;
#2293 = ORIENTED_EDGE ( 'NONE', *, *, #1240, .T. ) ;
#2294 = VERTEX_POINT ( 'NONE', #1135 ) ;
#2295 = DIRECTION ( 'NONE',  ( 0.000000000000000000, 1.000000000000000000, 0.000000000000000000 ) ) ;
#2296 = CARTESIAN_POINT ( 'NONE',  ( -18.00000000000001776, 19.64999999999999503, -20.27157287525377782 ) ) ;
#2297 = EDGE_CURVE ( 'NONE', #2944, #3054, #2924, .T. ) ;
#2298 = EDGE_CURVE ( 'NONE', #3368, #2018, #56, .T. ) ;
#2299 = VERTEX_POINT ( 'NONE', #1060 ) ;
#2300 = CARTESIAN_POINT ( 'NONE',  ( -7.000000000000002665, 3.099999999999999645, 8.100000000000006750 ) ) ;
#2301 = VECTOR ( 'NONE', #236, 1000.000000000000000 ) ;
#2302 = CARTESIAN_POINT ( 'NONE',  ( -19.99999999999999645, 22.00000000000000000, 19.10000000000000497 ) ) ;
#2303 = ORIENTED_EDGE ( 'NONE', *, *, #1355, .T. ) ;
#2304 = DIRECTION ( 'NONE',  ( -0.000000000000000000, -1.000000000000000000, -0.000000000000000000 ) ) ;
#2305 = CIRCLE ( 'NONE', #1008, 2.000000000000001776 ) ;
#2306 = CIRCLE ( 'NONE', #224, 0.4000000000000010214 ) ;
#2307 = CARTESIAN_POINT ( 'NONE',  ( -16.88758547699966428, 21.27698179471861550, -20.89709251171871074 ) ) ;
#2308 = DIRECTION ( 'NONE',  ( -1.131341397376178572E-16, 0.000000000000000000, -1.000000000000000000 ) ) ;
#2309 = LINE ( 'NONE', #1732, #1541 ) ;
#2310 = ORIENTED_EDGE ( 'NONE', *, *, #245, .F. ) ;
#2311 = EDGE_LOOP ( 'NONE', ( #153, #1010, #3383, #636 ) ) ;
#2312 = AXIS2_PLACEMENT_3D ( 'NONE', #3201, #2373, #1888 ) ;
#2313 = CIRCLE ( 'NONE', #1873, 2.000000000000001776 ) ;
#2314 = CARTESIAN_POINT ( 'NONE',  ( -1.900000000000003464, 4.100000000000000533, 22.60000000000000853 ) ) ;
#2315 = CARTESIAN_POINT ( 'NONE',  ( -18.00000000000000355, 19.78918494657904859, -19.09999999999996589 ) ) ;
#2316 = ORIENTED_EDGE ( 'NONE', *, *, #2747, .F. ) ;
#2317 = CARTESIAN_POINT ( 'NONE',  ( -12.25000000000000178, 9.099999999999999645, -2.600000000000000089 ) ) ;
#2318 = VECTOR ( 'NONE', #2599, 1000.000000000000000 ) ;
#2319 = VERTEX_POINT ( 'NONE', #285 ) ;
#2320 = CARTESIAN_POINT ( 'NONE',  ( -17.49999999999999645, 3.099999999999999645, 8.100000000000006750 ) ) ;
#2321 = CARTESIAN_POINT ( 'NONE',  ( -14.32999999999999829, 4.699999999999988631, 23.10000000000000853 ) ) ;
#2322 = CYLINDRICAL_SURFACE ( 'NONE', #59, 2.700000000000001066 ) ;
#2323 = EDGE_LOOP ( 'NONE', ( #235, #3023, #3457, #1288 ) ) ;
#2324 = ADVANCED_FACE ( 'NONE', ( #2141 ), #1401, .F. ) ;
#2325 = CARTESIAN_POINT ( 'NONE',  ( 18.00000000000000711, 19.64999999999999858, -19.09999999999999076 ) ) ;
#2326 = CYLINDRICAL_SURFACE ( 'NONE', #1, 0.4000000000000010214 ) ;
#2327 = CARTESIAN_POINT ( 'NONE',  ( -15.99999999999999289, 21.59999999999999787, 19.10000000000000497 ) ) ;
#2328 = ORIENTED_EDGE ( 'NONE', *, *, #717, .F. ) ;
#2329 = DIRECTION ( 'NONE',  ( 1.000000000000000000, -0.000000000000000000, -1.508455196501571429E-16 ) ) ;
#2330 = CARTESIAN_POINT ( 'NONE',  ( 18.00000000000000711, 19.64999999999999858, 19.10000000000000497 ) ) ;
#2331 = CARTESIAN_POINT ( 'NONE',  ( -1.900000000000003686, 6.200000000000001066, 22.60000000000000853 ) ) ;
#2332 = LINE ( 'NONE', #3235, #2318 ) ;
#2333 = ORIENTED_EDGE ( 'NONE', *, *, #1357, .T. ) ;
#2334 = SURFACE_STYLE_FILL_AREA ( #1258 ) ;
#2335 = LINE ( 'NONE', #1605, #1742 ) ;
#2336 = ADVANCED_FACE ( 'NONE', ( #3234 ), #2704, .T. ) ;
#2337 = VERTEX_POINT ( 'NONE', #1098 ) ;
#2338 = DIRECTION ( 'NONE',  ( 0.000000000000000000, 0.000000000000000000, -1.000000000000000000 ) ) ;
#2339 = LINE ( 'NONE', #3400, #2375 ) ;
#2340 = CIRCLE ( 'NONE', #26, 0.5000000000000004441 ) ;
#2341 = EDGE_CURVE ( 'NONE', #1556, #2001, #267, .T. ) ;
#2342 = VERTEX_POINT ( 'NONE', #1650 ) ;
#2343 = DIRECTION ( 'NONE',  ( 0.000000000000000000, 0.000000000000000000, 1.000000000000000000 ) ) ;
#2344 = AXIS2_PLACEMENT_3D ( 'NONE', #1524, #2007, #1739 ) ;
#2345 = DIRECTION ( 'NONE',  ( -0.000000000000000000, 1.000000000000000000, 0.000000000000000000 ) ) ;
#2346 = CARTESIAN_POINT ( 'NONE',  ( -6.500000000000002665, 9.099999999999999645, 3.400000000000007017 ) ) ;
#2347 = CARTESIAN_POINT ( 'NONE',  ( 17.99999999999999645, 10.50000000000000178, -7.849999999999999645 ) ) ;
#2348 = VERTEX_POINT ( 'NONE', #2177 ) ;
#2349 = DIRECTION ( 'NONE',  ( -1.188166764367676095E-16, -0.000000000000000000, -1.000000000000000000 ) ) ;
#2350 = DIRECTION ( 'NONE',  ( 0.000000000000000000, -1.000000000000000000, 0.000000000000000000 ) ) ;
#2351 = DIRECTION ( 'NONE',  ( 0.000000000000000000, 0.000000000000000000, 1.000000000000000000 ) ) ;
#2352 = ORIENTED_EDGE ( 'NONE', *, *, #2728, .F. ) ;
#2353 = CARTESIAN_POINT ( 'NONE',  ( -17.49999999999999645, 3.600000000000000089, 3.400000000000008349 ) ) ;
#2354 = CARTESIAN_POINT ( 'NONE',  ( 20.00000000000000000, 8.200000000000002842, -7.849999999999999645 ) ) ;
#2355 = ADVANCED_FACE ( 'NONE', ( #827 ), #2689, .T. ) ;
#2356 = EDGE_LOOP ( 'NONE', ( #3094, #3391, #1470, #618, #2643, #484, #288 ) ) ;
#2357 = CARTESIAN_POINT ( 'NONE',  ( -6.500000000000005329, 3.600000000000000089, -20.59999999999999432 ) ) ;
#2358 = CARTESIAN_POINT ( 'NONE',  ( 12.09999999999999609, 6.200000000000001066, 21.60000000000000853 ) ) ;
#2359 = VECTOR ( 'NONE', #1116, 1000.000000000000000 ) ;
#2360 = ORIENTED_EDGE ( 'NONE', *, *, #838, .T. ) ;
#2361 = CARTESIAN_POINT ( 'NONE',  ( -7.000000000000006217, 3.600000000000000089, -19.09999999999999787 ) ) ;
#2362 = CARTESIAN_POINT ( 'NONE',  ( -18.39999999999999858, 22.00000000000000000, -19.09999999999999076 ) ) ;
#2363 = AXIS2_PLACEMENT_3D ( 'NONE', #2361, #1785, #451 ) ;
#2364 = FACE_OUTER_BOUND ( 'NONE', #1735, .T. ) ;
#2365 = ORIENTED_EDGE ( 'NONE', *, *, #793, .F. ) ;
#2366 = DIRECTION ( 'NONE',  ( 0.000000000000000000, 0.000000000000000000, -1.000000000000000000 ) ) ;
#2367 = DIRECTION ( 'NONE',  ( 0.000000000000000000, 0.000000000000000000, 1.000000000000000000 ) ) ;
#2368 = CARTESIAN_POINT ( 'NONE',  ( 0.000000000000000000, 21.20464809186999133, -21.40876227786207764 ) ) ;
#2369 = LINE ( 'NONE', #2616, #2957 ) ;
#2370 = ORIENTED_EDGE ( 'NONE', *, *, #879, .F. ) ;
#2371 = AXIS2_PLACEMENT_3D ( 'NONE', #1510, #2499, #2578 ) ;
#2372 = CARTESIAN_POINT ( 'NONE',  ( 15.99999999999999645, 6.800000000000002487, -14.34999999999999964 ) ) ;
#2373 = DIRECTION ( 'NONE',  ( -1.000000000000000000, 0.000000000000000000, 1.501925087425806872E-16 ) ) ;
#2374 = ADVANCED_FACE ( 'NONE', ( #2723 ), #2456, .T. ) ;
#2375 = VECTOR ( 'NONE', #3443, 1000.000000000000000 ) ;
#2376 = ORIENTED_EDGE ( 'NONE', *, *, #2782, .F. ) ;
#2377 = DIRECTION ( 'NONE',  ( 0.000000000000000000, -1.000000000000000000, 0.000000000000000000 ) ) ;
#2378 = DIRECTION ( 'NONE',  ( -0.000000000000000000, 1.000000000000000000, -0.000000000000000000 ) ) ;
#2379 = AXIS2_PLACEMENT_3D ( 'NONE', #3376, #2800, #2561 ) ;
#2380 = CARTESIAN_POINT ( 'NONE',  ( -1.400000000000003464, 4.100000000000000533, 23.10000000000000853 ) ) ;
#2381 = ORIENTED_EDGE ( 'NONE', *, *, #465, .F. ) ;
#2382 = CARTESIAN_POINT ( 'NONE',  ( -1.400000000000003686, 6.200000000000001066, 22.60000000000000853 ) ) ;
#2383 = ADVANCED_FACE ( 'NONE', ( #2189 ), #1261, .T. ) ;
#2384 = ADVANCED_FACE ( 'NONE', ( #1436 ), #675, .T. ) ;
#2385 = CARTESIAN_POINT ( 'NONE',  ( -15.99999999999999645, 19.64999999999999858, 21.10000000000001208 ) ) ;
#2386 = EDGE_LOOP ( 'NONE', ( #470, #3237, #3450, #2978 ) ) ;
#2387 = EDGE_CURVE ( 'NONE', #2294, #85, #683, .T. ) ;
#2388 = ORIENTED_EDGE ( 'NONE', *, *, #965, .T. ) ;
#2389 = B_SPLINE_CURVE_WITH_KNOTS ( 'NONE', 3,
 ( #2216, #852, #1974, #2805, #2750, #3332, #3060, #2232, #3300, #881 ),
 .UNSPECIFIED., .F., .F.,
 ( 4, 2, 2, 2, 4 ),
 ( 0.000000000000000000, 0.0007921336859806365387, 0.001584267371961273077, 0.002376401057941909725, 0.003168534743922546155 ),
 .UNSPECIFIED. ) ;
#2390 = DIRECTION ( 'NONE',  ( 0.000000000000000000, 0.000000000000000000, -1.000000000000000000 ) ) ;
#2391 = CARTESIAN_POINT ( 'NONE',  ( 16.00000000000000000, 22.00000000000000000, 19.10000000000000497 ) ) ;
#2392 = AXIS2_PLACEMENT_3D ( 'NONE', #564, #1448, #597 ) ;
#2393 = CARTESIAN_POINT ( 'NONE',  ( 19.99999999999999645, 21.59410370944288005, -21.09999999999999432 ) ) ;
#2394 = ORIENTED_EDGE ( 'NONE', *, *, #2123, .F. ) ;
#2395 = PLANE ( 'NONE',  #2823 ) ;
#2396 = VERTEX_POINT ( 'NONE', #2553 ) ;
#2397 = DIRECTION ( 'NONE',  ( 1.000000000000000000, -0.000000000000000000, -1.508455196501571429E-16 ) ) ;
#2398 = CARTESIAN_POINT ( 'NONE',  ( 17.73478121244102113, 21.59410370944297952, 20.10371041855304242 ) ) ;
#2399 = ORIENTED_EDGE ( 'NONE', *, *, #885, .F. ) ;
#2400 = CARTESIAN_POINT ( 'NONE',  ( 12.09999999999999609, 6.200000000000001066, 22.60000000000000853 ) ) ;
#2401 = EDGE_CURVE ( 'NONE', #1978, #3141, #3470, .T. ) ;
#2402 = CARTESIAN_POINT ( 'NONE',  ( -17.99999999999998224, 21.59410370944729252, 19.36501320211011290 ) ) ;
#2403 = SHAPE_DEFINITION_REPRESENTATION ( #3035, #1569 ) ;
#2404 = VERTEX_POINT ( 'NONE', #3357 ) ;
#2405 = EDGE_CURVE ( 'NONE', #1326, #2944, #1731, .T. ) ;
#2406 = DIRECTION ( 'NONE',  ( -1.000000000000000000, 0.000000000000000000, 0.000000000000000000 ) ) ;
#2407 = CARTESIAN_POINT ( 'NONE',  ( -15.20803989154980762, 3.599999999999999201, -19.09999999999999787 ) ) ;
#2408 = FACE_OUTER_BOUND ( 'NONE', #855, .T. ) ;
#2409 = CARTESIAN_POINT ( 'NONE',  ( -18.30876227786208332, 21.20464809186998778, 19.10000000000000142 ) ) ;
#2410 = DIRECTION ( 'NONE',  ( 0.000000000000000000, 1.000000000000000000, 0.000000000000000000 ) ) ;
#2411 = VERTEX_POINT ( 'NONE', #2030 ) ;
#2412 = CARTESIAN_POINT ( 'NONE',  ( -6.500000000000002665, 3.600000000000000089, 7.600000000000005862 ) ) ;
#2413 = CARTESIAN_POINT ( 'NONE',  ( -18.44711635226611079, 20.55698864586779706, 19.10000000000000142 ) ) ;
#2414 = CARTESIAN_POINT ( 'NONE',  ( -16.00000000000000000, 21.06119768739732123, -22.02109196514349065 ) ) ;
#2415 = ADVANCED_FACE ( 'NONE', ( #381 ), #315, .T. ) ;
#2416 = DIRECTION ( 'NONE',  ( -1.188166764367676095E-16, -0.000000000000000000, -1.000000000000000000 ) ) ;
#2417 = EDGE_CURVE ( 'NONE', #1677, #1040, #2827, .T. ) ;
#2418 = VERTEX_POINT ( 'NONE', #1543 ) ;
#2419 = CARTESIAN_POINT ( 'NONE',  ( -16.26427947397064599, 21.59410370944288005, 21.10000000000001563 ) ) ;
#2420 = DIRECTION ( 'NONE',  ( -0.000000000000000000, 1.000000000000000000, -0.000000000000000000 ) ) ;
#2421 = CARTESIAN_POINT ( 'NONE',  ( -15.99999999999999645, 21.59410370944288005, 21.10000000000000497 ) ) ;
#2422 = ORIENTED_EDGE ( 'NONE', *, *, #2906, .F. ) ;
#2423 = DIRECTION ( 'NONE',  ( 0.000000000000000000, 1.000000000000000000, 0.000000000000000000 ) ) ;
#2424 = DIRECTION ( 'NONE',  ( 0.000000000000000000, 0.000000000000000000, 1.000000000000000000 ) ) ;
#2425 = VECTOR ( 'NONE', #2130, 1000.000000000000000 ) ;
#2426 = DIRECTION ( 'NONE',  ( -0.000000000000000000, 1.000000000000000000, 0.000000000000000000 ) ) ;
#2427 = CARTESIAN_POINT ( 'NONE',  ( 16.26487634250737457, 21.27698179471035900, -21.10000000390600405 ) ) ;
#2428 = AXIS2_PLACEMENT_3D ( 'NONE', #617, #2779, #1451 ) ;
#2429 = ORIENTED_EDGE ( 'NONE', *, *, #1162, .F. ) ;
#2430 = EDGE_CURVE ( 'NONE', #2018, #2573, #453, .T. ) ;
#2431 = AXIS2_PLACEMENT_3D ( 'NONE', #3027, #293, #3295 ) ;
#2432 = PLANE ( 'NONE',  #2765 ) ;
#2433 = VECTOR ( 'NONE', #2054, 1000.000000000000000 ) ;
#2434 = AXIS2_PLACEMENT_3D ( 'NONE', #2080, #432, #955 ) ;
#2435 = DIRECTION ( 'NONE',  ( -1.501925087425806872E-16, 0.000000000000000000, -1.000000000000000000 ) ) ;
#2436 = ORIENTED_EDGE ( 'NONE', *, *, #604, .T. ) ;
#2437 = DIRECTION ( 'NONE',  ( 0.000000000000000000, -1.000000000000000000, 0.000000000000000000 ) ) ;
#2438 = CIRCLE ( 'NONE', #3121, 2.000000000000005329 ) ;
#2439 = CARTESIAN_POINT ( 'NONE',  ( -17.49999999999999645, 2.000000000000000000, 8.100000000000006750 ) ) ;
#2440 = CARTESIAN_POINT ( 'NONE',  ( -17.99999999999998224, 21.59410370944288005, 19.09999999999999787 ) ) ;
#2441 = EDGE_CURVE ( 'NONE', #1432, #203, #1311, .T. ) ;
#2442 = CIRCLE ( 'NONE', #1992, 0.5000000000000004441 ) ;
#2443 = ORIENTED_EDGE ( 'NONE', *, *, #2417, .T. ) ;
#2444 = CARTESIAN_POINT ( 'NONE',  ( 0.000000000000000000, 21.59410370944292978, -21.49999999999977618 ) ) ;
#2445 = DIRECTION ( 'NONE',  ( 1.000000000000000000, -0.000000000000000000, -0.000000000000000000 ) ) ;
#2446 = CARTESIAN_POINT ( 'NONE',  ( 17.32080387086710971, 21.59410370944261004, -20.60763250912283340 ) ) ;
#2447 = ORIENTED_EDGE ( 'NONE', *, *, #2260, .F. ) ;
#2448 = DIRECTION ( 'NONE',  ( -1.000000000000000000, 0.000000000000000000, 0.000000000000000000 ) ) ;
#2449 = EDGE_CURVE ( 'NONE', #395, #1038, #2659, .T. ) ;
#2450 = CARTESIAN_POINT ( 'NONE',  ( 18.00000000000000711, 19.64999999999999858, -19.09999999999999076 ) ) ;
#2451 = VERTEX_POINT ( 'NONE', #2862 ) ;
#2452 = CARTESIAN_POINT ( 'NONE',  ( -17.00959128337847304, 21.59410370944292623, 20.84643234771806064 ) ) ;
#2453 = LINE ( 'NONE', #27, #2258 ) ;
#2454 = ORIENTED_EDGE ( 'NONE', *, *, #648, .F. ) ;
#2455 = CARTESIAN_POINT ( 'NONE',  ( 0.000000000000000000, 0.000000000000000000, 0.000000000000000000 ) ) ;
#2456 = CYLINDRICAL_SURFACE ( 'NONE', #108, 0.5000000000000004441 ) ;
#2457 = CARTESIAN_POINT ( 'NONE',  ( 16.88764779070767119, 21.27698179471888906, -20.89705990424760884 ) ) ;
#2458 = LINE ( 'NONE', #2677, #2359 ) ;
#2459 = ORIENTED_EDGE ( 'NONE', *, *, #2036, .T. ) ;
#2460 = AXIS2_PLACEMENT_3D ( 'NONE', #3447, #1559, #433 ) ;
#2461 = ORIENTED_EDGE ( 'NONE', *, *, #3273, .T. ) ;
#2462 = CARTESIAN_POINT ( 'NONE',  ( -16.00000000000000355, 0.000000000000000000, -23.09999999999999432 ) ) ;
#2463 = CARTESIAN_POINT ( 'NONE',  ( 11.59999999999999609, 6.200000000000001066, 21.60000000000000853 ) ) ;
#2464 = ORIENTED_EDGE ( 'NONE', *, *, #3125, .F. ) ;
#2465 = CARTESIAN_POINT ( 'NONE',  ( -17.99999999999999645, 21.59410370944287294, 19.36427947397065807 ) ) ;
#2466 = CARTESIAN_POINT ( 'NONE',  ( 17.17157287525381193, 19.78918494657904859, 21.10000000000000497 ) ) ;
#2467 = CARTESIAN_POINT ( 'NONE',  ( -17.83588084441731780, 21.20464809183615529, 20.50799109904458817 ) ) ;
#2468 = ORIENTED_EDGE ( 'NONE', *, *, #476, .F. ) ;
#2469 = DIRECTION ( 'NONE',  ( 0.000000000000000000, 0.000000000000000000, -1.000000000000000000 ) ) ;
#2470 = CARTESIAN_POINT ( 'NONE',  ( -16.00000000000000000, 22.00000000000000000, -19.09999999999999076 ) ) ;
#2471 = DIRECTION ( 'NONE',  ( 0.000000000000000000, -0.000000000000000000, -1.000000000000000000 ) ) ;
#2472 = VERTEX_POINT ( 'NONE', #2362 ) ;
#2473 = CYLINDRICAL_SURFACE ( 'NONE', #1239, 2.000000000000001776 ) ;
#2474 = EDGE_LOOP ( 'NONE', ( #2760, #2609, #1323, #2234 ) ) ;
#2475 = AXIS2_PLACEMENT_3D ( 'NONE', #183, #3509, #198 ) ;
#2476 = CARTESIAN_POINT ( 'NONE',  ( 18.00000000000000355, 22.00000000000000000, 19.10000000000000497 ) ) ;
#2477 = DIRECTION ( 'NONE',  ( 0.000000000000000000, 0.000000000000000000, 1.000000000000000000 ) ) ;
#2478 = CIRCLE ( 'NONE', #2363, 0.5000000000000004441 ) ;
#2479 = EDGE_LOOP ( 'NONE', ( #2593, #3218, #1897, #2935 ) ) ;
#2480 = CIRCLE ( 'NONE', #2937, 1.400000000000000133 ) ;
#2481 = CARTESIAN_POINT ( 'NONE',  ( -18.00000000000000355, 19.64999999999999858, 19.10000000000000142 ) ) ;
#2482 = EDGE_CURVE ( 'NONE', #2780, #569, #1574, .T. ) ;
#2483 = VECTOR ( 'NONE', #1562, 1000.000000000000000 ) ;
#2484 = DIRECTION ( 'NONE',  ( 0.000000000000000000, 0.7071067811865425767, 0.7071067811865524577 ) ) ;
#2485 = ORIENTED_EDGE ( 'NONE', *, *, #905, .T. ) ;
#2486 = EDGE_CURVE ( 'NONE', #3021, #3368, #3474, .T. ) ;
#2487 = AXIS2_PLACEMENT_3D ( 'NONE', #882, #93, #1693 ) ;
#2488 = LINE ( 'NONE', #66, #3345 ) ;
#2489 = VECTOR ( 'NONE', #1625, 1000.000000000000000 ) ;
#2490 = CARTESIAN_POINT ( 'NONE',  ( 18.00000000000000711, 19.78918494657904859, -19.09999999999999076 ) ) ;
#2491 = ADVANCED_FACE ( 'NONE', ( #1019 ), #1786, .F. ) ;
#2492 = CARTESIAN_POINT ( 'NONE',  ( 17.99999999999999289, 21.59410370944618762, -19.36501320210916788 ) ) ;
#2493 = PLANE ( 'NONE',  #2584 ) ;
#2494 = ORIENTED_EDGE ( 'NONE', *, *, #1760, .F. ) ;
#2495 = CARTESIAN_POINT ( 'NONE',  ( -15.99999999999999289, 22.00000000000000000, 19.10000000000000497 ) ) ;
#2496 = ORIENTED_EDGE ( 'NONE', *, *, #2632, .T. ) ;
#2497 = CARTESIAN_POINT ( 'NONE',  ( -17.50000000000000000, 3.600000000000000089, -18.09999999999999432 ) ) ;
#2498 = VERTEX_POINT ( 'NONE', #734 ) ;
#2499 = DIRECTION ( 'NONE',  ( 0.000000000000000000, -1.000000000000000000, 0.000000000000000000 ) ) ;
#2500 = ORIENTED_EDGE ( 'NONE', *, *, #2708, .F. ) ;
#2501 = VECTOR ( 'NONE', #708, 1000.000000000000000 ) ;
#2502 = DIRECTION ( 'NONE',  ( -1.000000000000000000, 0.000000000000000000, 0.000000000000000000 ) ) ;
#2503 = DIRECTION ( 'NONE',  ( -1.000000000000000000, 0.000000000000000000, 0.000000000000000000 ) ) ;
#2504 = ORIENTED_EDGE ( 'NONE', *, *, #3284, .T. ) ;
#2505 = CARTESIAN_POINT ( 'NONE',  ( 19.01544195096116852, 21.16400731508066357, -20.86640499832425277 ) ) ;
#2506 = ADVANCED_FACE ( 'NONE', ( #1825 ), #472, .T. ) ;
#2507 = DIRECTION ( 'NONE',  ( 0.000000000000000000, -1.000000000000000000, 0.000000000000000000 ) ) ;
#2508 = DIRECTION ( 'NONE',  ( 1.501925087425806872E-16, 0.000000000000000000, 1.000000000000000000 ) ) ;
#2509 = CARTESIAN_POINT ( 'NONE',  ( 0.000000000000000000, 21.24999999999999645, -21.09999999999999432 ) ) ;
#2510 = ORIENTED_EDGE ( 'NONE', *, *, #2441, .F. ) ;
#2511 = ORIENTED_EDGE ( 'NONE', *, *, #2226, .F. ) ;
#2512 = CARTESIAN_POINT ( 'NONE',  ( -7.000000000000002665, 3.600000000000000089, 7.600000000000005862 ) ) ;
#2513 = ADVANCED_FACE ( 'NONE', ( #2646 ), #697, .T. ) ;
#2514 = ADVANCED_FACE ( 'NONE', ( #2611 ), #2326, .T. ) ;
#2515 = ORIENTED_EDGE ( 'NONE', *, *, #264, .F. ) ;
#2516 = CARTESIAN_POINT ( 'NONE',  ( -7.000000000000002665, 3.099999999999999645, 8.100000000000006750 ) ) ;
#2517 = ADVANCED_FACE ( 'NONE', ( #2590, #170 ), #1856, .T. ) ;
#2518 = LINE ( 'NONE', #1462, #791 ) ;
#2519 = ORIENTED_EDGE ( 'NONE', *, *, #1872, .F. ) ;
#2520 = PLANE ( 'NONE',  #1923 ) ;
#2521 = LINE ( 'NONE', #1421, #3439 ) ;
#2522 = CARTESIAN_POINT ( 'NONE',  ( -17.59024845268390891, 21.27698179471740403, -20.31984028407061871 ) ) ;
#2523 = DIRECTION ( 'NONE',  ( 0.000000000000000000, 0.000000000000000000, 1.000000000000000000 ) ) ;
#2524 = ORIENTED_EDGE ( 'NONE', *, *, #423, .T. ) ;
#2525 = ORIENTED_EDGE ( 'NONE', *, *, #1531, .T. ) ;
#2526 = FACE_OUTER_BOUND ( 'NONE', #720, .T. ) ;
#2527 = CARTESIAN_POINT ( 'NONE',  ( -1.900000000000003464, 6.200000000000001066, 23.10000000000000853 ) ) ;
#2528 = ADVANCED_FACE ( 'NONE', ( #205 ), #3245, .T. ) ;
#2529 = CARTESIAN_POINT ( 'NONE',  ( -6.500000000000002665, 9.099999999999999645, -5.099999999999993427 ) ) ;
#2530 = EDGE_CURVE ( 'NONE', #1647, #1819, #246, .T. ) ;
#2531 = ORIENTED_EDGE ( 'NONE', *, *, #702, .F. ) ;
#2532 = CARTESIAN_POINT ( 'NONE',  ( -6.500000000000009770, 8.807106781186551103, 3.192893218813466660 ) ) ;
#2533 = AXIS2_PLACEMENT_3D ( 'NONE', #2138, #1059, #1112 ) ;
#2534 = DIRECTION ( 'NONE',  ( 0.000000000000000000, 1.000000000000000000, 0.000000000000000000 ) ) ;
#2535 = VECTOR ( 'NONE', #2213, 1000.000000000000000 ) ;
#2536 = FACE_OUTER_BOUND ( 'NONE', #651, .T. ) ;
#2537 = ORIENTED_EDGE ( 'NONE', *, *, #532, .T. ) ;
#2538 = CARTESIAN_POINT ( 'NONE',  ( 3.489230979264525573E-15, 21.59410370944288005, 21.50000000000000000 ) ) ;
#2539 = VECTOR ( 'NONE', #1831, 1000.000000000000000 ) ;
#2540 = CARTESIAN_POINT ( 'NONE',  ( -17.83575281998707851, 21.20464809183418353, -20.50816061643561383 ) ) ;
#2541 = CARTESIAN_POINT ( 'NONE',  ( 0.000000000000000000, 19.64999999999999858, -21.09999999999999432 ) ) ;
#2542 = VECTOR ( 'NONE', #1245, 1000.000000000000000 ) ;
#2543 = ORIENTED_EDGE ( 'NONE', *, *, #218, .F. ) ;
#2544 = ORIENTED_EDGE ( 'NONE', *, *, #1613, .F. ) ;
#2545 = VECTOR ( 'NONE', #1050, 1000.000000000000000 ) ;
#2546 = CARTESIAN_POINT ( 'NONE',  ( -16.00000000000000000, 22.00000000000000000, -19.09999999999999076 ) ) ;
#2547 = CARTESIAN_POINT ( 'NONE',  ( -16.00000000000003553, 19.64999999999999858, -21.09999999999999432 ) ) ;
#2548 = EDGE_CURVE ( 'NONE', #1819, #319, #1143, .T. ) ;
#2549 = EDGE_LOOP ( 'NONE', ( #2985, #12, #869, #1172 ) ) ;
#2550 = DIRECTION ( 'NONE',  ( -1.000000000000000000, 0.000000000000000000, 3.016910393003142859E-16 ) ) ;
#2551 = VERTEX_POINT ( 'NONE', #1129 ) ;
#2552 = CARTESIAN_POINT ( 'NONE',  ( -7.000000000000004441, 9.099999999999999645, -5.099999999999993427 ) ) ;
#2553 = CARTESIAN_POINT ( 'NONE',  ( 17.99999999999999645, 4.900000000000001243, -20.09999999999999432 ) ) ;
#2554 = DIRECTION ( 'NONE',  ( -0.000000000000000000, 1.000000000000000000, -0.000000000000000000 ) ) ;
#2555 = LINE ( 'NONE', #923, #62 ) ;
#2556 = ORIENTED_EDGE ( 'NONE', *, *, #1972, .F. ) ;
#2557 = ORIENTED_EDGE ( 'NONE', *, *, #987, .F. ) ;
#2558 = EDGE_CURVE ( 'NONE', #1903, #3360, #1614, .T. ) ;
#2559 = DIRECTION ( 'NONE',  ( 0.000000000000000000, 1.000000000000000000, 0.000000000000000000 ) ) ;
#2560 = EDGE_CURVE ( 'NONE', #90, #536, #1932, .T. ) ;
#2561 = DIRECTION ( 'NONE',  ( 0.000000000000000000, 0.000000000000000000, 1.000000000000000000 ) ) ;
#2562 = ORIENTED_EDGE ( 'NONE', *, *, #752, .T. ) ;
#2563 = DIRECTION ( 'NONE',  ( 1.000000000000000000, 0.000000000000000000, -1.508455196501571429E-16 ) ) ;
#2564 = LINE ( 'NONE', #1496, #1638 ) ;
#2565 = VERTEX_POINT ( 'NONE', #1879 ) ;
#2566 = DIRECTION ( 'NONE',  ( -1.000000000000000000, 0.000000000000000000, 0.000000000000000000 ) ) ;
#2567 = CARTESIAN_POINT ( 'NONE',  ( 16.00000000000000000, 8.200000000000002842, -7.849999999999999645 ) ) ;
#2568 = VERTEX_POINT ( 'NONE', #560 ) ;
#2569 = DIRECTION ( 'NONE',  ( 0.000000000000000000, 1.000000000000000000, 0.000000000000000000 ) ) ;
#2570 = CARTESIAN_POINT ( 'NONE',  ( -16.00000000000003553, 21.20464809186998068, -21.40876227786207764 ) ) ;
#2571 = CARTESIAN_POINT ( 'NONE',  ( -16.00000000000000711, 22.00000000000000000, -23.09999999999999432 ) ) ;
#2572 = DIRECTION ( 'NONE',  ( 1.032573497605242347E-16, -1.000000000000000000, 0.000000000000000000 ) ) ;
#2573 = VERTEX_POINT ( 'NONE', #2962 ) ;
#2574 = EDGE_LOOP ( 'NONE', ( #2370, #1752, #1331, #73 ) ) ;
#2575 = DIRECTION ( 'NONE',  ( 0.000000000000000000, 0.000000000000000000, 1.000000000000000000 ) ) ;
#2576 = CARTESIAN_POINT ( 'NONE',  ( 15.99999999999999289, 22.00000000000000000, -19.09999999999999076 ) ) ;
#2577 = EDGE_LOOP ( 'NONE', ( #2399, #1686, #784, #2464 ) ) ;
#2578 = DIRECTION ( 'NONE',  ( 0.000000000000000000, 0.000000000000000000, -1.000000000000000000 ) ) ;
#2579 = VERTEX_POINT ( 'NONE', #528 ) ;
#2580 = TOROIDAL_SURFACE ( 'NONE', #1803, 2.400000000000000355, 0.4000000000000000222 ) ;
#2581 = DIRECTION ( 'NONE',  ( -1.032573497605242347E-16, 1.000000000000000000, 0.000000000000000000 ) ) ;
#2582 = VECTOR ( 'NONE', #721, 1000.000000000000000 ) ;
#2584 = AXIS2_PLACEMENT_3D ( 'NONE', #2759, #1716, #3326 ) ;
#2583 = DIRECTION ( 'NONE',  ( -0.000000000000000000, 1.000000000000000000, -0.000000000000000000 ) ) ;
#2585 = EDGE_CURVE ( 'NONE', #2052, #1677, #3251, .T. ) ;
#2586 = EDGE_LOOP ( 'NONE', ( #511, #3449, #1399, #644, #416, #2804, #2933, #2884 ) ) ;
#2587 = AXIS2_PLACEMENT_3D ( 'NONE', #2538, #1203, #2826 ) ;
#2588 = CARTESIAN_POINT ( 'NONE',  ( 18.40966810795327291, 20.49268122259969260, -19.09999999999999076 ) ) ;
#2589 = AXIS2_PLACEMENT_3D ( 'NONE', #361, #1946, #375 ) ;
#2590 = FACE_BOUND ( 'NONE', #2230, .T. ) ;
#2591 = EDGE_CURVE ( 'NONE', #3469, #2319, #2453, .T. ) ;
#2592 = DIRECTION ( 'NONE',  ( 1.000000000000000000, -0.000000000000000000, -3.016910393003142859E-16 ) ) ;
#2593 = ORIENTED_EDGE ( 'NONE', *, *, #3042, .T. ) ;
#2594 = CARTESIAN_POINT ( 'NONE',  ( -18.39999999999999147, 21.59999999999999787, 19.10000000000000497 ) ) ;
#2595 = DIRECTION ( 'NONE',  ( -0.000000000000000000, -1.000000000000000000, -0.000000000000000000 ) ) ;
#2596 = EDGE_CURVE ( 'NONE', #1528, #536, #1212, .T. ) ;
#2597 = VECTOR ( 'NONE', #933, 1000.000000000000000 ) ;
#2598 = FACE_OUTER_BOUND ( 'NONE', #1140, .T. ) ;
#2599 = DIRECTION ( 'NONE',  ( 1.000000000000000000, 0.000000000000000000, -1.084202172485504434E-16 ) ) ;
#2600 = ORIENTED_EDGE ( 'NONE', *, *, #3356, .F. ) ;
#2601 = LINE ( 'NONE', #2372, #2582 ) ;
#2602 = VECTOR ( 'NONE', #2416, 1000.000000000000000 ) ;
#2603 = FACE_OUTER_BOUND ( 'NONE', #3416, .T. ) ;
#2604 = EDGE_CURVE ( 'NONE', #3341, #467, #3032, .T. ) ;
#2605 = AXIS2_PLACEMENT_3D ( 'NONE', #2292, #649, #382 ) ;
#2606 = ORIENTED_EDGE ( 'NONE', *, *, #1655, .T. ) ;
#2607 = CARTESIAN_POINT ( 'NONE',  ( -9.291960108450199485, 9.099999999999999645, -18.59999999999999787 ) ) ;
#2608 = LINE ( 'NONE', #2916, #1017 ) ;
#2609 = ORIENTED_EDGE ( 'NONE', *, *, #535, .T. ) ;
#2610 = CARTESIAN_POINT ( 'NONE',  ( -1.900000000000003686, 6.200000000000001066, 22.60000000000000853 ) ) ;
#2611 = FACE_OUTER_BOUND ( 'NONE', #3507, .T. ) ;
#2612 = DIRECTION ( 'NONE',  ( -0.000000000000000000, -1.000000000000000000, -0.000000000000000000 ) ) ;
#2613 = EDGE_LOOP ( 'NONE', ( #1471, #327, #1361, #154, #1536, #993, #2287, #2461, #1570, #3514 ) ) ;
#2614 = CARTESIAN_POINT ( 'NONE',  ( -16.00000000000000355, 22.00000000000000000, -19.09999999999999432 ) ) ;
#2615 = LINE ( 'NONE', #3216, #1012 ) ;
#2616 = CARTESIAN_POINT ( 'NONE',  ( 0.000000000000000000, 22.00000000000000000, 21.50000000000000711 ) ) ;
#2617 = ORIENTED_EDGE ( 'NONE', *, *, #1673, .T. ) ;
#2618 = CARTESIAN_POINT ( 'NONE',  ( 11.59999999999999609, 6.200000000000001066, 20.60000000000001208 ) ) ;
#2619 = LINE ( 'NONE', #1280, #2425 ) ;
#2620 = ORIENTED_EDGE ( 'NONE', *, *, #2530, .F. ) ;
#2621 = DIRECTION ( 'NONE',  ( 0.000000000000000000, 0.000000000000000000, 1.000000000000000000 ) ) ;
#2622 = LINE ( 'NONE', #1305, #2788 ) ;
#2623 = CYLINDRICAL_SURFACE ( 'NONE', #1761, 0.5000000000000004441 ) ;
#2624 = ORIENTED_EDGE ( 'NONE', *, *, #2289, .F. ) ;
#2625 = CARTESIAN_POINT ( 'NONE',  ( -9.784966757041834384, 3.599999999999999201, -19.01666666666666572 ) ) ;
#2626 = EDGE_CURVE ( 'NONE', #3021, #1945, #1728, .T. ) ;
#2627 = DIRECTION ( 'NONE',  ( 0.000000000000000000, 1.000000000000000000, 0.000000000000000000 ) ) ;
#2628 = CYLINDRICAL_SURFACE ( 'NONE', #2460, 0.5000000000000000000 ) ;
#2629 = CARTESIAN_POINT ( 'NONE',  ( -18.00000000000000355, 9.099999999999999645, 3.400000000000008349 ) ) ;
#2630 = EDGE_LOOP ( 'NONE', ( #2422, #1858, #1096, #876 ) ) ;
#2631 = CYLINDRICAL_SURFACE ( 'NONE', #105, 4.000000000000000000 ) ;
#2632 = EDGE_CURVE ( 'NONE', #2162, #1242, #1179, .T. ) ;
#2633 = CARTESIAN_POINT ( 'NONE',  ( 13.99999999999999467, 6.900000000000002132, -14.35000000000000142 ) ) ;
#2634 = CARTESIAN_POINT ( 'NONE',  ( -18.30876227786324151, 21.20464809186971422, 20.45244163007688698 ) ) ;
#2635 = ORIENTED_EDGE ( 'NONE', *, *, #3389, .T. ) ;
#2636 = CARTESIAN_POINT ( 'NONE',  ( -17.49999999999999645, 9.099999999999999645, -5.599999999999994316 ) ) ;
#2637 = DIRECTION ( 'NONE',  ( -0.000000000000000000, -0.000000000000000000, 1.000000000000000000 ) ) ;
#2638 = EDGE_CURVE ( 'NONE', #2034, #1053, #3367, .T. ) ;
#2639 = ORIENTED_EDGE ( 'NONE', *, *, #425, .F. ) ;
#2640 = CARTESIAN_POINT ( 'NONE',  ( 19.99999999999999645, 8.200000000000002842, -14.34999999999999964 ) ) ;
#2641 = EDGE_CURVE ( 'NONE', #148, #1903, #2773, .T. ) ;
#2642 = CARTESIAN_POINT ( 'NONE',  ( 19.99999999999999645, 2.000000000000000000, -19.09999999999999432 ) ) ;
#2643 = ORIENTED_EDGE ( 'NONE', *, *, #2662, .T. ) ;
#2644 = CARTESIAN_POINT ( 'NONE',  ( 15.99999999999999289, 22.00000000000000000, -21.09999999999999432 ) ) ;
#2645 =( GEOMETRIC_REPRESENTATION_CONTEXT ( 3 ) GLOBAL_UNCERTAINTY_ASSIGNED_CONTEXT ( ( #128 ) ) GLOBAL_UNIT_ASSIGNED_CONTEXT ( ( #1029, #2892, #1849 ) ) REPRESENTATION_CONTEXT ( 'NONE', 'WORKASPACE' ) );
#2646 = FACE_OUTER_BOUND ( 'NONE', #2691, .T. ) ;
#2647 = VECTOR ( 'NONE', #2078, 1000.000000000000000 ) ;
#2648 = DIRECTION ( 'NONE',  ( -1.000000000000000000, -1.032573497605242347E-16, 0.000000000000000000 ) ) ;
#2649 = EDGE_LOOP ( 'NONE', ( #2886, #2155, #24, #2859 ) ) ;
#2650 = FACE_OUTER_BOUND ( 'NONE', #3249, .T. ) ;
#2651 = CARTESIAN_POINT ( 'NONE',  ( -19.99999999999999645, 21.59999999999999787, 21.50000000000000711 ) ) ;
#2652 = AXIS2_PLACEMENT_3D ( 'NONE', #973, #1800, #166 ) ;
#2653 = DIRECTION ( 'NONE',  ( 1.929944228382272159E-32, -1.000000000000000000, 1.284980352575413439E-16 ) ) ;
#2654 = CARTESIAN_POINT ( 'NONE',  ( 18.00000000000000711, 19.64999999999999858, 19.10000000000000497 ) ) ;
#2655 = CARTESIAN_POINT ( 'NONE',  ( -18.00000000000000000, 2.599999999999992539, 8.600000000000006750 ) ) ;
#2656 = EDGE_LOOP ( 'NONE', ( #1702, #1707, #1843, #3085 ) ) ;
#2657 = CARTESIAN_POINT ( 'NONE',  ( -6.500000000000002665, 9.099999999999999645, -4.599999999999992539 ) ) ;
#2658 = CARTESIAN_POINT ( 'NONE',  ( 19.99999999999999645, 0.000000000000000000, -19.09999999999999432 ) ) ;
#2659 = CIRCLE ( 'NONE', #2956, 4.000000000000000000 ) ;
#2660 = AXIS2_PLACEMENT_3D ( 'NONE', #1249, #2920, #2938 ) ;
#2661 = ORIENTED_EDGE ( 'NONE', *, *, #3010, .F. ) ;
#2662 = EDGE_CURVE ( 'NONE', #374, #1690, #3333, .T. ) ;
#2663 = VECTOR ( 'NONE', #3290, 1000.000000000000000 ) ;
#2664 = ADVANCED_FACE ( 'NONE', ( #1743 ), #1709, .T. ) ;
#2665 = DIRECTION ( 'NONE',  ( 0.000000000000000000, -1.000000000000000000, -0.000000000000000000 ) ) ;
#2666 = CARTESIAN_POINT ( 'NONE',  ( 17.83575281998779616, 21.20464809183400234, 20.50816061643583410 ) ) ;
#2667 = VERTEX_POINT ( 'NONE', #2791 ) ;
#2668 = PRODUCT_DEFINITION ( 'UNKNOWN', '', #101, #3511 ) ;
#2669 = CARTESIAN_POINT ( 'NONE',  ( -18.30876227786208332, 21.20464809186998778, -19.09999999999999432 ) ) ;
#2670 = CARTESIAN_POINT ( 'NONE',  ( 16.00000000000000355, 19.64999999999999858, 21.10000000000000853 ) ) ;
#2671 = CARTESIAN_POINT ( 'NONE',  ( -17.50776331444959055, 21.59410370944316071, 20.42065454811687530 ) ) ;
#2672 = FACE_OUTER_BOUND ( 'NONE', #2146, .T. ) ;
#2673 = ORIENTED_EDGE ( 'NONE', *, *, #2231, .F. ) ;
#2674 = CARTESIAN_POINT ( 'NONE',  ( -18.00000000000000000, 2.000000000000000000, 8.600000000000010303 ) ) ;
#2675 = PLANE ( 'NONE',  #341 ) ;
#2676 = LINE ( 'NONE', #3308, #2207 ) ;
#2677 = CARTESIAN_POINT ( 'NONE',  ( 15.99999999999999289, 22.00000000000000000, -21.09999999999999432 ) ) ;
#2678 = ORIENTED_EDGE ( 'NONE', *, *, #391, .F. ) ;
#2679 = LINE ( 'NONE', #1340, #217 ) ;
#2680 = EDGE_CURVE ( 'NONE', #1784, #1207, #2518, .T. ) ;
#2681 = LINE ( 'NONE', #3314, #3004 ) ;
#2682 = DIRECTION ( 'NONE',  ( 1.000000000000000000, -0.000000000000000000, -1.508455196501571429E-16 ) ) ;
#2683 = ORIENTED_EDGE ( 'NONE', *, *, #2272, .F. ) ;
#2684 = CARTESIAN_POINT ( 'NONE',  ( -14.71503324295817272, -15.56376789673679539, -19.01666666666666572 ) ) ;
#2685 = AXIS2_PLACEMENT_3D ( 'NONE', #2065, #2612, #3151 ) ;
#2686 = CARTESIAN_POINT ( 'NONE',  ( -17.02468386764478581, 21.20464809228796099, 21.17449205908271992 ) ) ;
#2687 = EDGE_LOOP ( 'NONE', ( #1167, #2635, #1511, #1283, #1835 ) ) ;
#2688 = CARTESIAN_POINT ( 'NONE',  ( 16.00000000000000355, 21.20464809186998423, 21.40876227786208474 ) ) ;
#2689 = CYLINDRICAL_SURFACE ( 'NONE', #3176, 0.4000000000000010214 ) ;
#2690 = CARTESIAN_POINT ( 'NONE',  ( 18.07452970053350683, 21.20464809229804004, -20.12461193387498426 ) ) ;
#2691 = EDGE_LOOP ( 'NONE', ( #974, #3484, #2239, #1962, #3033, #2087, #1933, #2293, #1386, #405, #1603 ) ) ;
#2692 = DIRECTION ( 'NONE',  ( -1.000000000000000000, 0.000000000000000000, 1.501925087425806872E-16 ) ) ;
#2693 = DIRECTION ( 'NONE',  ( 0.000000000000000000, 0.000000000000000000, 1.000000000000000000 ) ) ;
#2694 = ADVANCED_FACE ( 'NONE', ( #76 ), #1416, .F. ) ;
#2695 = CARTESIAN_POINT ( 'NONE',  ( 16.00000000000000000, 2.000000000000001776, 21.10000000000000853 ) ) ;
#2696 = CARTESIAN_POINT ( 'NONE',  ( 17.79705990424652029, 21.27698179471724416, 19.98764779070768327 ) ) ;
#2697 = ORIENTED_EDGE ( 'NONE', *, *, #3024, .T. ) ;
#2698 = CARTESIAN_POINT ( 'NONE',  ( -16.00000000000000000, 9.099999999999999645, -21.09999999999999432 ) ) ;
#2699 = CARTESIAN_POINT ( 'NONE',  ( -17.59035935566075182, 21.59410370944315360, 20.31969343701169350 ) ) ;
#2700 = ORIENTED_EDGE ( 'NONE', *, *, #1675, .T. ) ;
#2701 = CARTESIAN_POINT ( 'NONE',  ( -6.500000000000002665, 3.600000000000000089, 7.600000000000012967 ) ) ;
#2702 = FACE_OUTER_BOUND ( 'NONE', #2057, .T. ) ;
#2703 = VECTOR ( 'NONE', #2377, 1000.000000000000000 ) ;
#2704 = PLANE ( 'NONE',  #3527 ) ;
#2705 = CARTESIAN_POINT ( 'NONE',  ( 19.99999999999999645, 10.50000000000000178, -14.34999999999999964 ) ) ;
#2706 = ORIENTED_EDGE ( 'NONE', *, *, #3285, .T. ) ;
#2707 = CIRCLE ( 'NONE', #1466, 2.499999999999993339 ) ;
#2708 = EDGE_CURVE ( 'NONE', #86, #737, #2822, .T. ) ;
#2709 = AXIS2_PLACEMENT_3D ( 'NONE', #40, #2992, #1126 ) ;
#2710 = DIRECTION ( 'NONE',  ( 0.000000000000000000, 0.000000000000000000, -1.000000000000000000 ) ) ;
#2711 = VECTOR ( 'NONE', #179, 1000.000000000000000 ) ;
#2712 = ADVANCED_FACE ( 'NONE', ( #1976 ), #2233, .T. ) ;
#2713 = AXIS2_PLACEMENT_3D ( 'NONE', #1840, #2627, #486 ) ;
#2714 = LINE ( 'NONE', #3495, #2041 ) ;
#2715 = CARTESIAN_POINT ( 'NONE',  ( 18.00259871168646697, 21.20464809190602651, 20.25866437604089754 ) ) ;
#2716 = ORIENTED_EDGE ( 'NONE', *, *, #1388, .F. ) ;
#2717 = CARTESIAN_POINT ( 'NONE',  ( -17.99999999999999645, 2.000000000000000000, 19.10000000000000497 ) ) ;
#2718 = CIRCLE ( 'NONE', #623, 2.499999999999995115 ) ;
#2719 = CARTESIAN_POINT ( 'NONE',  ( -17.00371041847511577, 21.27698179471955342, 20.83478121232489144 ) ) ;
#2720 = AXIS2_PLACEMENT_3D ( 'NONE', #251, #2947, #1812 ) ;
#2721 = ORIENTED_EDGE ( 'NONE', *, *, #774, .F. ) ;
#2722 = DIRECTION ( 'NONE',  ( 0.000000000000000000, 0.000000000000000000, -1.000000000000000000 ) ) ;
#2723 = FACE_OUTER_BOUND ( 'NONE', #243, .T. ) ;
#2724 = DIRECTION ( 'NONE',  ( 0.000000000000000000, 0.000000000000000000, -1.000000000000000000 ) ) ;
#2725 = ORIENTED_EDGE ( 'NONE', *, *, #2298, .T. ) ;
#2726 = VERTEX_POINT ( 'NONE', #657 ) ;
#2727 = DIRECTION ( 'NONE',  ( 0.000000000000000000, 0.000000000000000000, 1.000000000000000000 ) ) ;
#2728 = EDGE_CURVE ( 'NONE', #2001, #2732, #3088, .T. ) ;
#2729 = CARTESIAN_POINT ( 'NONE',  ( 16.99999999999999289, 6.900000000000001243, -21.09999999999999432 ) ) ;
#2730 = CARTESIAN_POINT ( 'NONE',  ( 18.00000000000001066, 19.64999999999999858, 19.10000000000000497 ) ) ;
#2731 = CARTESIAN_POINT ( 'NONE',  ( 17.59024845268578474, 21.27698179471873985, 20.31984028407142873 ) ) ;
#2732 = VERTEX_POINT ( 'NONE', #3078 ) ;
#2733 = LINE ( 'NONE', #1327, #1585 ) ;
#2734 = CARTESIAN_POINT ( 'NONE',  ( 19.01544195096116852, 21.16400731508066002, 19.10000000000000142 ) ) ;
#2735 = CARTESIAN_POINT ( 'NONE',  ( -17.74053353254607046, 21.20464809174628940, 20.62453870176305060 ) ) ;
#2736 = ORIENTED_EDGE ( 'NONE', *, *, #3413, .F. ) ;
#2737 = DIRECTION ( 'NONE',  ( 1.000000000000000000, 0.000000000000000000, 0.000000000000000000 ) ) ;
#2738 = CARTESIAN_POINT ( 'NONE',  ( 18.00000000000000355, 21.59410370944288360, 19.10000000000000497 ) ) ;
#2739 = CARTESIAN_POINT ( 'NONE',  ( -15.99999999999999645, 19.78918494657904859, 21.10000000000001563 ) ) ;
#2740 = CARTESIAN_POINT ( 'NONE',  ( -18.00000000000000000, 22.00000000000000000, -5.599999999999994316 ) ) ;
#2741 = VERTEX_POINT ( 'NONE', #1431 ) ;
#2742 = EDGE_LOOP ( 'NONE', ( #125, #725, #3440, #813 ) ) ;
#2743 = DIRECTION ( 'NONE',  ( 0.000000000000000000, 0.000000000000000000, 1.000000000000000000 ) ) ;
#2744 = DIRECTION ( 'NONE',  ( 0.000000000000000000, -1.000000000000000000, 0.000000000000000000 ) ) ;
#2745 = EDGE_CURVE ( 'NONE', #109, #2551, #571, .T. ) ;
#2746 = ADVANCED_FACE ( 'NONE', ( #3320 ), #628, .F. ) ;
#2747 = EDGE_CURVE ( 'NONE', #2991, #1765, #2010, .T. ) ;
#2748 = CARTESIAN_POINT ( 'NONE',  ( 16.00000000000000355, 21.59410370944288360, 21.10000000000001563 ) ) ;
#2749 = ORIENTED_EDGE ( 'NONE', *, *, #3041, .T. ) ;
#2750 = CARTESIAN_POINT ( 'NONE',  ( -17.60099575711028308, 21.59410370944289070, -20.32745848645950559 ) ) ;
#2751 = EDGE_CURVE ( 'NONE', #2944, #1528, #609, .T. ) ;
#2752 = CARTESIAN_POINT ( 'NONE',  ( 0.000000000000000000, 19.78918494657904859, -21.09999999999999432 ) ) ;
#2753 = DIRECTION ( 'NONE',  ( 0.000000000000000000, 0.000000000000000000, 1.000000000000000000 ) ) ;
#2754 = ORIENTED_EDGE ( 'NONE', *, *, #1251, .F. ) ;
#2755 = CARTESIAN_POINT ( 'NONE',  ( 18.00000000000000355, 19.78918494657904859, -19.09999999999999076 ) ) ;
#2756 = FACE_BOUND ( 'NONE', #2586, .T. ) ;
#2757 = DIRECTION ( 'NONE',  ( -1.000000000000000000, 0.000000000000000000, 0.000000000000000000 ) ) ;
#2758 = CARTESIAN_POINT ( 'NONE',  ( 18.30876228238987835, 21.20464809080925406, -19.40592624102400165 ) ) ;
#2759 = CARTESIAN_POINT ( 'NONE',  ( -6.500000000000002665, 9.099999999999999645, -5.099999999999993427 ) ) ;
#2760 = ORIENTED_EDGE ( 'NONE', *, *, #823, .T. ) ;
#2761 = VERTEX_POINT ( 'NONE', #2877 ) ;
#2762 = AXIS2_PLACEMENT_3D ( 'NONE', #988, #479, #1007 ) ;
#2763 = VECTOR ( 'NONE', #3268, 1000.000000000000000 ) ;
#2764 = CARTESIAN_POINT ( 'NONE',  ( -18.00000000000000000, 22.00000000000000000, 8.600000000000010303 ) ) ;
#2765 = AXIS2_PLACEMENT_3D ( 'NONE', #1356, #1374, #848 ) ;
#2766 = EDGE_CURVE ( 'NONE', #1690, #1671, #1194, .T. ) ;
#2767 = ORIENTED_EDGE ( 'NONE', *, *, #444, .F. ) ;
#2768 = PLANE ( 'NONE',  #2946 ) ;
#2769 = ADVANCED_FACE ( 'NONE', ( #2858 ), #2322, .F. ) ;
#2770 = CIRCLE ( 'NONE', #3241, 2.499999999999993339 ) ;
#2771 = CARTESIAN_POINT ( 'NONE',  ( 0.000000000000000000, 21.20464809186998423, -21.40876227786206343 ) ) ;
#2772 = ORIENTED_EDGE ( 'NONE', *, *, #273, .F. ) ;
#2773 = CIRCLE ( 'NONE', #2487, 0.5000000000000004441 ) ;
#2774 = DIRECTION ( 'NONE',  ( -0.000000000000000000, 1.000000000000000000, 0.000000000000000000 ) ) ;
#2775 = CARTESIAN_POINT ( 'NONE',  ( 17.00947279642995014, 21.59410370944292623, 20.84650812517912044 ) ) ;
#2776 = AXIS2_PLACEMENT_3D ( 'NONE', #1375, #3263, #3513 ) ;
#2777 = CARTESIAN_POINT ( 'NONE',  ( -17.32065454811671401, 21.59410370944260293, -20.60776331444969856 ) ) ;
#2778 = CARTESIAN_POINT ( 'NONE',  ( 19.99999999999999645, 0.000000000000000000, -23.09999999999999432 ) ) ;
#2779 = DIRECTION ( 'NONE',  ( 0.000000000000000000, 8.908452710415162640E-15, -1.000000000000000000 ) ) ;
#2780 = VERTEX_POINT ( 'NONE', #1767 ) ;
#2781 = ORIENTED_EDGE ( 'NONE', *, *, #2449, .F. ) ;
#2782 = EDGE_CURVE ( 'NONE', #1880, #2780, #449, .T. ) ;
#2783 = CARTESIAN_POINT ( 'NONE',  ( -6.500000000000002665, 9.099999999999999645, -19.09999999999999787 ) ) ;
#2784 = ADVANCED_FACE ( 'NONE', ( #3108 ), #2096, .F. ) ;
#2785 = EDGE_CURVE ( 'NONE', #2579, #3292, #3422, .T. ) ;
#2786 = AXIS2_PLACEMENT_3D ( 'NONE', #2651, #1859, #2390 ) ;
#2787 = ORIENTED_EDGE ( 'NONE', *, *, #37, .F. ) ;
#2788 = VECTOR ( 'NONE', #2378, 1000.000000000000000 ) ;
#2789 = CARTESIAN_POINT ( 'NONE',  ( 20.00000000000000000, 9.100000000000001421, -6.449999999999999289 ) ) ;
#2790 = LINE ( 'NONE', #3407, #1783 ) ;
#2791 = CARTESIAN_POINT ( 'NONE',  ( -14.71503324295816917, 9.099999999999999645, -4.683333333333326465 ) ) ;
#2792 = ORIENTED_EDGE ( 'NONE', *, *, #1477, .F. ) ;
#2793 = FACE_OUTER_BOUND ( 'NONE', #2963, .T. ) ;
#2794 = CARTESIAN_POINT ( 'NONE',  ( 19.01544195096117207, 21.16400731508066002, 19.10000000000000497 ) ) ;
#2795 = CARTESIAN_POINT ( 'NONE',  ( 15.99999999999999289, 22.00000000000000000, -21.49999999999999645 ) ) ;
#2796 = ORIENTED_EDGE ( 'NONE', *, *, #1095, .F. ) ;
#2797 = ORIENTED_EDGE ( 'NONE', *, *, #633, .F. ) ;
#2798 = EDGE_CURVE ( 'NONE', #1163, #395, #3165, .T. ) ;
#2799 = CARTESIAN_POINT ( 'NONE',  ( 12.09999999999999609, 6.200000000000001066, 22.60000000000000853 ) ) ;
#2800 = DIRECTION ( 'NONE',  ( 0.000000000000000000, 1.000000000000000000, 0.000000000000000000 ) ) ;
#2801 = AXIS2_PLACEMENT_3D ( 'NONE', #127, #58, #1956 ) ;
#2802 = VECTOR ( 'NONE', #853, 1000.000000000000000 ) ;
#2803 = DIRECTION ( 'NONE',  ( -0.000000000000000000, 1.000000000000000000, 0.000000000000000000 ) ) ;
#2804 = ORIENTED_EDGE ( 'NONE', *, *, #967, .F. ) ;
#2805 = CARTESIAN_POINT ( 'NONE',  ( -17.74643234771805567, 21.59410370944292268, -20.10959128337846735 ) ) ;
#2806 = EDGE_CURVE ( 'NONE', #319, #3214, #1539, .T. ) ;
#2807 = CARTESIAN_POINT ( 'NONE',  ( 0.000000000000000000, 3.600000000000000089, 7.600000000000012967 ) ) ;
#2808 = ORIENTED_EDGE ( 'NONE', *, *, #624, .F. ) ;
#2809 = FACE_OUTER_BOUND ( 'NONE', #388, .T. ) ;
#2810 = DIRECTION ( 'NONE',  ( 0.000000000000000000, 0.000000000000000000, 1.000000000000000000 ) ) ;
#2811 = LINE ( 'NONE', #1450, #3354 ) ;
#2812 = EDGE_CURVE ( 'NONE', #3214, #1765, #2092, .T. ) ;
#2813 = EDGE_LOOP ( 'NONE', ( #756, #1791, #3154, #804 ) ) ;
#2814 = ORIENTED_EDGE ( 'NONE', *, *, #2854, .F. ) ;
#2815 = DIRECTION ( 'NONE',  ( 1.000000000000000000, 0.000000000000000000, 0.000000000000000000 ) ) ;
#2816 = CARTESIAN_POINT ( 'NONE',  ( 18.00000000000000000, 9.100000000000001421, -7.849999999999999645 ) ) ;
#2817 = EDGE_CURVE ( 'NONE', #600, #383, #3481, .T. ) ;
#2818 = CARTESIAN_POINT ( 'NONE',  ( -1.900000000000003686, 6.200000000000001066, 21.60000000000000853 ) ) ;
#2819 = VECTOR ( 'NONE', #3411, 1000.000000000000000 ) ;
#2820 = EDGE_LOOP ( 'NONE', ( #2454, #2543, #2365, #2683 ) ) ;
#2821 = VECTOR ( 'NONE', #2972, 1000.000000000000000 ) ;
#2822 = LINE ( 'NONE', #397, #396 ) ;
#2823 = AXIS2_PLACEMENT_3D ( 'NONE', #1046, #1867, #847 ) ;
#2824 = DIRECTION ( 'NONE',  ( 0.000000000000000000, 1.000000000000000000, 0.000000000000000000 ) ) ;
#2825 = ORIENTED_EDGE ( 'NONE', *, *, #2231, .T. ) ;
#2826 = DIRECTION ( 'NONE',  ( -1.084202172485497778E-16, 0.000000000000000000, -1.000000000000000000 ) ) ;
#2827 = CIRCLE ( 'NONE', #2037, 0.5000000000000004441 ) ;
#2828 = CARTESIAN_POINT ( 'NONE',  ( -18.24916615626594307, 21.20464809103406623, -19.70338976717871304 ) ) ;
#2829 = AXIS2_PLACEMENT_3D ( 'NONE', #698, #228, #1312 ) ;
#2830 = DIRECTION ( 'NONE',  ( 1.000000000000000000, 0.000000000000000000, 1.734723475976805517E-15 ) ) ;
#2831 = AXIS2_PLACEMENT_3D ( 'NONE', #2900, #469, #1555 ) ;
#2832 = VERTEX_POINT ( 'NONE', #971 ) ;
#2833 = ORIENTED_EDGE ( 'NONE', *, *, #2591, .T. ) ;
#2834 = CIRCLE ( 'NONE', #2157, 0.5000000000000004441 ) ;
#2835 = CYLINDRICAL_SURFACE ( 'NONE', #287, 2.000000000000001776 ) ;
#2836 = CARTESIAN_POINT ( 'NONE',  ( -17.99999999999999645, 21.59410370944287649, 19.10000000000000497 ) ) ;
#2837 = CIRCLE ( 'NONE', #1606, 0.5000000000000004441 ) ;
#2838 = ORIENTED_EDGE ( 'NONE', *, *, #1563, .T. ) ;
#2839 = LINE ( 'NONE', #2607, #1845 ) ;
#2840 = DIRECTION ( 'NONE',  ( 0.000000000000000000, 0.000000000000000000, 1.000000000000000000 ) ) ;
#2841 = ORIENTED_EDGE ( 'NONE', *, *, #1165, .F. ) ;
#2842 = CARTESIAN_POINT ( 'NONE',  ( 12.09999999999999254, 4.100000000000000533, 23.10000000000000853 ) ) ;
#2843 =( BOUNDED_CURVE ( )  B_SPLINE_CURVE ( 3, ( #2873, #447, #1820, #2320 ),
 .UNSPECIFIED., .F., .F. ) 
 B_SPLINE_CURVE_WITH_KNOTS ( ( 4, 4 ),
 ( 1.570796326794896558, 3.141592653589793116 ),
 .UNSPECIFIED. ) 
 CURVE ( )  GEOMETRIC_REPRESENTATION_ITEM ( )  RATIONAL_B_SPLINE_CURVE ( ( 1.000000000000000000, 0.8047378541243649375, 0.8047378541243649375, 1.000000000000000000 ) ) 
 REPRESENTATION_ITEM ( '' )  );
#2844 = CARTESIAN_POINT ( 'NONE',  ( -17.79705990575331498, 21.59410370944205937, -19.98764779133259850 ) ) ;
#2845 = CARTESIAN_POINT ( 'NONE',  ( 0.000000000000000000, 21.16400731508066002, -22.11544195096115573 ) ) ;
#2846 = ORIENTED_EDGE ( 'NONE', *, *, #2680, .F. ) ;
#2847 = ORIENTED_EDGE ( 'NONE', *, *, #3017, .F. ) ;
#2848 = DIRECTION ( 'NONE',  ( 1.000000000000000000, 0.000000000000000000, -0.000000000000000000 ) ) ;
#2849 = B_SPLINE_CURVE_WITH_KNOTS ( 'NONE', 3,
 ( #3515, #1073, #1592, #1627, #1929, #805, #768, #25, #1644, #2184 ),
 .UNSPECIFIED., .F., .F.,
 ( 4, 2, 2, 2, 4 ),
 ( 0.000000000000000000, 0.0007921336859806379482, 0.001584267371961275896, 0.002376401057941913628, 0.003168534743922551793 ),
 .UNSPECIFIED. ) ;
#2850 = PLANE ( 'NONE',  #237 ) ;
#2851 = ORIENTED_EDGE ( 'NONE', *, *, #1501, .T. ) ;
#2852 = CARTESIAN_POINT ( 'NONE',  ( -20.00000000000000355, 0.000000000000000000, -23.09999999999999432 ) ) ;
#2853 = VECTOR ( 'NONE', #2554, 1000.000000000000000 ) ;
#2854 = EDGE_CURVE ( 'NONE', #2396, #1647, #2608, .T. ) ;
#2855 = VERTEX_POINT ( 'NONE', #951 ) ;
#2856 = CARTESIAN_POINT ( 'NONE',  ( 16.00000000000000000, 21.59410370944288005, 21.10000000000000853 ) ) ;
#2857 = EDGE_CURVE ( 'NONE', #3047, #2342, #3146, .T. ) ;
#2858 = FACE_OUTER_BOUND ( 'NONE', #2386, .T. ) ;
#2859 = ORIENTED_EDGE ( 'NONE', *, *, #3512, .F. ) ;
#2860 = LINE ( 'NONE', #711, #385 ) ;
#2861 = EDGE_CURVE ( 'NONE', #910, #456, #2770, .T. ) ;
#2862 = CARTESIAN_POINT ( 'NONE',  ( -18.00000000000000355, 3.600000000000000089, 7.600000000000012967 ) ) ;
#2863 = DIRECTION ( 'NONE',  ( 0.000000000000000000, -1.000000000000000000, 0.000000000000000000 ) ) ;
#2864 = CARTESIAN_POINT ( 'NONE',  ( -1.400000000000003686, 6.200000000000001066, 20.60000000000001208 ) ) ;
#2865 = ORIENTED_EDGE ( 'NONE', *, *, #2142, .F. ) ;
#2866 = VERTEX_POINT ( 'NONE', #2302 ) ;
#2867 = EDGE_CURVE ( 'NONE', #2741, #399, #2339, .T. ) ;
#2868 = DIRECTION ( 'NONE',  ( 0.000000000000000000, 1.000000000000000000, 0.000000000000000000 ) ) ;
#2869 = CARTESIAN_POINT ( 'NONE',  ( -17.43348757045254871, 20.55698864586780417, -21.54711635226608735 ) ) ;
#2870 = ORIENTED_EDGE ( 'NONE', *, *, #3392, .T. ) ;
#2871 = ORIENTED_EDGE ( 'NONE', *, *, #1355, .F. ) ;
#2872 = VECTOR ( 'NONE', #2863, 1000.000000000000000 ) ;
#2873 = CARTESIAN_POINT ( 'NONE',  ( -18.00000000000000000, 2.599999999999992539, 8.600000000000006750 ) ) ;
#2874 = CIRCLE ( 'NONE', #3343, 0.4000000000000010214 ) ;
#2875 = DIRECTION ( 'NONE',  ( 0.000000000000000000, -1.000000000000000000, 0.000000000000000000 ) ) ;
#2876 = EDGE_CURVE ( 'NONE', #2111, #2732, #991, .T. ) ;
#2877 = CARTESIAN_POINT ( 'NONE',  ( 18.00000000000000000, 9.100000000000001421, -6.449999999999998401 ) ) ;
#2878 = ORIENTED_EDGE ( 'NONE', *, *, #3392, .F. ) ;
#2879 = CIRCLE ( 'NONE', #47, 0.4000000000000010214 ) ;
#2880 = CARTESIAN_POINT ( 'NONE',  ( 18.00000000000000000, 22.00000000000000000, -6.449999999999997513 ) ) ;
#2881 = AXIS2_PLACEMENT_3D ( 'NONE', #345, #92, #626 ) ;
#2882 = CARTESIAN_POINT ( 'NONE',  ( -16.52255677224182406, 21.27698179471861550, -21.04841791165206644 ) ) ;
#2883 =( LENGTH_UNIT ( ) NAMED_UNIT ( * ) SI_UNIT ( .MILLI., .METRE. ) );
#2884 = ORIENTED_EDGE ( 'NONE', *, *, #1410, .F. ) ;
#2885 = AXIS2_PLACEMENT_3D ( 'NONE', #703, #2868, #1601 ) ;
#2886 = ORIENTED_EDGE ( 'NONE', *, *, #2745, .T. ) ;
#2887 = AXIS2_PLACEMENT_3D ( 'NONE', #1037, #3486, #2118 ) ;
#2888 = CARTESIAN_POINT ( 'NONE',  ( -19.99999999999999645, 21.59999999999999787, 21.10000000000000853 ) ) ;
#2889 = ADVANCED_FACE ( 'NONE', ( #3130 ), #2075, .T. ) ;
#2890 = LINE ( 'NONE', #2393, #3013 ) ;
#2891 = ORIENTED_EDGE ( 'NONE', *, *, #2149, .T. ) ;
#2892 =( NAMED_UNIT ( * ) PLANE_ANGLE_UNIT ( ) SI_UNIT ( $, .RADIAN. ) );
#2893 = VECTOR ( 'NONE', #2154, 1000.000000000000000 ) ;
#2894 = DIRECTION ( 'NONE',  ( -9.082321863752916905E-17, 0.000000000000000000, -1.000000000000000000 ) ) ;
#2895 = CARTESIAN_POINT ( 'NONE',  ( -16.00000000000000000, 19.64999999999999858, -21.09999999999999432 ) ) ;
#2896 = ADVANCED_FACE ( 'NONE', ( #1837 ), #2623, .T. ) ;
#2897 = ORIENTED_EDGE ( 'NONE', *, *, #1162, .T. ) ;
#2898 = CYLINDRICAL_SURFACE ( 'NONE', #722, 4.000000000000000000 ) ;
#2899 = CARTESIAN_POINT ( 'NONE',  ( 18.30876227786208332, 21.20464809186998068, 19.10000000000000497 ) ) ;
#2900 = CARTESIAN_POINT ( 'NONE',  ( 0.000000000000000000, 21.59410370944288360, -21.50000000000000000 ) ) ;
#2901 = ORIENTED_EDGE ( 'NONE', *, *, #3441, .F. ) ;
#2902 = DIRECTION ( 'NONE',  ( 0.000000000000000000, 0.000000000000000000, -1.000000000000000000 ) ) ;
#2903 = CARTESIAN_POINT ( 'NONE',  ( 16.00000000000000000, 22.00000000000000000, -19.09999999999999432 ) ) ;
#2904 = ORIENTED_EDGE ( 'NONE', *, *, #14, .T. ) ;
#2905 = ORIENTED_EDGE ( 'NONE', *, *, #613, .F. ) ;
#2906 = EDGE_CURVE ( 'NONE', #3292, #2994, #1700, .T. ) ;
#2907 = CARTESIAN_POINT ( 'NONE',  ( 18.00000000000000000, 8.200000000000002842, -6.449999999999998401 ) ) ;
#2908 = EDGE_CURVE ( 'NONE', #3361, #1819, #3276, .T. ) ;
#2909 = CARTESIAN_POINT ( 'NONE',  ( 12.09999999999999609, 6.200000000000001066, 23.10000000000000853 ) ) ;
#2910 = EDGE_CURVE ( 'NONE', #2994, #2337, #241, .T. ) ;
#2911 = ORIENTED_EDGE ( 'NONE', *, *, #359, .T. ) ;
#2912 = LINE ( 'NONE', #3183, #2200 ) ;
#2913 = CARTESIAN_POINT ( 'NONE',  ( 18.30876227786209043, 21.20464809186998778, 19.10000000000000497 ) ) ;
#2914 = EDGE_LOOP ( 'NONE', ( #404, #1141, #1456, #2261 ) ) ;
#2915 = DIRECTION ( 'NONE',  ( 1.929944228382272707E-32, -1.000000000000000000, 1.284980352575413932E-16 ) ) ;
#2916 = CARTESIAN_POINT ( 'NONE',  ( 17.99999999999999645, 4.900000000000002132, -14.35000000000000320 ) ) ;
#2917 = AXIS2_PLACEMENT_3D ( 'NONE', #714, #1230, #3173 ) ;
#2918 = ORIENTED_EDGE ( 'NONE', *, *, #3026, .F. ) ;
#2919 = LINE ( 'NONE', #2644, #2647 ) ;
#2920 = DIRECTION ( 'NONE',  ( -1.000000000000000000, 0.000000000000000000, 1.501925087425806872E-16 ) ) ;
#2921 = DIRECTION ( 'NONE',  ( 0.000000000000000000, 0.000000000000000000, 1.000000000000000000 ) ) ;
#2922 = EDGE_LOOP ( 'NONE', ( #181, #337, #2252, #2219, #2749, #619 ) ) ;
#2923 = CARTESIAN_POINT ( 'NONE',  ( 15.99999999999999289, 21.59999999999999787, -21.49999999999999645 ) ) ;
#2924 = B_SPLINE_CURVE_WITH_KNOTS ( 'NONE', 3,
 ( #1883, #2208, #2966, #3036, #3504 ),
 .UNSPECIFIED., .F., .F.,
 ( 4, 1, 4 ),
 ( 0.000000000000000000, 0.3063616363167692702, 0.9162449681765268972 ),
 .UNSPECIFIED. ) ;
#2925 = CYLINDRICAL_SURFACE ( 'NONE', #2786, 0.4000000000000010214 ) ;
#2926 = LINE ( 'NONE', #2888, #2254 ) ;
#2927 = EDGE_CURVE ( 'NONE', #2225, #1864, #1925, .T. ) ;
#2928 = DIRECTION ( 'NONE',  ( 1.000000000000000000, -0.000000000000000000, -0.000000000000000000 ) ) ;
#2929 = VERTEX_POINT ( 'NONE', #2934 ) ;
#2930 = DIRECTION ( 'NONE',  ( 0.000000000000000000, -1.000000000000000000, 0.000000000000000000 ) ) ;
#2931 = EDGE_CURVE ( 'NONE', #478, #2026, #3064, .T. ) ;
#2932 = CARTESIAN_POINT ( 'NONE',  ( -18.00000000000000355, 21.24999999999999645, 19.10000000000000142 ) ) ;
#2933 = ORIENTED_EDGE ( 'NONE', *, *, #2867, .F. ) ;
#2934 = CARTESIAN_POINT ( 'NONE',  ( -18.00000000000000355, 21.59999999999999787, -19.09999999999999076 ) ) ;
#2935 = ORIENTED_EDGE ( 'NONE', *, *, #535, .F. ) ;
#2936 = DIRECTION ( 'NONE',  ( -1.000000000000000000, 0.000000000000000000, -0.000000000000000000 ) ) ;
#2937 = AXIS2_PLACEMENT_3D ( 'NONE', #2354, #3456, #3185 ) ;
#2938 = DIRECTION ( 'NONE',  ( 1.501925087425806872E-16, 0.000000000000000000, 1.000000000000000000 ) ) ;
#2939 = CIRCLE ( 'NONE', #3058, 2.000000000000001776 ) ;
#2940 = DIRECTION ( 'NONE',  ( -0.000000000000000000, 1.000000000000000000, -0.000000000000000000 ) ) ;
#2941 = EDGE_CURVE ( 'NONE', #2950, #1418, #525, .T. ) ;
#2942 = VERTEX_POINT ( 'NONE', #541 ) ;
#2943 =( GEOMETRIC_REPRESENTATION_CONTEXT ( 3 ) GLOBAL_UNCERTAINTY_ASSIGNED_CONTEXT ( ( #160 ) ) GLOBAL_UNIT_ASSIGNED_CONTEXT ( ( #2883, #207, #1521 ) ) REPRESENTATION_CONTEXT ( 'NONE', 'WORKASPACE' ) );
#2944 = VERTEX_POINT ( 'NONE', #1069 ) ;
#2945 = EDGE_CURVE ( 'NONE', #2565, #494, #1589, .T. ) ;
#2946 = AXIS2_PLACEMENT_3D ( 'NONE', #1120, #2180, #1144 ) ;
#2947 = DIRECTION ( 'NONE',  ( 0.000000000000000000, -1.000000000000000000, 0.000000000000000000 ) ) ;
#2948 = DIRECTION ( 'NONE',  ( 0.000000000000000000, 0.000000000000000000, -1.000000000000000000 ) ) ;
#2949 = CARTESIAN_POINT ( 'NONE',  ( -17.49999999999999645, 2.000000000000000000, 8.600000000000006750 ) ) ;
#2950 = VERTEX_POINT ( 'NONE', #3223 ) ;
#2951 = VECTOR ( 'NONE', #1142, 1000.000000000000000 ) ;
#2952 = CARTESIAN_POINT ( 'NONE',  ( 16.00000000000000000, 21.59410370944287649, 21.50000000000000711 ) ) ;
#2953 = CARTESIAN_POINT ( 'NONE',  ( -19.01544195096116496, 21.16400731508066002, 19.10000000000000142 ) ) ;
#2954 = AXIS2_PLACEMENT_3D ( 'NONE', #1756, #2575, #2815 ) ;
#2955 = DIRECTION ( 'NONE',  ( 0.000000000000000000, 0.000000000000000000, 1.000000000000000000 ) ) ;
#2956 = AXIS2_PLACEMENT_3D ( 'NONE', #2903, #2345, #3211 ) ;
#2957 = VECTOR ( 'NONE', #1317, 1000.000000000000000 ) ;
#2958 = LINE ( 'NONE', #1090, #1821 ) ;
#2959 = CARTESIAN_POINT ( 'NONE',  ( 17.00358699025613518, 21.59410370944261359, 20.83485103493527646 ) ) ;
#2960 = EDGE_LOOP ( 'NONE', ( #1022, #3030, #505, #2279 ) ) ;
#2961 = DIRECTION ( 'NONE',  ( 0.000000000000000000, 0.000000000000000000, 1.000000000000000000 ) ) ;
#2962 = CARTESIAN_POINT ( 'NONE',  ( 16.00000000000000000, 2.000000000000000000, 21.10000000000000853 ) ) ;
#2963 = EDGE_LOOP ( 'NONE', ( #2485, #1551, #2394, #2067, #488, #1587, #656, #2716, #1189, #934, #1630, #3397 ) ) ;
#2964 = FACE_OUTER_BOUND ( 'NONE', #258, .T. ) ;
#2965 = CARTESIAN_POINT ( 'NONE',  ( 0.000000000000000000, 21.16400731508066002, -22.11544195096115573 ) ) ;
#2966 = CARTESIAN_POINT ( 'NONE',  ( -18.40966810795326936, 20.49268122259968905, -19.09999999999999432 ) ) ;
#2967 = CARTESIAN_POINT ( 'NONE',  ( 19.99999999999999645, 21.59410370944288360, -21.09999999999999432 ) ) ;
#2968 = ORIENTED_EDGE ( 'NONE', *, *, #633, .T. ) ;
#2969 = CARTESIAN_POINT ( 'NONE',  ( 11.59999999999999609, 6.200000000000001066, 22.60000000000000853 ) ) ;
#2970 = EDGE_CURVE ( 'NONE', #1014, #829, #1909, .T. ) ;
#2971 = CARTESIAN_POINT ( 'NONE',  ( -7.000000000000004441, 9.099999999999999645, -4.599999999999992539 ) ) ;
#2972 = DIRECTION ( 'NONE',  ( 1.032573497605242347E-16, -1.000000000000000000, -0.000000000000000000 ) ) ;
#2973 = LINE ( 'NONE', #782, #2545 ) ;
#2974 = ORIENTED_EDGE ( 'NONE', *, *, #2482, .T. ) ;
#2975 = CARTESIAN_POINT ( 'NONE',  ( -9.291960108450199485, 9.099999999999999645, -18.59999999999999787 ) ) ;
#2976 = CARTESIAN_POINT ( 'NONE',  ( 17.43348757045251674, 20.55698864586779706, 21.54711635226611577 ) ) ;
#2977 = CARTESIAN_POINT ( 'NONE',  ( -17.79709251171868445, 21.27698179471971329, 19.98758547699911858 ) ) ;
#2978 = ORIENTED_EDGE ( 'NONE', *, *, #376, .T. ) ;
#2979 = EDGE_CURVE ( 'NONE', #1202, #980, #555, .T. ) ;
#2980 = VECTOR ( 'NONE', #1459, 1000.000000000000000 ) ;
#2981 = DIRECTION ( 'NONE',  ( -1.000000000000000000, 0.000000000000000000, -0.000000000000000000 ) ) ;
#2982 = CARTESIAN_POINT ( 'NONE',  ( 20.00000000000000000, 8.200000000000002842, -6.449999999999999289 ) ) ;
#2983 = CARTESIAN_POINT ( 'NONE',  ( -17.17157287525381193, 19.64999999999999858, 21.10000000000001563 ) ) ;
#2984 = CARTESIAN_POINT ( 'NONE',  ( 16.52269544858738826, 21.27698179471807194, -21.04837396471070932 ) ) ;
#2985 = ORIENTED_EDGE ( 'NONE', *, *, #1563, .F. ) ;
#2986 = EDGE_CURVE ( 'NONE', #3291, #3047, #3009, .T. ) ;
#2987 = B_SPLINE_CURVE_WITH_KNOTS ( 'NONE', 3,
 ( #2481, #1443, #1178, #3349, #593 ),
 .UNSPECIFIED., .F., .F.,
 ( 4, 1, 4 ),
 ( 0.000000000000000000, 0.3063616363167692702, 0.9162449681765268972 ),
 .UNSPECIFIED. ) ;
#2988 = CARTESIAN_POINT ( 'NONE',  ( 17.99999999999999645, 9.100000000000001421, -15.75000000000000000 ) ) ;
#2989 = CARTESIAN_POINT ( 'NONE',  ( -6.500000000000005329, 3.600000000000000089, -21.09999999999999432 ) ) ;
#2990 = CARTESIAN_POINT ( 'NONE',  ( 17.32065454811671401, 21.59410370944260649, 20.60776331444971987 ) ) ;
#2991 = VERTEX_POINT ( 'NONE', #1392 ) ;
#2992 = DIRECTION ( 'NONE',  ( -0.000000000000000000, 1.000000000000000000, 0.000000000000000000 ) ) ;
#2993 = CARTESIAN_POINT ( 'NONE',  ( -18.24921688778245965, 21.20464809101421721, 19.70322968182195567 ) ) ;
#2994 = VERTEX_POINT ( 'NONE', #2463 ) ;
#2995 = EDGE_CURVE ( 'NONE', #592, #716, #2958, .T. ) ;
#2996 = CARTESIAN_POINT ( 'NONE',  ( -6.500000000000002665, 3.600000000000000089, -18.59999999999999787 ) ) ;
#2997 = FACE_OUTER_BOUND ( 'NONE', #1827, .T. ) ;
#2998 = CARTESIAN_POINT ( 'NONE',  ( 16.00000000000000000, 21.59999999999999787, 19.10000000000000497 ) ) ;
#2999 = CARTESIAN_POINT ( 'NONE',  ( 17.40816061643619861, 21.20464809183414445, -20.93575281998682769 ) ) ;
#3000 = VERTEX_POINT ( 'NONE', #1033 ) ;
#3001 = ORIENTED_EDGE ( 'NONE', *, *, #532, .F. ) ;
#3002 = AXIS2_PLACEMENT_3D ( 'NONE', #230, #1315, #1001 ) ;
#3003 = CARTESIAN_POINT ( 'NONE',  ( 18.00000000000000355, 21.59410370944288360, 19.10000000000000497 ) ) ;
#3004 = VECTOR ( 'NONE', #2744, 1000.000000000000000 ) ;
#3005 = CYLINDRICAL_SURFACE ( 'NONE', #1417, 0.5000000000000004441 ) ;
#3006 = CIRCLE ( 'NONE', #2885, 2.000000000000001776 ) ;
#3007 = TOROIDAL_SURFACE ( 'NONE', #2829, 2.400000000000000355, 0.4000000000000000222 ) ;
#3008 = VECTOR ( 'NONE', #753, 1000.000000000000000 ) ;
#3009 = LINE ( 'NONE', #2730, #2893 ) ;
#3010 = EDGE_CURVE ( 'NONE', #3374, #3373, #1478, .T. ) ;
#3011 = EDGE_LOOP ( 'NONE', ( #755, #1954, #3071, #2360 ) ) ;
#3012 = CARTESIAN_POINT ( 'NONE',  ( -17.99999999999999645, 21.59410370944287649, 19.10000000000000497 ) ) ;
#3013 = VECTOR ( 'NONE', #2070, 1000.000000000000000 ) ;
#3014 = CARTESIAN_POINT ( 'NONE',  ( 18.44711635226611435, 20.55698864586779706, 19.10000000000000142 ) ) ;
#3015 = DIRECTION ( 'NONE',  ( 0.000000000000000000, 0.000000000000000000, 1.000000000000000000 ) ) ;
#3016 = ORIENTED_EDGE ( 'NONE', *, *, #648, .T. ) ;
#3017 = EDGE_CURVE ( 'NONE', #2942, #3334, #2973, .T. ) ;
#3018 = DIRECTION ( 'NONE',  ( 0.000000000000000000, 0.000000000000000000, 1.000000000000000000 ) ) ;
#3019 = CARTESIAN_POINT ( 'NONE',  ( -18.00000000000000355, 19.78918494657904859, 20.27157287525381690 ) ) ;
#3020 = CARTESIAN_POINT ( 'NONE',  ( 17.02468386764420671, 21.20464809228796810, -21.17449205908291887 ) ) ;
#3021 = VERTEX_POINT ( 'NONE', #1639 ) ;
#3022 = CARTESIAN_POINT ( 'NONE',  ( -6.500000000000002665, 3.600000000000000089, -5.099999999999993427 ) ) ;
#3023 = ORIENTED_EDGE ( 'NONE', *, *, #37, .T. ) ;
#3024 = EDGE_CURVE ( 'NONE', #3469, #467, #2170, .T. ) ;
#3025 = CARTESIAN_POINT ( 'NONE',  ( 15.99999999999999289, 21.59999999999999787, -19.09999999999999076 ) ) ;
#3026 = EDGE_CURVE ( 'NONE', #374, #3214, #2714, .T. ) ;
#3027 = CARTESIAN_POINT ( 'NONE',  ( 16.00000000000000000, 21.59410370944292623, -21.49999999999979039 ) ) ;
#3028 = EDGE_CURVE ( 'NONE', #2761, #595, #256, .T. ) ;
#3029 = CARTESIAN_POINT ( 'NONE',  ( 16.52255677096454534, 21.59410370944178226, 21.04841790856976402 ) ) ;
#3030 = ORIENTED_EDGE ( 'NONE', *, *, #1613, .T. ) ;
#3031 = DIRECTION ( 'NONE',  ( -0.000000000000000000, 1.000000000000000000, -0.000000000000000000 ) ) ;
#3032 = LINE ( 'NONE', #904, #452 ) ;
#3033 = ORIENTED_EDGE ( 'NONE', *, *, #3499, .T. ) ;
#3034 = CARTESIAN_POINT ( 'NONE',  ( -7.000000000000003553, 9.099999999999999645, 3.400000000000007017 ) ) ;
#3035 = PRODUCT_DEFINITION_SHAPE ( 'NONE', 'NONE',  #2668 ) ;
#3036 = CARTESIAN_POINT ( 'NONE',  ( -18.92109196514350700, 21.06119768739732834, -19.09999999999999432 ) ) ;
#3037 = CARTESIAN_POINT ( 'NONE',  ( 17.74053353254504373, 21.20464809174644571, -20.62453870176310389 ) ) ;
#3038 = ORIENTED_EDGE ( 'NONE', *, *, #1132, .F. ) ;
#3039 = ORIENTED_EDGE ( 'NONE', *, *, #712, .T. ) ;
#3040 = CARTESIAN_POINT ( 'NONE',  ( -18.00000000000000000, 8.099999999999999645, 3.900000000000008349 ) ) ;
#3041 = EDGE_CURVE ( 'NONE', #88, #435, #1343, .T. ) ;
#3042 = EDGE_CURVE ( 'NONE', #3132, #798, #1936, .T. ) ;
#3043 = PLANE ( 'NONE',  #788 ) ;
#3044 = ORIENTED_EDGE ( 'NONE', *, *, #393, .F. ) ;
#3045 = LINE ( 'NONE', #3317, #1924 ) ;
#3046 = DIRECTION ( 'NONE',  ( -1.188166764367676095E-16, -0.000000000000000000, -1.000000000000000000 ) ) ;
#3047 = VERTEX_POINT ( 'NONE', #2450 ) ;
#3048 = DIRECTION ( 'NONE',  ( 1.000000000000000000, 0.000000000000000000, -0.000000000000000000 ) ) ;
#3049 = CARTESIAN_POINT ( 'NONE',  ( -18.00000000000000000, 8.099999999999999645, 3.900000000000008349 ) ) ;
#3050 = CARTESIAN_POINT ( 'NONE',  ( 19.01544195096116852, 21.16400731508066002, -19.09999999999999076 ) ) ;
#3051 = FACE_OUTER_BOUND ( 'NONE', #1679, .T. ) ;
#3052 = ADVANCED_FACE ( 'NONE', ( #21 ), #948, .T. ) ;
#3053 = EDGE_LOOP ( 'NONE', ( #1246, #39, #69, #1665 ) ) ;
#3054 = VERTEX_POINT ( 'NONE', #387 ) ;
#3055 = AXIS2_PLACEMENT_3D ( 'NONE', #1064, #799, #1887 ) ;
#3056 = DIRECTION ( 'NONE',  ( 1.000000000000000000, -0.000000000000000000, -1.508455196501571429E-16 ) ) ;
#3057 = AXIS2_PLACEMENT_3D ( 'NONE', #133, #3112, #351 ) ;
#3058 = AXIS2_PLACEMENT_3D ( 'NONE', #3148, #1824, #2902 ) ;
#3059 = ORIENTED_EDGE ( 'NONE', *, *, #2986, .F. ) ;
#3060 = CARTESIAN_POINT ( 'NONE',  ( -17.00947279642995014, 21.59410370944291557, -20.84650812517910978 ) ) ;
#3061 = AXIS2_PLACEMENT_3D ( 'NONE', #1480, #643, #3062 ) ;
#3062 = DIRECTION ( 'NONE',  ( 0.000000000000000000, 0.000000000000000000, 1.000000000000000000 ) ) ;
#3063 = ORIENTED_EDGE ( 'NONE', *, *, #2854, .T. ) ;
#3064 = CIRCLE ( 'NONE', #800, 4.000000000000000000 ) ;
#3065 = CARTESIAN_POINT ( 'NONE',  ( -1.400000000000003686, 6.200000000000001066, 20.60000000000001208 ) ) ;
#3066 = LINE ( 'NONE', #333, #818 ) ;
#3067 = CIRCLE ( 'NONE', #1706, 2.499999999999995115 ) ;
#3068 = CARTESIAN_POINT ( 'NONE',  ( -18.00000000392641297, 21.27698179471531503, -19.36487634250774903 ) ) ;
#3069 = DIRECTION ( 'NONE',  ( 7.999791739217659183E-17, 0.7071067811865426878, 0.7071067811865523467 ) ) ;
#3070 = ORIENTED_EDGE ( 'NONE', *, *, #3010, .T. ) ;
#3071 = ORIENTED_EDGE ( 'NONE', *, *, #2785, .F. ) ;
#3072 = CARTESIAN_POINT ( 'NONE',  ( 0.000000000000000000, 3.600000000000000089, 0.000000000000000000 ) ) ;
#3073 = CARTESIAN_POINT ( 'NONE',  ( -18.00000000000000355, 19.64999999999999858, -19.09999999999996589 ) ) ;
#3074 = ADVANCED_FACE ( 'NONE', ( #1737 ), #1474, .T. ) ;
#3075 = CARTESIAN_POINT ( 'NONE',  ( 18.92109196514352121, 21.06119768739733189, 19.10000000000000497 ) ) ;
#3076 = VERTEX_POINT ( 'NONE', #2836 ) ;
#3077 = CYLINDRICAL_SURFACE ( 'NONE', #107, 1.400000000000000133 ) ;
#3078 = CARTESIAN_POINT ( 'NONE',  ( 0.000000000000000000, 21.20464809186998423, -21.40876227786206343 ) ) ;
#3079 = ORIENTED_EDGE ( 'NONE', *, *, #273, .T. ) ;
#3080 = DIRECTION ( 'NONE',  ( -1.032573497605242347E-16, 1.000000000000000000, -0.000000000000000000 ) ) ;
#3081 = CARTESIAN_POINT ( 'NONE',  ( -15.99999999999999289, 20.55698864586779706, 21.54711635226612287 ) ) ;
#3082 = FACE_OUTER_BOUND ( 'NONE', #1208, .T. ) ;
#3083 = DIRECTION ( 'NONE',  ( 0.000000000000000000, 0.000000000000000000, 1.000000000000000000 ) ) ;
#3084 = ORIENTED_EDGE ( 'NONE', *, *, #390, .F. ) ;
#3085 = ORIENTED_EDGE ( 'NONE', *, *, #1391, .F. ) ;
#3086 = CARTESIAN_POINT ( 'NONE',  ( 15.99999999999999289, 21.59999999999999787, -19.09999999999999076 ) ) ;
#3087 = CARTESIAN_POINT ( 'NONE',  ( -18.00000000000001776, 21.24999999999999645, -20.27157287525377782 ) ) ;
#3088 = B_SPLINE_CURVE_WITH_KNOTS ( 'NONE', 3,
 ( #1678, #2752, #377, #348, #2771 ),
 .UNSPECIFIED., .F., .F.,
 ( 4, 1, 4 ),
 ( 0.000000000000000000, 0.3063616363167692702, 0.9162449681765320042 ),
 .UNSPECIFIED. ) ;
#3089 = DIRECTION ( 'NONE',  ( -1.000000000000000000, 0.000000000000000000, 0.000000000000000000 ) ) ;
#3090 = DIRECTION ( 'NONE',  ( 1.000000000000000000, 0.000000000000000000, -0.000000000000000000 ) ) ;
#3091 = ORIENTED_EDGE ( 'NONE', *, *, #1915, .T. ) ;
#3092 = CARTESIAN_POINT ( 'NONE',  ( -6.500000000000002665, 9.099999999999999645, -18.59999999999999787 ) ) ;
#3093 = CARTESIAN_POINT ( 'NONE',  ( -9.291960108450199485, -15.56376789673679539, -4.599999999999992539 ) ) ;
#3094 = ORIENTED_EDGE ( 'NONE', *, *, #1342, .T. ) ;
#3095 = LINE ( 'NONE', #3335, #3105 ) ;
#3096 = CARTESIAN_POINT ( 'NONE',  ( -18.00000000000000355, 21.59410370943847113, -19.36487634345256836 ) ) ;
#3097 = FACE_OUTER_BOUND ( 'NONE', #3204, .T. ) ;
#3098 = ORIENTED_EDGE ( 'NONE', *, *, #3307, .F. ) ;
#3099 = EDGE_LOOP ( 'NONE', ( #893, #2697, #705, #706 ) ) ;
#3100 = CARTESIAN_POINT ( 'NONE',  ( 0.000000000000000000, 19.64999999999999858, -21.09999999999999432 ) ) ;
#3101 = CARTESIAN_POINT ( 'NONE',  ( -15.99999999999999645, 20.55698864586779706, 21.54711635226611932 ) ) ;
#3102 = AXIS2_PLACEMENT_3D ( 'NONE', #1776, #2563, #143 ) ;
#3103 = CARTESIAN_POINT ( 'NONE',  ( -18.00000000000000355, 9.099999999999999645, -19.09999999999999076 ) ) ;
#3104 = DIRECTION ( 'NONE',  ( -0.000000000000000000, 1.000000000000000000, -0.000000000000000000 ) ) ;
#3105 = VECTOR ( 'NONE', #95, 1000.000000000000000 ) ;
#3106 = ORIENTED_EDGE ( 'NONE', *, *, #309, .F. ) ;
#3107 = VECTOR ( 'NONE', #527, 1000.000000000000000 ) ;
#3108 = FACE_OUTER_BOUND ( 'NONE', #1997, .T. ) ;
#3109 = AXIS2_PLACEMENT_3D ( 'NONE', #3025, #1905, #552 ) ;
#3110 = DIRECTION ( 'NONE',  ( -0.000000000000000000, -1.000000000000000000, -0.000000000000000000 ) ) ;
#3111 = ORIENTED_EDGE ( 'NONE', *, *, #624, .T. ) ;
#3112 = DIRECTION ( 'NONE',  ( 0.000000000000000000, -1.000000000000000000, 0.000000000000000000 ) ) ;
#3113 = VECTOR ( 'NONE', #2295, 1000.000000000000000 ) ;
#3114 = CARTESIAN_POINT ( 'NONE',  ( 18.00000000000001066, 19.64999999999999858, 19.10000000000000497 ) ) ;
#3115 = CARTESIAN_POINT ( 'NONE',  ( -18.00000000000000355, 19.64999999999999858, 19.10000000000000142 ) ) ;
#3116 = LINE ( 'NONE', #632, #731 ) ;
#3117 = VECTOR ( 'NONE', #2045, 1000.000000000000000 ) ;
#3118 = EDGE_LOOP ( 'NONE', ( #2841, #968, #1560, #1385 ) ) ;
#3119 = ORIENTED_EDGE ( 'NONE', *, *, #862, .F. ) ;
#3120 = ADVANCED_FACE ( 'NONE', ( #439 ), #1286, .T. ) ;
#3121 = AXIS2_PLACEMENT_3D ( 'NONE', #3257, #828, #550 ) ;
#3122 = CARTESIAN_POINT ( 'NONE',  ( -20.00000000000000355, 2.000000000000000000, -23.09999999999999432 ) ) ;
#3123 = CARTESIAN_POINT ( 'NONE',  ( 16.00000000000000355, 19.78918494657904859, 21.10000000000000853 ) ) ;
#3124 = CARTESIAN_POINT ( 'NONE',  ( 16.26501320114143923, 21.27698179472470486, 21.10000000414856913 ) ) ;
#3125 = EDGE_CURVE ( 'NONE', #1875, #1326, #1196, .T. ) ;
#3126 = CARTESIAN_POINT ( 'NONE',  ( 20.00000000000000355, 22.00000000000000000, 23.10000000000000853 ) ) ;
#3127 = ADVANCED_FACE ( 'NONE', ( #141 ), #2850, .F. ) ;
#3128 = ORIENTED_EDGE ( 'NONE', *, *, #554, .F. ) ;
#3129 = DIRECTION ( 'NONE',  ( -0.000000000000000000, -1.000000000000000000, -0.000000000000000000 ) ) ;
#3130 = FACE_OUTER_BOUND ( 'NONE', #3147, .T. ) ;
#3131 = FACE_OUTER_BOUND ( 'NONE', #450, .T. ) ;
#3132 = VERTEX_POINT ( 'NONE', #3394 ) ;
#3133 = CARTESIAN_POINT ( 'NONE',  ( 18.39999999999999503, 21.59999999999999787, -19.09999999999999076 ) ) ;
#3134 = DIRECTION ( 'NONE',  ( 0.000000000000000000, -0.000000000000000000, 1.000000000000000000 ) ) ;
#3135 = PLANE ( 'NONE',  #317 ) ;
#3136 = DIRECTION ( 'NONE',  ( -0.000000000000000000, 1.000000000000000000, 0.000000000000000000 ) ) ;
#3137 = EDGE_LOOP ( 'NONE', ( #750, #3444, #1406, #1338 ) ) ;
#3138 = ORIENTED_EDGE ( 'NONE', *, *, #1235, .T. ) ;
#3139 = CARTESIAN_POINT ( 'NONE',  ( -18.00000000000000355, 3.600000000000000089, 3.900000000000007461 ) ) ;
#3140 = DIRECTION ( 'NONE',  ( 0.000000000000000000, 1.000000000000000000, 0.000000000000000000 ) ) ;
#3141 = VERTEX_POINT ( 'NONE', #373 ) ;
#3142 = EDGE_CURVE ( 'NONE', #2761, #3469, #849, .T. ) ;
#3143 = VERTEX_POINT ( 'NONE', #2527 ) ;
#3144 = CARTESIAN_POINT ( 'NONE',  ( -15.99999999999999289, 19.64999999999999858, 21.10000000000000853 ) ) ;
#3145 = CYLINDRICAL_SURFACE ( 'NONE', #1260, 0.5000000000000004441 ) ;
#3146 = LINE ( 'NONE', #1822, #2153 ) ;
#3147 = EDGE_LOOP ( 'NONE', ( #349, #2179, #710, #1738 ) ) ;
#3148 = CARTESIAN_POINT ( 'NONE',  ( 15.99999999999999289, 6.900000000000003020, -19.09999999999999076 ) ) ;
#3149 = EDGE_CURVE ( 'NONE', #1173, #1690, #2718, .T. ) ;
#3150 = CARTESIAN_POINT ( 'NONE',  ( -16.88758547763838891, 21.59410370944260649, -20.89709251325981754 ) ) ;
#3151 = DIRECTION ( 'NONE',  ( 0.000000000000000000, 0.000000000000000000, 1.000000000000000000 ) ) ;
#3152 = CARTESIAN_POINT ( 'NONE',  ( 0.000000000000000000, 0.000000000000000000, 0.000000000000000000 ) ) ;
#3153 = EDGE_CURVE ( 'NONE', #1040, #2667, #1237, .T. ) ;
#3154 = ORIENTED_EDGE ( 'NONE', *, *, #354, .T. ) ;
#3155 = ORIENTED_EDGE ( 'NONE', *, *, #459, .F. ) ;
#3156 = ADVANCED_FACE ( 'NONE', ( #2055 ), #1508, .F. ) ;
#3157 = CARTESIAN_POINT ( 'NONE',  ( 17.99999999999999645, 21.59410370944288360, -19.09999999999999076 ) ) ;
#3158 = EDGE_CURVE ( 'NONE', #2337, #1950, #1703, .T. ) ;
#3159 = LINE ( 'NONE', #2967, #1988 ) ;
#3160 = EDGE_LOOP ( 'NONE', ( #940, #747, #650, #1213 ) ) ;
#3161 = CARTESIAN_POINT ( 'NONE',  ( -18.00000000000000355, 19.64999999999999858, 19.10000000000000142 ) ) ;
#3162 = ORIENTED_EDGE ( 'NONE', *, *, #1497, .F. ) ;
#3163 = FACE_OUTER_BOUND ( 'NONE', #2630, .T. ) ;
#3164 = VECTOR ( 'NONE', #930, 1000.000000000000000 ) ;
#3165 = LINE ( 'NONE', #2642, #232 ) ;
#3166 = FACE_OUTER_BOUND ( 'NONE', #1955, .T. ) ;
#3167 = ORIENTED_EDGE ( 'NONE', *, *, #3207, .T. ) ;
#3168 = CARTESIAN_POINT ( 'NONE',  ( 19.99999999999999645, 22.00000000000000000, -19.09999999999999076 ) ) ;
#3169 = EDGE_CURVE ( 'NONE', #1257, #2225, #294, .T. ) ;
#3170 = EDGE_CURVE ( 'NONE', #2832, #837, #2332, .T. ) ;
#3171 = AXIS2_PLACEMENT_3D ( 'NONE', #1363, #558, #299 ) ;
#3172 = CARTESIAN_POINT ( 'NONE',  ( -17.02461193387549798, 21.20464809229783043, -21.17452970053422234 ) ) ;
#3173 = DIRECTION ( 'NONE',  ( 0.000000000000000000, 0.000000000000000000, 1.000000000000000000 ) ) ;
#3174 = APPLICATION_PROTOCOL_DEFINITION ( 'draft international standard', 'automotive_design', 1998, #1565 ) ;
#3175 = ORIENTED_EDGE ( 'NONE', *, *, #1303, .T. ) ;
#3176 = AXIS2_PLACEMENT_3D ( 'NONE', #1383, #1352, #3524 ) ;
#3177 = EDGE_LOOP ( 'NONE', ( #664, #1611, #2870, #1044 ) ) ;
#3178 = CARTESIAN_POINT ( 'NONE',  ( -9.291960108450199485, -15.56376789673679539, -19.09999999999999787 ) ) ;
#3179 = VECTOR ( 'NONE', #1498, 1000.000000000000000 ) ;
#3180 = FACE_OUTER_BOUND ( 'NONE', #50, .T. ) ;
#3181 = CARTESIAN_POINT ( 'NONE',  ( 16.00000000000000000, 10.50000000000000178, -7.849999999999999645 ) ) ;
#3182 = ORIENTED_EDGE ( 'NONE', *, *, #2486, .F. ) ;
#3183 = CARTESIAN_POINT ( 'NONE',  ( 18.39999999999999858, 22.00000000000000000, -2.763542160863484723E-15 ) ) ;
#3184 = VECTOR ( 'NONE', #962, 1000.000000000000000 ) ;
#3185 = DIRECTION ( 'NONE',  ( 0.000000000000000000, 0.000000000000000000, -1.000000000000000000 ) ) ;
#3186 = VECTOR ( 'NONE', #2350, 1000.000000000000000 ) ;
#3187 = ORIENTED_EDGE ( 'NONE', *, *, #2005, .T. ) ;
#3188 = DIRECTION ( 'NONE',  ( -0.000000000000000000, 1.000000000000000000, -0.000000000000000000 ) ) ;
#3189 = DIRECTION ( 'NONE',  ( -0.000000000000000000, 1.000000000000000000, -0.000000000000000000 ) ) ;
#3190 = ORIENTED_EDGE ( 'NONE', *, *, #2548, .F. ) ;
#3191 = CARTESIAN_POINT ( 'NONE',  ( -17.99999999999999645, 21.59999999999999787, 19.10000000000000497 ) ) ;
#3192 = EDGE_CURVE ( 'NONE', #313, #3209, #2369, .T. ) ;
#3193 = CARTESIAN_POINT ( 'NONE',  ( -15.20803989154980407, 3.599999999999999201, -4.599999999999992539 ) ) ;
#3194 = DIRECTION ( 'NONE',  ( 0.000000000000000000, 0.000000000000000000, -1.000000000000000000 ) ) ;
#3195 = ORIENTED_EDGE ( 'NONE', *, *, #1675, .F. ) ;
#3196 = CARTESIAN_POINT ( 'NONE',  ( -6.500000000000005329, 3.600000000000000089, -21.09999999999999432 ) ) ;
#3197 = CARTESIAN_POINT ( 'NONE',  ( 16.00000000000000000, 19.78918494657904859, -21.09999999999999432 ) ) ;
#3198 = LINE ( 'NONE', #1276, #740 ) ;
#3199 = DIRECTION ( 'NONE',  ( 1.000000000000000000, 0.000000000000000000, 0.000000000000000000 ) ) ;
#3200 = ORIENTED_EDGE ( 'NONE', *, *, #1016, .F. ) ;
#3201 = CARTESIAN_POINT ( 'NONE',  ( 18.00000000000000355, 22.00000000000000000, 23.10000000000000853 ) ) ;
#3202 = CYLINDRICAL_SURFACE ( 'NONE', #3227, 0.4000000000000010214 ) ;
#3203 = AXIS2_PLACEMENT_3D ( 'NONE', #1723, #2595, #176 ) ;
#3204 = EDGE_LOOP ( 'NONE', ( #919, #3016, #3128, #3328, #761 ) ) ;
#3205 = CARTESIAN_POINT ( 'NONE',  ( -9.291960108450199485, 3.599999999999999201, -4.599999999999992539 ) ) ;
#3206 = DIRECTION ( 'NONE',  ( 0.000000000000000000, -1.000000000000000000, 0.000000000000000000 ) ) ;
#3207 = EDGE_CURVE ( 'NONE', #2018, #3021, #1538, .T. ) ;
#3208 = CIRCLE ( 'NONE', #701, 2.000000000000001776 ) ;
#3209 = VERTEX_POINT ( 'NONE', #234 ) ;
#3210 = DIRECTION ( 'NONE',  ( -0.000000000000000000, 1.000000000000000000, -0.000000000000000000 ) ) ;
#3211 = DIRECTION ( 'NONE',  ( 0.000000000000000000, 0.000000000000000000, 1.000000000000000000 ) ) ;
#3212 = DIRECTION ( 'NONE',  ( -0.000000000000000000, -0.000000000000000000, 1.000000000000000000 ) ) ;
#3213 = ORIENTED_EDGE ( 'NONE', *, *, #2401, .T. ) ;
#3214 = VERTEX_POINT ( 'NONE', #1847 ) ;
#3215 = LINE ( 'NONE', #96, #1486 ) ;
#3216 = CARTESIAN_POINT ( 'NONE',  ( 17.99999999999999645, 2.000000000000001776, -19.09999999999999076 ) ) ;
#3217 = DIRECTION ( 'NONE',  ( 0.000000000000000000, 1.000000000000000000, 0.000000000000000000 ) ) ;
#3218 = ORIENTED_EDGE ( 'NONE', *, *, #608, .F. ) ;
#3219 = DIRECTION ( 'NONE',  ( 8.673617379884013384E-15, -1.000000000000000000, 0.000000000000000000 ) ) ;
#3220 =( BOUNDED_CURVE ( )  B_SPLINE_CURVE ( 3, ( #2143, #1277, #1027, #984 ),
 .UNSPECIFIED., .F., .F. ) 
 B_SPLINE_CURVE_WITH_KNOTS ( ( 4, 4 ),
 ( -5.999999998736320274E-08, 0.003658013549184810798 ),
 .UNSPECIFIED. ) 
 CURVE ( )  GEOMETRIC_REPRESENTATION_ITEM ( )  RATIONAL_B_SPLINE_CURVE ( ( 1.000000000000000000, 0.8047378541243649375, 0.8047378541243649375, 1.000000000000000000 ) ) 
 REPRESENTATION_ITEM ( '' )  );
#3221 = CARTESIAN_POINT ( 'NONE',  ( 16.00000000000000355, 19.64999999999999858, 19.10000000000000497 ) ) ;
#3222 = ORIENTED_EDGE ( 'NONE', *, *, #3319, .F. ) ;
#3223 = CARTESIAN_POINT ( 'NONE',  ( 16.00000000000000000, 21.59999999999999787, 21.10000000000000853 ) ) ;
#3224 = CARTESIAN_POINT ( 'NONE',  ( 17.59024845256884007, 21.59410370944297952, 20.31984028399322995 ) ) ;
#3225 = ORIENTED_EDGE ( 'NONE', *, *, #2560, .T. ) ;
#3226 = CARTESIAN_POINT ( 'NONE',  ( -16.00000000000000000, 21.20464809186997712, -21.40876227786208119 ) ) ;
#3227 = AXIS2_PLACEMENT_3D ( 'NONE', #723, #1568, #2090 ) ;
#3228 = CARTESIAN_POINT ( 'NONE',  ( -20.00000000000000355, 22.00000000000000000, -23.09999999999999432 ) ) ;
#3229 = CARTESIAN_POINT ( 'NONE',  ( -1.400000000000003464, 4.100000000000000533, 20.60000000000001208 ) ) ;
#3230 = CIRCLE ( 'NONE', #500, 2.700000000000001066 ) ;
#3231 = ORIENTED_EDGE ( 'NONE', *, *, #496, .T. ) ;
#3232 = PLANE ( 'NONE',  #2533 ) ;
#3233 = DIRECTION ( 'NONE',  ( -0.000000000000000000, -1.000000000000000000, -0.000000000000000000 ) ) ;
#3234 = FACE_OUTER_BOUND ( 'NONE', #1717, .T. ) ;
#3235 = CARTESIAN_POINT ( 'NONE',  ( -15.99999999999999645, 21.20464809186998778, 21.40876227786208830 ) ) ;
#3236 = FACE_OUTER_BOUND ( 'NONE', #2323, .T. ) ;
#3237 = ORIENTED_EDGE ( 'NONE', *, *, #2486, .T. ) ;
#3238 = PLANE ( 'NONE',  #3055 ) ;
#3239 = EDGE_CURVE ( 'NONE', #1572, #846, #3159, .T. ) ;
#3240 = CARTESIAN_POINT ( 'NONE',  ( -18.00000000000000355, 19.78918494657904859, 19.10000000000000142 ) ) ;
#3241 = AXIS2_PLACEMENT_3D ( 'NONE', #222, #1265, #2840 ) ;
#3242 = CARTESIAN_POINT ( 'NONE',  ( 16.00000000000000355, 21.20464809186998423, 21.40876227786208474 ) ) ;
#3243 = EDGE_CURVE ( 'NONE', #2498, #2832, #1155, .T. ) ;
#3244 = CIRCLE ( 'NONE', #173, 0.5000000000000004441 ) ;
#3245 =( BOUNDED_SURFACE ( )  B_SPLINE_SURFACE ( 3, 2, ( 
 ( #1076, #1896, #2421 ),
 ( #1329, #1398, #789 ),
 ( #1110, #822, #1913 ),
 ( #2686, #3279, #3301 ),
 ( #545, #2719, #262 ),
 ( #1365, #510, #1346 ),
 ( #318, #1629, #1056 ),
 ( #2735, #807, #2671 ),
 ( #2467, #1094, #2699 ),
 ( #3498, #2186, #1949 ),
 ( #1664, #2977, #1595 ),
 ( #2993, #2174, #580 ),
 ( #835, #3519, #2402 ),
 ( #2160, #280, #2440 ) ),
 .UNSPECIFIED., .F., .F., .T. ) 
 B_SPLINE_SURFACE_WITH_KNOTS ( ( 4, 2, 2, 2, 2, 2, 4 ),
 ( 3, 3 ),
 ( 0.001415333446682457471, 0.002353906421088546204, 0.002823192908291590787, 0.003292479395494635371, 0.003761765882697679954, 0.004231052369900724537, 0.005169625344306813704 ),
 ( 0.000000000000000000, 1.000000000000000000 ),
 .UNSPECIFIED. ) 
 GEOMETRIC_REPRESENTATION_ITEM ( )  RATIONAL_B_SPLINE_SURFACE ( (
 ( 1.000000000000000000, 0.7836116083063030535, 1.000000000000000000),
 ( 1.000000000000000000, 0.7836116083063030535, 1.000000000000000000),
 ( 1.000000000000000000, 0.7836116083063042748, 1.000000000000000000),
 ( 1.000000000000000000, 0.7836116083063042748, 1.000000000000000000),
 ( 1.000000000000000000, 0.7836116083060634674, 1.000000000000000000),
 ( 1.000000000000000000, 0.7836116083060634674, 1.000000000000000000),
 ( 1.000000000000000000, 0.7836116083063131565, 1.000000000000000000),
 ( 1.000000000000000000, 0.7836116083063131565, 1.000000000000000000),
 ( 1.000000000000000000, 0.7836116083063088267, 1.000000000000000000),
 ( 1.000000000000000000, 0.7836116083063088267, 1.000000000000000000),
 ( 1.000000000000000000, 0.7836116083062969473, 1.000000000000000000),
 ( 1.000000000000000000, 0.7836116083062969473, 1.000000000000000000),
 ( 1.000000000000000000, 0.7836116083063003890, 1.000000000000000000),
 ( 1.000000000000000000, 0.7836116083063003890, 1.000000000000000000) ) ) 
 REPRESENTATION_ITEM ( '' )  SURFACE ( )  );
#3246 = AXIS2_PLACEMENT_3D ( 'NONE', #1193, #742, #1336 ) ;
#3247 = EDGE_CURVE ( 'NONE', #1968, #478, #1813, .T. ) ;
#3248 = DIRECTION ( 'NONE',  ( -1.000000000000000000, -0.000000000000000000, -0.000000000000000000 ) ) ;
#3249 = EDGE_LOOP ( 'NONE', ( #324, #336, #606, #729 ) ) ;
#3250 = CARTESIAN_POINT ( 'NONE',  ( -16.52328586973899505, 21.59410370944292978, 21.04819721875413308 ) ) ;
#3251 = LINE ( 'NONE', #1646, #677 ) ;
#3252 = EDGE_CURVE ( 'NONE', #1173, #513, #3244, .T. ) ;
#3253 = EDGE_LOOP ( 'NONE', ( #625, #2073, #963, #2459, #947, #196, #1226, #1986 ) ) ;
#3254 = FACE_BOUND ( 'NONE', #99, .T. ) ;
#3255 = DIRECTION ( 'NONE',  ( 0.000000000000000000, 0.000000000000000000, 1.000000000000000000 ) ) ;
#3256 = CARTESIAN_POINT ( 'NONE',  ( -18.00000000000000355, 19.64999999999999858, 19.10000000000000142 ) ) ;
#3257 = CARTESIAN_POINT ( 'NONE',  ( -15.99999999999999645, 19.64999999999999858, 19.10000000000000853 ) ) ;
#3258 = ORIENTED_EDGE ( 'NONE', *, *, #1789, .T. ) ;
#3259 = DIRECTION ( 'NONE',  ( 0.000000000000000000, 1.000000000000000000, 8.673617379884013384E-15 ) ) ;
#3260 = DIRECTION ( 'NONE',  ( -1.000000000000000000, 0.000000000000000000, 0.000000000000000000 ) ) ;
#3261 = CARTESIAN_POINT ( 'NONE',  ( -15.99999999999999289, 21.59999999999999787, 21.50000000000000711 ) ) ;
#3262 = EDGE_CURVE ( 'NONE', #85, #2167, #573, .T. ) ;
#3263 = DIRECTION ( 'NONE',  ( -1.000000000000000000, 0.000000000000000000, 0.000000000000000000 ) ) ;
#3264 = ORIENTED_EDGE ( 'NONE', *, *, #6, .T. ) ;
#3265 = CARTESIAN_POINT ( 'NONE',  ( 16.00000000000000000, 22.00000000000000000, 19.10000000000000497 ) ) ;
#3266 = DIRECTION ( 'NONE',  ( -0.000000000000000000, -0.000000000000000000, 1.000000000000000000 ) ) ;
#3267 = ORIENTED_EDGE ( 'NONE', *, *, #2708, .T. ) ;
#3268 = DIRECTION ( 'NONE',  ( 1.000000000000000000, -0.000000000000000000, -3.016910393003142859E-16 ) ) ;
#3269 = CARTESIAN_POINT ( 'NONE',  ( -15.99999999999999645, 19.64999999999999858, 21.10000000000001563 ) ) ;
#3270 = CARTESIAN_POINT ( 'NONE',  ( 17.99999999999999289, 21.59410370944288005, -19.09999999999999076 ) ) ;
#3271 = ORIENTED_EDGE ( 'NONE', *, *, #2341, .F. ) ;
#3272 = DIRECTION ( 'NONE',  ( 0.000000000000000000, 0.000000000000000000, 1.000000000000000000 ) ) ;
#3273 = EDGE_CURVE ( 'NONE', #2053, #70, #3434, .T. ) ;
#3274 = CARTESIAN_POINT ( 'NONE',  ( 18.30876227786208332, 21.20464809186998068, 19.10000000000000497 ) ) ;
#3275 = EDGE_CURVE ( 'NONE', #798, #1572, #2890, .T. ) ;
#3276 = LINE ( 'NONE', #831, #169 ) ;
#3277 = ORIENTED_EDGE ( 'NONE', *, *, #2995, .T. ) ;
#3278 = CARTESIAN_POINT ( 'NONE',  ( 17.99999999999999645, 22.00000000000000000, -15.75000000000000000 ) ) ;
#3279 = CARTESIAN_POINT ( 'NONE',  ( -16.88764779070822897, 21.27698179471888906, 20.89705990424763016 ) ) ;
#3280 = AXIS2_PLACEMENT_3D ( 'NONE', #2952, #777, #3219 ) ;
#3281 = ORIENTED_EDGE ( 'NONE', *, *, #2129, .F. ) ;
#3282 = ADVANCED_FACE ( 'NONE', ( #3476 ), #1043, .F. ) ;
#3283 = FACE_OUTER_BOUND ( 'NONE', #526, .T. ) ;
#3284 = EDGE_CURVE ( 'NONE', #837, #743, #3220, .T. ) ;
#3285 = EDGE_CURVE ( 'NONE', #3501, #378, #2834, .T. ) ;
#3286 = DIRECTION ( 'NONE',  ( 1.501925087425806872E-16, 0.000000000000000000, 1.000000000000000000 ) ) ;
#3287 = AXIS2_PLACEMENT_3D ( 'NONE', #856, #1951, #283 ) ;
#3288 = CARTESIAN_POINT ( 'NONE',  ( 13.99999999999999467, 4.900000000000002132, -14.35000000000000320 ) ) ;
#3289 = ADVANCED_FACE ( 'NONE', ( #1005 ), #1061, .F. ) ;
#3290 = DIRECTION ( 'NONE',  ( 0.000000000000000000, -1.000000000000000000, 0.000000000000000000 ) ) ;
#3291 = VERTEX_POINT ( 'NONE', #2654 ) ;
#3292 = VERTEX_POINT ( 'NONE', #2126 ) ;
#3293 = CARTESIAN_POINT ( 'NONE',  ( -6.000000000000005329, 9.099999999999999645, -20.59999999999999432 ) ) ;
#3294 = AXIS2_PLACEMENT_3D ( 'NONE', #2497, #270, #3329 ) ;
#3295 = DIRECTION ( 'NONE',  ( -1.734723475976802677E-14, 0.000000000000000000, 1.000000000000000000 ) ) ;
#3296 = CIRCLE ( 'NONE', #895, 0.5000000000000004441 ) ;
#3297 = AXIS2_PLACEMENT_3D ( 'NONE', #2025, #1223, #165 ) ;
#3298 = CARTESIAN_POINT ( 'NONE',  ( 16.00000000000000355, 21.20464809186999133, 21.40876227786209185 ) ) ;
#3299 = VERTEX_POINT ( 'NONE', #2909 ) ;
#3300 = CARTESIAN_POINT ( 'NONE',  ( -16.26427947397065665, 21.59410370944287294, -21.09999999999999076 ) ) ;
#3301 = CARTESIAN_POINT ( 'NONE',  ( -16.88764779133229865, 21.59410370944287649, 20.89705990575346561 ) ) ;
#3302 = ORIENTED_EDGE ( 'NONE', *, *, #1388, .T. ) ;
#3303 = LINE ( 'NONE', #3034, #1358 ) ;
#3304 = EDGE_CURVE ( 'NONE', #2212, #1809, #477, .T. ) ;
#3305 = CARTESIAN_POINT ( 'NONE',  ( 19.99999999999999645, 2.000000000000000000, -23.09999999999999432 ) ) ;
#3306 = DIRECTION ( 'NONE',  ( 0.000000000000000000, 0.000000000000000000, -1.000000000000000000 ) ) ;
#3307 = EDGE_CURVE ( 'NONE', #2348, #2018, #2676, .T. ) ;
#3308 = CARTESIAN_POINT ( 'NONE',  ( -19.99999999999999645, 2.000000000000000000, 21.10000000000000853 ) ) ;
#3309 = FACE_OUTER_BOUND ( 'NONE', #824, .T. ) ;
#3310 = ORIENTED_EDGE ( 'NONE', *, *, #2405, .T. ) ;
#3311 = VERTEX_POINT ( 'NONE', #304 ) ;
#3312 = ADVANCED_FACE ( 'NONE', ( #3051 ), #1055, .T. ) ;
#3313 = FACE_OUTER_BOUND ( 'NONE', #1181, .T. ) ;
#3314 = CARTESIAN_POINT ( 'NONE',  ( -20.00000000000000355, 2.000000000000000000, -19.09999999999999432 ) ) ;
#3315 = CARTESIAN_POINT ( 'NONE',  ( 16.60322968182241965, 21.20464809101386194, 21.34921688778393190 ) ) ;
#3316 = EDGE_LOOP ( 'NONE', ( #1034, #229, #1238, #1453 ) ) ;
#3317 = CARTESIAN_POINT ( 'NONE',  ( -19.99999999999999645, 4.099999999999999645, 21.10000000000000853 ) ) ;
#3318 = EDGE_CURVE ( 'NONE', #2023, #3501, #68, .T. ) ;
#3319 = EDGE_CURVE ( 'NONE', #1528, #1432, #2438, .T. ) ;
#3320 = FACE_OUTER_BOUND ( 'NONE', #1499, .T. ) ;
#3321 = ORIENTED_EDGE ( 'NONE', *, *, #3382, .T. ) ;
#3322 = CARTESIAN_POINT ( 'NONE',  ( 16.00000000000000000, 21.16400731508066002, -22.11544195096115928 ) ) ;
#3323 = DIRECTION ( 'NONE',  ( -1.000000000000000000, 0.000000000000000000, 1.501925087425806872E-16 ) ) ;
#3324 = CARTESIAN_POINT ( 'NONE',  ( -17.43348757045250963, 20.55698864586779706, 21.54711635226612643 ) ) ;
#3325 = CARTESIAN_POINT ( 'NONE',  ( 16.60338976717947546, 21.20464809103400938, -21.34916615626584502 ) ) ;
#3326 = DIRECTION ( 'NONE',  ( 1.000000000000000000, 0.000000000000000000, -0.000000000000000000 ) ) ;
#3327 = ORIENTED_EDGE ( 'NONE', *, *, #359, .F. ) ;
#3328 = ORIENTED_EDGE ( 'NONE', *, *, #2240, .F. ) ;
#3329 = DIRECTION ( 'NONE',  ( 0.000000000000000000, 0.000000000000000000, 1.000000000000000000 ) ) ;
#3330 = EDGE_LOOP ( 'NONE', ( #370, #440, #2556, #121 ) ) ;
#3331 = ORIENTED_EDGE ( 'NONE', *, *, #3192, .F. ) ;
#3332 = CARTESIAN_POINT ( 'NONE',  ( -17.22722607272554285, 21.59410370944288715, -20.70117391831406195 ) ) ;
#3333 = LINE ( 'NONE', #3352, #2597 ) ;
#3334 = VERTEX_POINT ( 'NONE', #1137 ) ;
#3335 = CARTESIAN_POINT ( 'NONE',  ( 16.00000000000000000, 8.200000000000002842, -6.449999999999998401 ) ) ;
#3336 = DIRECTION ( 'NONE',  ( 0.000000000000000000, -1.000000000000000000, 0.000000000000000000 ) ) ;
#3337 = ADVANCED_FACE ( 'NONE', ( #1938 ), #873, .F. ) ;
#3338 = CARTESIAN_POINT ( 'NONE',  ( -17.15852189274906436, 21.20464809190385225, -21.10267931346329817 ) ) ;
#3339 = LINE ( 'NONE', #3408, #347 ) ;
#3340 = CARTESIAN_POINT ( 'NONE',  ( -15.20803989154980407, 3.600000000000000089, -5.099999999999993427 ) ) ;
#3341 = VERTEX_POINT ( 'NONE', #2705 ) ;
#3342 = ORIENTED_EDGE ( 'NONE', *, *, #2876, .T. ) ;
#3343 = AXIS2_PLACEMENT_3D ( 'NONE', #482, #1797, #1222 ) ;
#3344 = DIRECTION ( 'NONE',  ( 0.000000000000000000, 1.000000000000000000, 0.000000000000000000 ) ) ;
#3345 = VECTOR ( 'NONE', #3080, 1000.000000000000000 ) ;
#3346 = AXIS2_PLACEMENT_3D ( 'NONE', #326, #572, #2710 ) ;
#3347 = AXIS2_PLACEMENT_3D ( 'NONE', #1918, #1422, #549 ) ;
#3348 = ORIENTED_EDGE ( 'NONE', *, *, #2596, .T. ) ;
#3349 = CARTESIAN_POINT ( 'NONE',  ( -18.92109196514350700, 21.06119768739732834, 19.10000000000000142 ) ) ;
#3350 = EDGE_CURVE ( 'NONE', #2053, #94, #566, .T. ) ;
#3351 = AXIS2_PLACEMENT_3D ( 'NONE', #2807, #2484, #918 ) ;
#3352 = CARTESIAN_POINT ( 'NONE',  ( -6.500000000000002665, 9.099999999999999645, -21.09999999999999432 ) ) ;
#3353 = ORIENTED_EDGE ( 'NONE', *, *, #3426, .T. ) ;
#3354 = VECTOR ( 'NONE', #84, 1000.000000000000000 ) ;
#3355 = FACE_OUTER_BOUND ( 'NONE', #1487, .T. ) ;
#3356 = EDGE_CURVE ( 'NONE', #478, #1163, #843, .T. ) ;
#3357 = CARTESIAN_POINT ( 'NONE',  ( 16.99999999999999289, 6.900000000000001243, -21.09999999999999787 ) ) ;
#3358 = CARTESIAN_POINT ( 'NONE',  ( -7.000000000000002665, 2.000000000000000000, 7.600000000000005862 ) ) ;
#3359 = DIRECTION ( 'NONE',  ( -1.000000000000000000, 0.000000000000000000, 1.501925087425806872E-16 ) ) ;
#3360 = VERTEX_POINT ( 'NONE', #1216 ) ;
#3361 = VERTEX_POINT ( 'NONE', #152 ) ;
#3362 = LINE ( 'NONE', #1736, #3404 ) ;
#3363 = CARTESIAN_POINT ( 'NONE',  ( -16.00000000000003553, 21.16400731508066002, -22.11544195096115573 ) ) ;
#3364 = FACE_OUTER_BOUND ( 'NONE', #2121, .T. ) ;
#3365 = ORIENTED_EDGE ( 'NONE', *, *, #3192, .T. ) ;
#3366 = EDGE_CURVE ( 'NONE', #2418, #864, #2555, .T. ) ;
#3367 = LINE ( 'NONE', #1166, #622 ) ;
#3368 = VERTEX_POINT ( 'NONE', #2237 ) ;
#3369 = CARTESIAN_POINT ( 'NONE',  ( 16.00000000000000000, 21.59999999999999787, 19.10000000000000497 ) ) ;
#3370 = DIRECTION ( 'NONE',  ( -0.000000000000000000, 1.000000000000000000, -0.000000000000000000 ) ) ;
#3371 = PLANE ( 'NONE',  #627 ) ;
#3372 = CARTESIAN_POINT ( 'NONE',  ( 17.99999999999999645, 4.900000000000001243, -20.09999999999999432 ) ) ;
#3373 = VERTEX_POINT ( 'NONE', #2257 ) ;
#3374 = VERTEX_POINT ( 'NONE', #2795 ) ;
#3375 = CARTESIAN_POINT ( 'NONE',  ( -6.500000000000002665, 9.099999999999999645, 2.900000000000020783 ) ) ;
#3376 = CARTESIAN_POINT ( 'NONE',  ( -16.00000000000000000, 9.099999999999999645, -19.09999999999999076 ) ) ;
#3377 = AXIS2_PLACEMENT_3D ( 'NONE', #2327, #2103, #956 ) ;
#3378 = DIRECTION ( 'NONE',  ( 0.000000000000000000, 0.000000000000000000, 1.000000000000000000 ) ) ;
#3379 = ORIENTED_EDGE ( 'NONE', *, *, #2048, .F. ) ;
#3380 = DIRECTION ( 'NONE',  ( -0.000000000000000000, -0.000000000000000000, 1.000000000000000000 ) ) ;
#3381 = LINE ( 'NONE', #1150, #670 ) ;
#3382 = EDGE_CURVE ( 'NONE', #378, #3311, #2811, .T. ) ;
#3383 = ORIENTED_EDGE ( 'NONE', *, *, #2941, .T. ) ;
#3384 = CARTESIAN_POINT ( 'NONE',  ( 19.99999999999999645, 22.00000000000000000, -21.09999999999999432 ) ) ;
#3385 = CARTESIAN_POINT ( 'NONE',  ( -15.99999999999999645, 21.16400731508066002, 22.11544195096117704 ) ) ;
#3386 = ADVANCED_FACE ( 'NONE', ( #3082 ), #1186, .F. ) ;
#3387 = DIRECTION ( 'NONE',  ( -1.000000000000000000, 0.000000000000000000, 1.131341397376178572E-16 ) ) ;
#3388 = CARTESIAN_POINT ( 'NONE',  ( -16.00000000000000000, 20.55698864586779706, -21.54711635226610156 ) ) ;
#3389 = EDGE_CURVE ( 'NONE', #1460, #109, #3339, .T. ) ;
#3390 = EDGE_LOOP ( 'NONE', ( #2833, #2436, #2133, #884 ) ) ;
#3391 = ORIENTED_EDGE ( 'NONE', *, *, #879, .T. ) ;
#3392 = EDGE_CURVE ( 'NONE', #3047, #1556, #2161, .T. ) ;
#3393 = CARTESIAN_POINT ( 'NONE',  ( -11.62999999999999723, 2.000000000000000000, 21.10000000000000853 ) ) ;
#3394 = CARTESIAN_POINT ( 'NONE',  ( -16.00000000000000000, 21.20464809186997712, -21.40876227786208119 ) ) ;
#3395 = CIRCLE ( 'NONE', #945, 0.5000000000000004441 ) ;
#3396 = VECTOR ( 'NONE', #2329, 1000.000000000000000 ) ;
#3397 = ORIENTED_EDGE ( 'NONE', *, *, #393, .T. ) ;
#3398 = VECTOR ( 'NONE', #1637, 1000.000000000000000 ) ;
#3399 = LINE ( 'NONE', #2044, #2501 ) ;
#3400 = CARTESIAN_POINT ( 'NONE',  ( 19.99999999999999645, 9.100000000000001421, -15.75000000000000000 ) ) ;
#3401 = AXIS2_PLACEMENT_3D ( 'NONE', #2636, #1582, #214 ) ;
#3402 = ORIENTED_EDGE ( 'NONE', *, *, #602, .T. ) ;
#3403 = CARTESIAN_POINT ( 'NONE',  ( -17.49999999999999645, 8.600000000000006750, 3.400000000000008349 ) ) ;
#3404 = VECTOR ( 'NONE', #386, 1000.000000000000000 ) ;
#3405 = B_SPLINE_CURVE_WITH_KNOTS ( 'NONE', 3,
 ( #2325, #730, #2588, #3425, #1227 ),
 .UNSPECIFIED., .F., .F.,
 ( 4, 1, 4 ),
 ( 0.000000000000000000, 0.3063616363167692702, 0.9162449681765280074 ),
 .UNSPECIFIED. ) ;
#3406 = CARTESIAN_POINT ( 'NONE',  ( -16.30592624102476051, 21.20464809080911550, -21.40876228239046597 ) ) ;
#3407 = CARTESIAN_POINT ( 'NONE',  ( -9.784966757041834384, -15.56376789673679539, -19.01666666666666572 ) ) ;
#3408 = CARTESIAN_POINT ( 'NONE',  ( 19.99999999999999645, 21.59999999999999787, -21.09999999999999432 ) ) ;
#3409 = ADVANCED_FACE ( 'NONE', ( #3097 ), #3371, .T. ) ;
#3410 = ORIENTED_EDGE ( 'NONE', *, *, #1393, .T. ) ;
#3411 = DIRECTION ( 'NONE',  ( -1.501925087425806872E-16, -0.000000000000000000, -1.000000000000000000 ) ) ;
#3412 = VECTOR ( 'NONE', #119, 1000.000000000000000 ) ;
#3413 = EDGE_CURVE ( 'NONE', #716, #1626, #2309, .T. ) ;
#3414 = CARTESIAN_POINT ( 'NONE',  ( -15.20803989154980407, 9.099999999999999645, -5.099999999999993427 ) ) ;
#3415 = CARTESIAN_POINT ( 'NONE',  ( -15.99999999999999645, 21.24999999999999645, 21.10000000000001208 ) ) ;
#3416 = EDGE_LOOP ( 'NONE', ( #2077, #2215, #2137, #356 ) ) ;
#3417 = CARTESIAN_POINT ( 'NONE',  ( 16.00000000000000355, 21.27698179471863327, 21.10000000000001208 ) ) ;
#3418 = ORIENTED_EDGE ( 'NONE', *, *, #1789, .F. ) ;
#3419 = CARTESIAN_POINT ( 'NONE',  ( -16.00000000000000355, 19.64999999999999858, -19.09999999999999432 ) ) ;
#3420 = CARTESIAN_POINT ( 'NONE',  ( 12.09999999999999609, 4.099999999999999645, 21.10000000000000853 ) ) ;
#3421 = ADVANCED_FACE ( 'NONE', ( #1715 ), #1758, .T. ) ;
#3422 = LINE ( 'NONE', #3461, #794 ) ;
#3423 = ADVANCED_FACE ( 'NONE', ( #662 ), #420, .F. ) ;
#3424 = EDGE_LOOP ( 'NONE', ( #1394, #2515, #1718, #1218 ) ) ;
#3425 = CARTESIAN_POINT ( 'NONE',  ( 18.92109196514351410, 21.06119768739732834, -19.09999999999999076 ) ) ;
#3426 = EDGE_CURVE ( 'NONE', #1292, #413, #3067, .T. ) ;
#3427 = CARTESIAN_POINT ( 'NONE',  ( -16.52255677096438191, 21.59410370944342716, -21.04841790856982442 ) ) ;
#3428 = CARTESIAN_POINT ( 'NONE',  ( -19.99999999999999645, 22.00000000000000000, 21.10000000000000853 ) ) ;
#3429 = DIRECTION ( 'NONE',  ( 0.000000000000000000, 0.000000000000000000, 1.000000000000000000 ) ) ;
#3430 = ORIENTED_EDGE ( 'NONE', *, *, #410, .F. ) ;
#3431 = LINE ( 'NONE', #3196, #334 ) ;
#3432 = FACE_BOUND ( 'NONE', #3011, .T. ) ;
#3433 = CYLINDRICAL_SURFACE ( 'NONE', #2720, 4.000000000000000000 ) ;
#3434 = LINE ( 'NONE', #534, #1021 ) ;
#3435 = ORIENTED_EDGE ( 'NONE', *, *, #2269, .F. ) ;
#3436 = SURFACE_STYLE_USAGE ( .BOTH. , #762 ) ;
#3437 = DIRECTION ( 'NONE',  ( -0.000000000000000000, 1.000000000000000000, -0.000000000000000000 ) ) ;
#3438 = VECTOR ( 'NONE', #3188, 1000.000000000000000 ) ;
#3439 = VECTOR ( 'NONE', #3336, 1000.000000000000000 ) ;
#3440 = ORIENTED_EDGE ( 'NONE', *, *, #1122, .F. ) ;
#3441 = EDGE_CURVE ( 'NONE', #2991, #2780, #2442, .T. ) ;
#3442 = LINE ( 'NONE', #164, #2243 ) ;
#3443 = DIRECTION ( 'NONE',  ( -0.000000000000000000, 1.000000000000000000, -0.000000000000000000 ) ) ;
#3444 = ORIENTED_EDGE ( 'NONE', *, *, #3382, .F. ) ;
#3445 = CARTESIAN_POINT ( 'NONE',  ( -6.000000000000005329, 9.099999999999999645, -21.09999999999999432 ) ) ;
#3446 = DIRECTION ( 'NONE',  ( -1.000000000000000000, 0.000000000000000000, 9.082321863752807204E-17 ) ) ;
#3447 = CARTESIAN_POINT ( 'NONE',  ( -17.49999999999999645, 9.099999999999999645, 3.900000000000008349 ) ) ;
#3448 = APPLICATION_PROTOCOL_DEFINITION ( 'draft international standard', 'automotive_design', 1998, #2101 ) ;
#3449 = ORIENTED_EDGE ( 'NONE', *, *, #1184, .F. ) ;
#3450 = ORIENTED_EDGE ( 'NONE', *, *, #2221, .T. ) ;
#3451 = EDGE_CURVE ( 'NONE', #2667, #910, #4, .T. ) ;
#3452 =( BOUNDED_CURVE ( )  B_SPLINE_CURVE ( 3, ( #1430, #61, #2532, #1995 ),
 .UNSPECIFIED., .F., .F. ) 
 B_SPLINE_CURVE_WITH_KNOTS ( ( 4, 4 ),
 ( 1.621589336239187586E-15, 1.570796326794868802 ),
 .UNSPECIFIED. ) 
 CURVE ( )  GEOMETRIC_REPRESENTATION_ITEM ( )  RATIONAL_B_SPLINE_CURVE ( ( 1.000000000000000000, 0.8047378541243719319, 0.8047378541243719319, 1.000000000000000000 ) ) 
 REPRESENTATION_ITEM ( '' )  );
#3453 = FACE_OUTER_BOUND ( 'NONE', #2687, .T. ) ;
#3454 = ORIENTED_EDGE ( 'NONE', *, *, #613, .T. ) ;
#3455 = DIRECTION ( 'NONE',  ( 0.000000000000000000, 0.000000000000000000, -1.000000000000000000 ) ) ;
#3456 = DIRECTION ( 'NONE',  ( 1.000000000000000000, 0.000000000000000000, -1.508455196501571429E-16 ) ) ;
#3457 = ORIENTED_EDGE ( 'NONE', *, *, #2945, .T. ) ;
#3458 = EDGE_CURVE ( 'NONE', #1653, #2451, #3116, .T. ) ;
#3459 = DIRECTION ( 'NONE',  ( -0.000000000000000000, 1.000000000000000000, 0.000000000000000000 ) ) ;
#3460 = CIRCLE ( 'NONE', #3463, 0.4000000000000010214 ) ;
#3461 = CARTESIAN_POINT ( 'NONE',  ( -19.99999999999999645, 6.200000000000001066, 21.10000000000000853 ) ) ;
#3462 = ORIENTED_EDGE ( 'NONE', *, *, #3512, .T. ) ;
#3463 = AXIS2_PLACEMENT_3D ( 'NONE', #1482, #2253, #612 ) ;
#3464 = ADVANCED_FACE ( 'NONE', ( #2000 ), #685, .T. ) ;
#3465 = LINE ( 'NONE', #204, #1529 ) ;
#3466 = AXIS2_PLACEMENT_3D ( 'NONE', #35, #2194, #2693 ) ;
#3467 = CARTESIAN_POINT ( 'NONE',  ( -19.99999999999999645, 2.000000000000000000, 21.10000000000000853 ) ) ;
#3468 = DIRECTION ( 'NONE',  ( 0.000000000000000000, 0.000000000000000000, 1.000000000000000000 ) ) ;
#3469 = VERTEX_POINT ( 'NONE', #2347 ) ;
#3470 = CIRCLE ( 'NONE', #2091, 0.5000000000000004441 ) ;
#3471 = ORIENTED_EDGE ( 'NONE', *, *, #3142, .F. ) ;
#3472 = CARTESIAN_POINT ( 'NONE',  ( 16.00000000000000000, 20.55698864586779706, -21.54711635226610156 ) ) ;
#3473 = VECTOR ( 'NONE', #3212, 1000.000000000000000 ) ;
#3474 = CIRCLE ( 'NONE', #2434, 2.700000000000001066 ) ;
#3475 = LINE ( 'NONE', #773, #2711 ) ;
#3476 = FACE_OUTER_BOUND ( 'NONE', #3390, .T. ) ;
#3477 = VERTEX_POINT ( 'NONE', #998 ) ;
#3478 = CYLINDRICAL_SURFACE ( 'NONE', #2762, 0.5000000000000000000 ) ;
#3479 = ORIENTED_EDGE ( 'NONE', *, *, #2908, .F. ) ;
#3480 = FACE_OUTER_BOUND ( 'NONE', #1801, .T. ) ;
#3481 = LINE ( 'NONE', #2380, #2542 ) ;
#3482 = AXIS2_PLACEMENT_3D ( 'NONE', #3178, #490, #3255 ) ;
#3483 = CARTESIAN_POINT ( 'NONE',  ( 17.94837396471291413, 21.27698179472135109, 19.62269544858740744 ) ) ;
#3484 = ORIENTED_EDGE ( 'NONE', *, *, #1122, .T. ) ;
#3485 = DIRECTION ( 'NONE',  ( 0.000000000000000000, 0.000000000000000000, -1.000000000000000000 ) ) ;
#3486 = DIRECTION ( 'NONE',  ( -0.000000000000000000, 1.000000000000000000, -0.000000000000000000 ) ) ;
#3487 = ORIENTED_EDGE ( 'NONE', *, *, #1972, .T. ) ;
#3488 = VERTEX_POINT ( 'NONE', #3500 ) ;
#3489 = CARTESIAN_POINT ( 'NONE',  ( -18.00000000000000355, 3.099999999999999645, 8.100000000000006750 ) ) ;
#3490 = DIRECTION ( 'NONE',  ( 0.000000000000000000, -1.000000000000000000, 0.000000000000000000 ) ) ;
#3491 = DIRECTION ( 'NONE',  ( 0.000000000000000000, -0.000000000000000000, 1.000000000000000000 ) ) ;
#3492 = ORIENTED_EDGE ( 'NONE', *, *, #2751, .T. ) ;
#3493 = CARTESIAN_POINT ( 'NONE',  ( -18.00000000000000711, 21.24999999999999645, -19.09999999999999432 ) ) ;
#3494 = EDGE_LOOP ( 'NONE', ( #3138, #1506, #1440, #1085, #3070, #1424, #3231, #3365 ) ) ;
#3495 = CARTESIAN_POINT ( 'NONE',  ( -6.000000000000005329, 22.00000000000000000, -21.09999999999999432 ) ) ;
#3496 = ORIENTED_EDGE ( 'NONE', *, *, #146, .T. ) ;
#3497 = DIRECTION ( 'NONE',  ( -0.000000000000000000, 1.000000000000000000, 0.000000000000000000 ) ) ;
#3498 = CARTESIAN_POINT ( 'NONE',  ( -18.00267931346352057, 21.20464809190382383, 20.25852189274903736 ) ) ;
#3499 = EDGE_CURVE ( 'NONE', #2023, #1273, #1808, .T. ) ;
#3500 = CARTESIAN_POINT ( 'NONE',  ( 15.99999999999999289, 6.900000000000001243, -21.09999999999999787 ) ) ;
#3501 = VERTEX_POINT ( 'NONE', #1330 ) ;
#3502 = CARTESIAN_POINT ( 'NONE',  ( 16.00000000000000355, 20.49268122259968905, 21.50966810795327788 ) ) ;
#3503 = ADVANCED_FACE ( 'NONE', ( #2672 ), #3007, .T. ) ;
#3504 = CARTESIAN_POINT ( 'NONE',  ( -18.30876227786208332, 21.20464809186998778, -19.09999999999999432 ) ) ;
#3505 = DIRECTION ( 'NONE',  ( 0.000000000000000000, -1.000000000000000000, 0.000000000000000000 ) ) ;
#3506 = CARTESIAN_POINT ( 'NONE',  ( -18.00000000000000355, 22.00000000000000000, -18.09999999999999432 ) ) ;
#3507 = EDGE_LOOP ( 'NONE', ( #2772, #2429, #1446, #1221 ) ) ;
#3508 = ADVANCED_FACE ( 'NONE', ( #1842 ), #1788, .F. ) ;
#3509 = DIRECTION ( 'NONE',  ( 0.000000000000000000, 1.000000000000000000, 0.000000000000000000 ) ) ;
#3510 = CARTESIAN_POINT ( 'NONE',  ( -16.00000000000000000, 21.20464809186997712, -21.40876227786208119 ) ) ;
#3511 = PRODUCT_DEFINITION_CONTEXT ( 'detailed design', #2101, 'design' ) ;
#3512 = EDGE_CURVE ( 'NONE', #109, #2929, #2305, .T. ) ;
#3513 = DIRECTION ( 'NONE',  ( 0.000000000000000000, 0.000000000000000000, 1.000000000000000000 ) ) ;
#3514 = ORIENTED_EDGE ( 'NONE', *, *, #465, .T. ) ;
#3515 = CARTESIAN_POINT ( 'NONE',  ( 15.99999999999999289, 21.59410370944288360, -21.09999999999999432 ) ) ;
#3516 = STYLED_ITEM ( 'NONE', ( #986 ), #1047 ) ;
#3517 = CIRCLE ( 'NONE', #2428, 0.4000000000000010214 ) ;
#3518 = CARTESIAN_POINT ( 'NONE',  ( 18.30876227786209043, 21.20464809186998423, -19.09999999999999076 ) ) ;
#3519 = CARTESIAN_POINT ( 'NONE',  ( -18.00000000413363921, 21.27698179472027462, 19.36501320114228974 ) ) ;
#3520 = CIRCLE ( 'NONE', #724, 4.000000000000000000 ) ;
#3521 = ORIENTED_EDGE ( 'NONE', *, *, #365, .T. ) ;
#3522 = PLANE ( 'NONE',  #3287 ) ;
#3523 = CIRCLE ( 'NONE', #894, 2.399999999999999467 ) ;
#3524 = DIRECTION ( 'NONE',  ( 1.000000000000000000, 0.000000000000000000, 0.000000000000000000 ) ) ;
#3525 = ADVANCED_FACE ( 'NONE', ( #1272 ), #2120, .F. ) ;
#3526 = CARTESIAN_POINT ( 'NONE',  ( 17.59035935577011500, 21.27698179471916617, -20.31969343708622588 ) ) ;
#3527 = AXIS2_PLACEMENT_3D ( 'NONE', #3288, #15, #1619 ) ;
#3528 = ORIENTED_EDGE ( 'NONE', *, *, #3042, .F. ) ;
ENDSEC;
END-ISO-10303-21;
