ISO-10303-21;
HEADER;
FILE_DESCRIPTION (( 'STEP AP214' ),
    '1' );
FILE_NAME ('audiobox.STEP',
    '2025-10-08T16:10:32',
    ( '' ),
    ( '' ),
    'SwSTEP 2.0',
    'SolidWorks 2025',
    '' );
FILE_SCHEMA (( 'AUTOMOTIVE_DESIGN' ));
ENDSEC;

DATA;
#1 = DIRECTION ( 'NONE',  ( -1.734723475976802677E-14, 0.000000000000000000, 1.000000000000000000 ) ) ;
#2 = EDGE_CURVE ( 'NONE', #1264, #2396, #1028, .T. ) ;
#3 = CARTESIAN_POINT ( 'NONE',  ( -17.73485103482472169, 21.27698179471836681, 20.10358699018360085 ) ) ;
#4 = CARTESIAN_POINT ( 'NONE',  ( -18.44711635226611079, 20.55698864586779706, 19.10000000000000142 ) ) ;
#5 = CYLINDRICAL_SURFACE ( 'NONE', #1846, 0.5000000000000004441 ) ;
#6 = CARTESIAN_POINT ( 'NONE',  ( 19.01544195096116852, 21.16400731508066357, -20.86640499832425277 ) ) ;
#7 = VERTEX_POINT ( 'NONE', #2529 ) ;
#8 = CARTESIAN_POINT ( 'NONE',  ( -6.500000000000002665, 3.600000000000000089, 7.600000000000012967 ) ) ;
#9 = ORIENTED_EDGE ( 'NONE', *, *, #3302, .T. ) ;
#10 = AXIS2_PLACEMENT_3D ( 'NONE', #1926, #2198, #3202 ) ;
#11 = CARTESIAN_POINT ( 'NONE',  ( 18.00000000000000711, 19.64999999999999858, -19.09999999999999076 ) ) ;
#12 = AXIS2_PLACEMENT_3D ( 'NONE', #2963, #628, #433 ) ;
#13 = CARTESIAN_POINT ( 'NONE',  ( -15.99999999999999645, 2.000000000000000000, 23.10000000000000853 ) ) ;
#14 = ORIENTED_EDGE ( 'NONE', *, *, #867, .T. ) ;
#15 = DIRECTION ( 'NONE',  ( 1.000000000000000000, -0.000000000000000000, -1.508455196501571429E-16 ) ) ;
#16 = LINE ( 'NONE', #2922, #3031 ) ;
#17 = MECHANICAL_DESIGN_GEOMETRIC_PRESENTATION_REPRESENTATION (  '', ( #1972 ), #458 ) ;
#18 = EDGE_CURVE ( 'NONE', #2527, #2228, #137, .T. ) ;
#19 = CARTESIAN_POINT ( 'NONE',  ( -17.83588084441731780, 21.20464809183615529, 20.50799109904458817 ) ) ;
#20 = CARTESIAN_POINT ( 'NONE',  ( 16.88764779070767119, 21.27698179471888906, -20.89705990424760884 ) ) ;
#21 = CARTESIAN_POINT ( 'NONE',  ( 17.99999999999999645, 10.50000000000000178, -7.849999999999999645 ) ) ;
#22 = CIRCLE ( 'NONE', #2967, 0.5000000000000004441 ) ;
#23 = CARTESIAN_POINT ( 'NONE',  ( 18.00000000000000355, 19.78918494657904859, -19.09999999999999076 ) ) ;
#24 = ADVANCED_FACE ( 'NONE', ( #194 ), #1239, .F. ) ;
#25 = ORIENTED_EDGE ( 'NONE', *, *, #884, .F. ) ;
#26 = CARTESIAN_POINT ( 'NONE',  ( -15.99999999999999289, 21.59410370944288005, 21.10000000000000853 ) ) ;
#27 = VERTEX_POINT ( 'NONE', #1747 ) ;
#28 = EDGE_CURVE ( 'NONE', #2174, #502, #1765, .T. ) ;
#29 = CARTESIAN_POINT ( 'NONE',  ( 16.00000000000000000, 2.000000000000001776, 21.10000000000000853 ) ) ;
#30 = DIRECTION ( 'NONE',  ( 0.000000000000000000, 0.000000000000000000, 1.000000000000000000 ) ) ;
#31 = CARTESIAN_POINT ( 'NONE',  ( -6.500000000000002665, 8.099999999999999645, 3.400000000000007017 ) ) ;
#32 = DIRECTION ( 'NONE',  ( 0.000000000000000000, 0.000000000000000000, -1.000000000000000000 ) ) ;
#33 = CARTESIAN_POINT ( 'NONE',  ( -17.00371041847511577, 21.27698179471955342, 20.83478121232489144 ) ) ;
#34 = CARTESIAN_POINT ( 'NONE',  ( 16.00000000000000711, 22.00000000000000000, 23.10000000000000853 ) ) ;
#35 = DIRECTION ( 'NONE',  ( -1.000000000000000000, 0.000000000000000000, 0.000000000000000000 ) ) ;
#36 = CARTESIAN_POINT ( 'NONE',  ( 17.17157287525381548, 19.64999999999999503, -21.09999999999999787 ) ) ;
#37 = EDGE_CURVE ( 'NONE', #3108, #940, #987, .T. ) ;
#38 = ORIENTED_EDGE ( 'NONE', *, *, #2424, .F. ) ;
#39 = CARTESIAN_POINT ( 'NONE',  ( 15.99999999999999645, 21.20464809186999133, -21.40876227786208474 ) ) ;
#40 = EDGE_LOOP ( 'NONE', ( #1427, #2742, #1730, #2979 ) ) ;
#41 = AXIS2_PLACEMENT_3D ( 'NONE', #3359, #1524, #64 ) ;
#42 = ADVANCED_FACE ( 'NONE', ( #2809 ), #2549, .T. ) ;
#43 = DIRECTION ( 'NONE',  ( -0.000000000000000000, 1.000000000000000000, -0.000000000000000000 ) ) ;
#44 = AXIS2_PLACEMENT_3D ( 'NONE', #2202, #394, #1660 ) ;
#45 = CARTESIAN_POINT ( 'NONE',  ( 16.00000000000000355, 2.000000000000000000, 19.10000000000000497 ) ) ;
#46 = DIRECTION ( 'NONE',  ( 0.000000000000000000, 0.000000000000000000, -1.000000000000000000 ) ) ;
#47 = PRODUCT_DEFINITION_CONTEXT ( 'detailed design', #2344, 'design' ) ;
#48 = DIRECTION ( 'NONE',  ( -0.000000000000000000, -1.000000000000000000, -0.000000000000000000 ) ) ;
#49 = CARTESIAN_POINT ( 'NONE',  ( -7.000000000000002665, 3.600000000000000089, 8.100000000000006750 ) ) ;
#50 = CARTESIAN_POINT ( 'NONE',  ( 16.30576825399617391, 21.20464809086631064, -21.40876228214635191 ) ) ;
#51 = CARTESIAN_POINT ( 'NONE',  ( -1.800000000000005818, 3.899999999999999911, 23.10000000000000853 ) ) ;
#52 = CARTESIAN_POINT ( 'NONE',  ( 0.000000000000000000, 3.600000000000000089, 0.000000000000000000 ) ) ;
#53 = EDGE_LOOP ( 'NONE', ( #1068, #1283, #978, #1534 ) ) ;
#54 = CARTESIAN_POINT ( 'NONE',  ( 16.00000000000000355, 20.49268122259968905, 21.50966810795327788 ) ) ;
#55 = ORIENTED_EDGE ( 'NONE', *, *, #2393, .F. ) ;
#56 = EDGE_CURVE ( 'NONE', #1222, #3267, #2481, .T. ) ;
#57 = AXIS2_PLACEMENT_3D ( 'NONE', #1938, #2984, #63 ) ;
#58 = CARTESIAN_POINT ( 'NONE',  ( -14.32999999999999829, 4.699999999999988631, 20.60000000000001208 ) ) ;
#59 = EDGE_LOOP ( 'NONE', ( #3072, #2049, #599, #1902 ) ) ;
#60 = FACE_OUTER_BOUND ( 'NONE', #2962, .T. ) ;
#61 = ADVANCED_FACE ( 'NONE', ( #292 ), #2387, .F. ) ;
#62 = CIRCLE ( 'NONE', #2853, 1.999999999999998224 ) ;
#63 = DIRECTION ( 'NONE',  ( 0.000000000000000000, 0.000000000000000000, 1.000000000000000000 ) ) ;
#64 = DIRECTION ( 'NONE',  ( 1.000000000000000000, 0.000000000000000000, -1.508455196501571429E-16 ) ) ;
#65 = LINE ( 'NONE', #2697, #1545 ) ;
#66 = VECTOR ( 'NONE', #2453, 1000.000000000000000 ) ;
#67 = AXIS2_PLACEMENT_3D ( 'NONE', #68, #1862, #2908 ) ;
#68 = CARTESIAN_POINT ( 'NONE',  ( -18.39999999999999503, 21.59410370944287649, 19.10000000000000497 ) ) ;
#69 = ORIENTED_EDGE ( 'NONE', *, *, #2728, .F. ) ;
#70 = AXIS2_PLACEMENT_3D ( 'NONE', #553, #1083, #3130 ) ;
#71 = DIRECTION ( 'NONE',  ( -0.000000000000000000, -0.000000000000000000, 1.000000000000000000 ) ) ;
#72 = CARTESIAN_POINT ( 'NONE',  ( -19.99999999999999645, 5.999999999999998224, 21.10000000000000853 ) ) ;
#73 = DIRECTION ( 'NONE',  ( -0.000000000000000000, 1.000000000000000000, -0.000000000000000000 ) ) ;
#74 = CIRCLE ( 'NONE', #2805, 2.399999999999999467 ) ;
#75 = ORIENTED_EDGE ( 'NONE', *, *, #2107, .F. ) ;
#76 = CARTESIAN_POINT ( 'NONE',  ( -20.00000000000000355, 0.000000000000000000, -19.09999999999999432 ) ) ;
#77 = VERTEX_POINT ( 'NONE', #1335 ) ;
#78 = AXIS2_PLACEMENT_3D ( 'NONE', #1055, #71, #1122 ) ;
#79 = CARTESIAN_POINT ( 'NONE',  ( -16.00000000000000000, 20.55698864586779706, -21.54711635226610156 ) ) ;
#80 = AXIS2_PLACEMENT_3D ( 'NONE', #1200, #1744, #706 ) ;
#81 = ORIENTED_EDGE ( 'NONE', *, *, #2923, .T. ) ;
#82 = DIRECTION ( 'NONE',  ( 0.000000000000000000, -1.000000000000000000, 0.000000000000000000 ) ) ;
#83 = AXIS2_PLACEMENT_3D ( 'NONE', #556, #280, #308 ) ;
#84 = DIRECTION ( 'NONE',  ( 0.000000000000000000, 0.000000000000000000, 1.000000000000000000 ) ) ;
#85 = EDGE_CURVE ( 'NONE', #2019, #1031, #792, .T. ) ;
#86 = DIRECTION ( 'NONE',  ( 0.000000000000000000, 0.000000000000000000, 1.000000000000000000 ) ) ;
#87 = CARTESIAN_POINT ( 'NONE',  ( 20.00000000000000000, 10.50000000000000178, -7.849999999999999645 ) ) ;
#88 = ADVANCED_FACE ( 'NONE', ( #278 ), #826, .F. ) ;
#89 = ORIENTED_EDGE ( 'NONE', *, *, #1666, .T. ) ;
#90 = CARTESIAN_POINT ( 'NONE',  ( 17.94841790856946062, 21.59410370944288360, -19.62255677096528572 ) ) ;
#91 = CARTESIAN_POINT ( 'NONE',  ( -12.25000000000000355, 8.099999999999999645, -18.59999999999999787 ) ) ;
#92 = CARTESIAN_POINT ( 'NONE',  ( 18.00000000000000355, 10.50000000000000178, 23.10000000000000853 ) ) ;
#93 = VERTEX_POINT ( 'NONE', #2341 ) ;
#94 = CARTESIAN_POINT ( 'NONE',  ( -9.291960108450199485, 8.099999999999999645, -18.59999999999999787 ) ) ;
#95 = ORIENTED_EDGE ( 'NONE', *, *, #1553, .T. ) ;
#96 = ORIENTED_EDGE ( 'NONE', *, *, #438, .T. ) ;
#97 = CARTESIAN_POINT ( 'NONE',  ( -9.291960108450199485, 8.099999999999999645, -18.59999999999999787 ) ) ;
#98 = CARTESIAN_POINT ( 'NONE',  ( -17.17157287525381193, 21.24999999999999645, 21.10000000000001563 ) ) ;
#99 = VECTOR ( 'NONE', #1833, 1000.000000000000000 ) ;
#100 = CYLINDRICAL_SURFACE ( 'NONE', #962, 2.700000000000001066 ) ;
#101 = DIRECTION ( 'NONE',  ( -1.561251128379127647E-14, 0.000000000000000000, -1.000000000000000000 ) ) ;
#102 = EDGE_CURVE ( 'NONE', #434, #3002, #1133, .T. ) ;
#103 = ORIENTED_EDGE ( 'NONE', *, *, #2047, .T. ) ;
#104 = DIRECTION ( 'NONE',  ( -1.501925087425806872E-16, -0.000000000000000000, -1.000000000000000000 ) ) ;
#105 = CARTESIAN_POINT ( 'NONE',  ( -15.99999999999999645, 22.00000000000000000, 23.10000000000000853 ) ) ;
#106 = DIRECTION ( 'NONE',  ( 0.000000000000000000, 0.000000000000000000, 1.000000000000000000 ) ) ;
#107 = EDGE_CURVE ( 'NONE', #1024, #2600, #2601, .T. ) ;
#108 = VERTEX_POINT ( 'NONE', #3378 ) ;
#109 = CARTESIAN_POINT ( 'NONE',  ( 16.00000000000000355, 19.64999999999999858, 21.10000000000000853 ) ) ;
#110 = ORIENTED_EDGE ( 'NONE', *, *, #2446, .F. ) ;
#111 = ORIENTED_EDGE ( 'NONE', *, *, #990, .F. ) ;
#112 = CARTESIAN_POINT ( 'NONE',  ( -15.99999999999999645, 21.24999999999999645, 21.10000000000001563 ) ) ;
#113 =( BOUNDED_SURFACE ( )  B_SPLINE_SURFACE ( 3, 3, ( 
 ( #3210, #608, #36, #578 ),
 ( #23, #1642, #1341, #2667 ),
 ( #1613, #2685, #2379, #1076 ),
 ( #1882, #6, #1090, #2652 ),
 ( #1371, #1058, #2137, #1627 ) ),
 .UNSPECIFIED., .F., .F., .T. ) 
 B_SPLINE_SURFACE_WITH_KNOTS ( ( 4, 1, 4 ),
 ( 4, 4 ),
 ( 0.000000000000000000, 0.3063616363167692702, 1.000000000000000000 ),
 ( 0.000000000000000000, 1.000000000000000000 ),
 .UNSPECIFIED. ) 
 GEOMETRIC_REPRESENTATION_ITEM ( )  RATIONAL_B_SPLINE_SURFACE ( (
 ( 1.000000000000000000, 0.8047378541243647154, 0.8047378541243647154, 1.000000000000000000),
 ( 1.000000000000000000, 0.8047378541243647154, 0.8047378541243647154, 1.000000000000000000),
 ( 1.000000000000000000, 0.8047378541243647154, 0.8047378541243647154, 1.000000000000000000),
 ( 1.000000000000000000, 0.8047378541243647154, 0.8047378541243647154, 1.000000000000000000),
 ( 1.000000000000000000, 0.8047378541243647154, 0.8047378541243647154, 1.000000000000000000) ) ) 
 REPRESENTATION_ITEM ( '' )  SURFACE ( )  );
#114 = DIRECTION ( 'NONE',  ( -0.000000000000000000, -1.000000000000000000, -0.000000000000000000 ) ) ;
#115 = CARTESIAN_POINT ( 'NONE',  ( -18.00000000000000355, 21.59999999999999787, -19.09999999999999076 ) ) ;
#116 = AXIS2_PLACEMENT_3D ( 'NONE', #2813, #1555, #2593 ) ;
#117 = ORIENTED_EDGE ( 'NONE', *, *, #1547, .F. ) ;
#118 = CARTESIAN_POINT ( 'NONE',  ( 18.00000000414137347, 21.27698179472303508, -19.36501320114139446 ) ) ;
#119 = VECTOR ( 'NONE', #1511, 1000.000000000000000 ) ;
#120 = PLANE ( 'NONE',  #44 ) ;
#121 = CARTESIAN_POINT ( 'NONE',  ( -17.35244163007688556, 21.20464809186971422, 21.40876227786325359 ) ) ;
#122 = EDGE_LOOP ( 'NONE', ( #2572, #2098, #2064, #2477 ) ) ;
#123 = CARTESIAN_POINT ( 'NONE',  ( -6.000000000000005329, 22.00000000000000000, -21.09999999999999432 ) ) ;
#124 = VERTEX_POINT ( 'NONE', #541 ) ;
#125 = EDGE_CURVE ( 'NONE', #805, #2940, #1307, .T. ) ;
#126 = AXIS2_PLACEMENT_3D ( 'NONE', #3026, #2731, #1407 ) ;
#127 = AXIS2_PLACEMENT_3D ( 'NONE', #1898, #1425, #106 ) ;
#128 = EDGE_LOOP ( 'NONE', ( #288, #877, #1270, #1007 ) ) ;
#129 = FACE_OUTER_BOUND ( 'NONE', #1522, .T. ) ;
#130 = CARTESIAN_POINT ( 'NONE',  ( 16.26427947397064244, 21.59410370944288005, -21.09999999999999076 ) ) ;
#131 = CARTESIAN_POINT ( 'NONE',  ( -18.00000000000000355, 19.78918494657904859, -19.09999999999999432 ) ) ;
#132 =( BOUNDED_CURVE ( )  B_SPLINE_CURVE ( 3, ( #3032, #2753, #2218, #2031 ),
 .UNSPECIFIED., .F., .T. ) 
 B_SPLINE_CURVE_WITH_KNOTS ( ( 4, 4 ),
 ( -5.999999998736301745E-08, 0.003658013549184806895 ),
 .UNSPECIFIED. ) 
 CURVE ( )  GEOMETRIC_REPRESENTATION_ITEM ( )  RATIONAL_B_SPLINE_CURVE ( ( 1.000000000000000000, 0.8047378541243647154, 0.8047378541243647154, 1.000000000000000000 ) ) 
 REPRESENTATION_ITEM ( '' )  );
#133 = ORIENTED_EDGE ( 'NONE', *, *, #3332, .T. ) ;
#134 = DIRECTION ( 'NONE',  ( 1.000000000000000000, 0.000000000000000000, 0.000000000000000000 ) ) ;
#135 = FACE_OUTER_BOUND ( 'NONE', #741, .T. ) ;
#136 = LINE ( 'NONE', #3288, #1016 ) ;
#137 = CIRCLE ( 'NONE', #2051, 0.4000000000000010214 ) ;
#138 = FACE_OUTER_BOUND ( 'NONE', #1195, .T. ) ;
#139 = VERTEX_POINT ( 'NONE', #3099 ) ;
#140 = CARTESIAN_POINT ( 'NONE',  ( -15.99999999999999289, 19.64999999999999858, 21.10000000000000853 ) ) ;
#141 = ORIENTED_EDGE ( 'NONE', *, *, #2342, .T. ) ;
#142 = ADVANCED_FACE ( 'NONE', ( #759 ), #3115, .F. ) ;
#143 = ORIENTED_EDGE ( 'NONE', *, *, #1357, .T. ) ;
#144 = EDGE_CURVE ( 'NONE', #2535, #1152, #1069, .T. ) ;
#145 = CARTESIAN_POINT ( 'NONE',  ( -15.20803989154980407, 8.099999999999999645, -1.599999999999994316 ) ) ;
#146 = DIRECTION ( 'NONE',  ( -0.000000000000000000, 1.000000000000000000, -0.000000000000000000 ) ) ;
#147 = CARTESIAN_POINT ( 'NONE',  ( 18.00000000000000711, 19.78918494657904859, -19.09999999999999076 ) ) ;
#148 = VERTEX_POINT ( 'NONE', #1858 ) ;
#149 = EDGE_LOOP ( 'NONE', ( #1996, #237, #1373, #3175 ) ) ;
#150 = CARTESIAN_POINT ( 'NONE',  ( 18.07452970053350683, 21.20464809229804004, -20.12461193387498426 ) ) ;
#151 = DIRECTION ( 'NONE',  ( -0.000000000000000000, -1.000000000000000000, -0.000000000000000000 ) ) ;
#152 = CARTESIAN_POINT ( 'NONE',  ( -15.20803989154980762, 8.099999999999999645, -19.09999999999999787 ) ) ;
#153 = CARTESIAN_POINT ( 'NONE',  ( -18.00000000000000355, 21.59410370944287649, -19.09999999999999076 ) ) ;
#154 = ORIENTED_EDGE ( 'NONE', *, *, #2948, .F. ) ;
#155 = FACE_OUTER_BOUND ( 'NONE', #2354, .T. ) ;
#156 = ORIENTED_EDGE ( 'NONE', *, *, #653, .T. ) ;
#157 = CARTESIAN_POINT ( 'NONE',  ( -16.00000000000000000, 19.78918494657904859, -21.09999999999999076 ) ) ;
#158 = ADVANCED_FACE ( 'NONE', ( #266 ), #2079, .T. ) ;
#159 = VERTEX_POINT ( 'NONE', #1320 ) ;
#160 = CARTESIAN_POINT ( 'NONE',  ( 18.30876227786207977, 21.20464809186998423, 19.10000000000000142 ) ) ;
#161 = CARTESIAN_POINT ( 'NONE',  ( 19.99999999999999645, 2.000000000000000000, -23.09999999999999432 ) ) ;
#162 = EDGE_CURVE ( 'NONE', #1245, #2554, #3150, .T. ) ;
#163 = DIRECTION ( 'NONE',  ( 0.000000000000000000, 0.000000000000000000, 1.000000000000000000 ) ) ;
#164 = ORIENTED_EDGE ( 'NONE', *, *, #107, .T. ) ;
#165 = ORIENTED_EDGE ( 'NONE', *, *, #2144, .F. ) ;
#166 = SHAPE_DEFINITION_REPRESENTATION ( #2293, #892 ) ;
#167 = CARTESIAN_POINT ( 'NONE',  ( 19.99999999999999645, 2.000000000000000000, -21.09999999999999432 ) ) ;
#168 = AXIS2_PLACEMENT_3D ( 'NONE', #1046, #1030, #3125 ) ;
#169 = LINE ( 'NONE', #1217, #2301 ) ;
#170 = VECTOR ( 'NONE', #303, 1000.000000000000000 ) ;
#171 = DIRECTION ( 'NONE',  ( -0.000000000000000000, -1.000000000000000000, -0.000000000000000000 ) ) ;
#172 = EDGE_LOOP ( 'NONE', ( #993, #2947, #2802, #9, #3266, #1316 ) ) ;
#173 = DIRECTION ( 'NONE',  ( -1.000000000000000000, 0.000000000000000000, 0.000000000000000000 ) ) ;
#174 = ORIENTED_EDGE ( 'NONE', *, *, #2126, .F. ) ;
#175 = PRESENTATION_STYLE_ASSIGNMENT (( #435 ) ) ;
#176 = CIRCLE ( 'NONE', #2083, 0.5000000000000000000 ) ;
#177 = VERTEX_POINT ( 'NONE', #1844 ) ;
#178 = VECTOR ( 'NONE', #3148, 1000.000000000000000 ) ;
#179 = ORIENTED_EDGE ( 'NONE', *, *, #2226, .F. ) ;
#180 = DIRECTION ( 'NONE',  ( 0.000000000000000000, 1.000000000000000000, 0.000000000000000000 ) ) ;
#181 = AXIS2_PLACEMENT_3D ( 'NONE', #929, #880, #2960 ) ;
#182 = DIRECTION ( 'NONE',  ( 0.000000000000000000, 0.000000000000000000, 1.000000000000000000 ) ) ;
#183 = CARTESIAN_POINT ( 'NONE',  ( -18.00000000000000355, 21.59410370944287649, -19.09999999999999076 ) ) ;
#184 = ORIENTED_EDGE ( 'NONE', *, *, #1489, .T. ) ;
#185 = EDGE_CURVE ( 'NONE', #2807, #177, #2892, .T. ) ;
#186 = ORIENTED_EDGE ( 'NONE', *, *, #1648, .T. ) ;
#187 = CARTESIAN_POINT ( 'NONE',  ( -17.99999999999998224, 21.59410370944729252, 19.36501320211011290 ) ) ;
#188 = AXIS2_PLACEMENT_3D ( 'NONE', #3011, #417, #3062 ) ;
#189 = ADVANCED_FACE ( 'NONE', ( #503 ), #2905, .T. ) ;
#190 = AXIS2_PLACEMENT_3D ( 'NONE', #542, #2677, #1 ) ;
#191 = CARTESIAN_POINT ( 'NONE',  ( -18.00000000000000355, 22.00000000000000000, -18.09999999999999432 ) ) ;
#192 = ORIENTED_EDGE ( 'NONE', *, *, #2545, .T. ) ;
#193 = DIRECTION ( 'NONE',  ( 0.000000000000000000, 0.000000000000000000, 1.000000000000000000 ) ) ;
#194 = FACE_OUTER_BOUND ( 'NONE', #2700, .T. ) ;
#195 = CARTESIAN_POINT ( 'NONE',  ( 17.99999999999999645, 21.59999999999999787, -19.09999999999999076 ) ) ;
#196 = CARTESIAN_POINT ( 'NONE',  ( 16.00000000000000000, 22.00000000000000000, -19.09999999999999432 ) ) ;
#197 = CARTESIAN_POINT ( 'NONE',  ( -1.800000000000006040, 6.000000000000000000, 21.60000000000000853 ) ) ;
#198 = EDGE_LOOP ( 'NONE', ( #2040, #1808, #535, #2304 ) ) ;
#199 = ORIENTED_EDGE ( 'NONE', *, *, #2890, .F. ) ;
#200 = CARTESIAN_POINT ( 'NONE',  ( 17.73478121232408355, 21.27698179471819628, 20.10371041847484008 ) ) ;
#201 = CARTESIAN_POINT ( 'NONE',  ( 18.30876227786208332, 21.20464809186998068, 19.10000000000000497 ) ) ;
#202 = CARTESIAN_POINT ( 'NONE',  ( 18.92109196514351410, 21.06119768739732834, -19.09999999999999076 ) ) ;
#203 = ORIENTED_EDGE ( 'NONE', *, *, #2906, .T. ) ;
#204 = ORIENTED_EDGE ( 'NONE', *, *, #2446, .T. ) ;
#205 = CARTESIAN_POINT ( 'NONE',  ( 19.99999999999999645, 2.000000000000000000, -19.09999999999999432 ) ) ;
#206 = DIRECTION ( 'NONE',  ( 0.000000000000000000, 0.000000000000000000, 1.000000000000000000 ) ) ;
#207 = VECTOR ( 'NONE', #1564, 1000.000000000000000 ) ;
#208 = EDGE_CURVE ( 'NONE', #714, #805, #2516, .T. ) ;
#209 = CARTESIAN_POINT ( 'NONE',  ( -1.800000000000006040, 6.000000000000000000, 23.10000000000000853 ) ) ;
#210 = VERTEX_POINT ( 'NONE', #2861 ) ;
#211 = AXIS2_PLACEMENT_3D ( 'NONE', #1581, #1612, #2684 ) ;
#212 = CARTESIAN_POINT ( 'NONE',  ( -17.59024845256869085, 21.59410370944298307, -20.31984028399348219 ) ) ;
#213 = VERTEX_POINT ( 'NONE', #2645 ) ;
#214 = CARTESIAN_POINT ( 'NONE',  ( -17.17157287525384390, 21.24999999999999645, -21.09999999999998366 ) ) ;
#215 = DIRECTION ( 'NONE',  ( 0.000000000000000000, 0.000000000000000000, 1.000000000000000000 ) ) ;
#216 = EDGE_CURVE ( 'NONE', #27, #2336, #1649, .T. ) ;
#217 = EDGE_LOOP ( 'NONE', ( #2316, #2898, #2464, #346 ) ) ;
#218 = DIRECTION ( 'NONE',  ( -1.000000000000000000, 0.000000000000000000, 1.131341397376178572E-16 ) ) ;
#219 = ORIENTED_EDGE ( 'NONE', *, *, #2966, .F. ) ;
#220 = VECTOR ( 'NONE', #2431, 1000.000000000000000 ) ;
#221 = CARTESIAN_POINT ( 'NONE',  ( 16.88758547699856649, 21.27698179471916973, 20.89709251171706939 ) ) ;
#222 = CARTESIAN_POINT ( 'NONE',  ( 18.00000000000000355, 21.59999999999999787, 23.10000000000000853 ) ) ;
#223 = LINE ( 'NONE', #1775, #781 ) ;
#224 = ORIENTED_EDGE ( 'NONE', *, *, #1190, .F. ) ;
#225 = CARTESIAN_POINT ( 'NONE',  ( -1.800000000000006484, 3.900000000000000799, 21.10000000000000853 ) ) ;
#226 = CIRCLE ( 'NONE', #2573, 1.400000000000000133 ) ;
#227 = EDGE_CURVE ( 'NONE', #1714, #3226, #2148, .T. ) ;
#228 = CARTESIAN_POINT ( 'NONE',  ( -18.00000000000000355, 3.099999999999999645, 8.100000000000006750 ) ) ;
#229 = EDGE_LOOP ( 'NONE', ( #1867, #2523, #3035, #1029, #1723 ) ) ;
#230 = CARTESIAN_POINT ( 'NONE',  ( -18.00000000392641297, 21.27698179471531503, -19.36487634250774903 ) ) ;
#231 = DIRECTION ( 'NONE',  ( -0.000000000000000000, 1.000000000000000000, -0.000000000000000000 ) ) ;
#232 =( BOUNDED_SURFACE ( )  B_SPLINE_SURFACE ( 3, 3, ( 
 ( #967, #2619, #281, #1087 ),
 ( #1072, #2330, #1814, #2894 ),
 ( #2824, #250, #3169, #2565 ),
 ( #765, #1579, #2103, #1566 ),
 ( #488, #1054, #2864, #2879 ) ),
 .UNSPECIFIED., .F., .F., .T. ) 
 B_SPLINE_SURFACE_WITH_KNOTS ( ( 4, 1, 4 ),
 ( 4, 4 ),
 ( 0.000000000000000000, 0.3063616363167692702, 1.000000000000000000 ),
 ( 0.000000000000000000, 1.000000000000000000 ),
 .UNSPECIFIED. ) 
 GEOMETRIC_REPRESENTATION_ITEM ( )  RATIONAL_B_SPLINE_SURFACE ( (
 ( 1.000000000000000000, 0.8047378541243649375, 0.8047378541243649375, 1.000000000000000000),
 ( 1.000000000000000000, 0.8047378541243649375, 0.8047378541243649375, 1.000000000000000000),
 ( 1.000000000000000000, 0.8047378541243649375, 0.8047378541243649375, 1.000000000000000000),
 ( 1.000000000000000000, 0.8047378541243649375, 0.8047378541243649375, 1.000000000000000000),
 ( 1.000000000000000000, 0.8047378541243649375, 0.8047378541243649375, 1.000000000000000000) ) ) 
 REPRESENTATION_ITEM ( '' )  SURFACE ( )  );
#233 = CARTESIAN_POINT ( 'NONE',  ( 16.00000000000000000, 22.00000000000000000, 19.10000000000000497 ) ) ;
#234 = ORIENTED_EDGE ( 'NONE', *, *, #2001, .F. ) ;
#235 = VECTOR ( 'NONE', #238, 1000.000000000000000 ) ;
#236 = ADVANCED_FACE ( 'NONE', ( #1654 ), #2562, .T. ) ;
#237 = ORIENTED_EDGE ( 'NONE', *, *, #282, .T. ) ;
#238 = DIRECTION ( 'NONE',  ( 1.501925087425806872E-16, -0.000000000000000000, 1.000000000000000000 ) ) ;
#239 = ORIENTED_EDGE ( 'NONE', *, *, #2517, .T. ) ;
#240 = AXIS2_PLACEMENT_3D ( 'NONE', #1894, #2939, #1623 ) ;
#241 = CYLINDRICAL_SURFACE ( 'NONE', #1965, 0.4000000000000010214 ) ;
#242 = EDGE_CURVE ( 'NONE', #2029, #2447, #1378, .T. ) ;
#243 = AXIS2_PLACEMENT_3D ( 'NONE', #768, #3328, #1531 ) ;
#244 = CARTESIAN_POINT ( 'NONE',  ( 20.00000000000000000, 8.200000000000002842, -6.449999999999999289 ) ) ;
#245 = CARTESIAN_POINT ( 'NONE',  ( 13.59999999999999432, 3.899999999999999911, 21.60000000000000853 ) ) ;
#246 = ORIENTED_EDGE ( 'NONE', *, *, #1213, .T. ) ;
#247 = CARTESIAN_POINT ( 'NONE',  ( -1.800000000000006040, 6.000000000000000000, 22.60000000000000853 ) ) ;
#248 = AXIS2_PLACEMENT_3D ( 'NONE', #445, #761, #2766 ) ;
#249 = LINE ( 'NONE', #3340, #1086 ) ;
#250 = CARTESIAN_POINT ( 'NONE',  ( 17.43348757045251674, 20.55698864586779706, 21.54711635226611577 ) ) ;
#251 = DIRECTION ( 'NONE',  ( -1.000000000000000000, 0.000000000000000000, 0.000000000000000000 ) ) ;
#252 = CARTESIAN_POINT ( 'NONE',  ( -18.00000000000000355, 19.78918494657904859, -19.09999999999996589 ) ) ;
#253 = DIRECTION ( 'NONE',  ( 1.000000000000000000, 0.000000000000000000, -9.082321863752902114E-17 ) ) ;
#254 = AXIS2_PLACEMENT_3D ( 'NONE', #2357, #2937, #1829 ) ;
#255 = VECTOR ( 'NONE', #104, 1000.000000000000000 ) ;
#256 = ORIENTED_EDGE ( 'NONE', *, *, #3200, .F. ) ;
#257 = CARTESIAN_POINT ( 'NONE',  ( 16.00000000000000355, 21.20464809186998423, 21.40876227786208474 ) ) ;
#258 = ORIENTED_EDGE ( 'NONE', *, *, #2266, .T. ) ;
#259 = ADVANCED_FACE ( 'NONE', ( #858 ), #2920, .T. ) ;
#260 = VECTOR ( 'NONE', #2290, 1000.000000000000000 ) ;
#261 = DIRECTION ( 'NONE',  ( -1.000000000000000000, 0.000000000000000000, 9.082321863752807204E-17 ) ) ;
#262 = CARTESIAN_POINT ( 'NONE',  ( -6.500000000000009770, 7.807106781186550215, 3.192893218813466660 ) ) ;
#263 = LINE ( 'NONE', #2857, #840 ) ;
#264 = EDGE_CURVE ( 'NONE', #2193, #786, #601, .T. ) ;
#265 = ORIENTED_EDGE ( 'NONE', *, *, #2209, .F. ) ;
#266 = FACE_OUTER_BOUND ( 'NONE', #1741, .T. ) ;
#267 = DIRECTION ( 'NONE',  ( -9.082321863752916905E-17, 0.000000000000000000, -1.000000000000000000 ) ) ;
#268 = CARTESIAN_POINT ( 'NONE',  ( -17.52471107638231373, 21.20464809199369682, 20.84038253259772944 ) ) ;
#269 = CARTESIAN_POINT ( 'NONE',  ( -17.94837396471126922, 21.27698179471972040, -19.62269544858682124 ) ) ;
#270 = CARTESIAN_POINT ( 'NONE',  ( -17.17157287525384390, 19.64999999999999503, -21.09999999999998366 ) ) ;
#271 = DIRECTION ( 'NONE',  ( -1.501925087425806872E-16, 0.000000000000000000, -1.000000000000000000 ) ) ;
#272 = VERTEX_POINT ( 'NONE', #388 ) ;
#273 = CARTESIAN_POINT ( 'NONE',  ( 19.99999999999999645, 21.59410370944288360, -21.09999999999999432 ) ) ;
#274 = ORIENTED_EDGE ( 'NONE', *, *, #162, .F. ) ;
#275 = EDGE_CURVE ( 'NONE', #642, #2748, #176, .T. ) ;
#276 = DIRECTION ( 'NONE',  ( 0.000000000000000000, 0.000000000000000000, 1.000000000000000000 ) ) ;
#277 = ORIENTED_EDGE ( 'NONE', *, *, #102, .F. ) ;
#278 = FACE_OUTER_BOUND ( 'NONE', #2556, .T. ) ;
#279 = ADVANCED_FACE ( 'NONE', ( #2165, #1873 ), #1417, .T. ) ;
#280 = DIRECTION ( 'NONE',  ( 0.000000000000000000, -0.000000000000000000, 1.000000000000000000 ) ) ;
#281 = CARTESIAN_POINT ( 'NONE',  ( 18.00000000000001066, 19.64999999999999858, 20.27157287525381335 ) ) ;
#282 = EDGE_CURVE ( 'NONE', #1911, #108, #585, .T. ) ;
#283 = CARTESIAN_POINT ( 'NONE',  ( -16.88758547699966428, 21.27698179471861550, -20.89709251171871074 ) ) ;
#284 = LINE ( 'NONE', #2666, #3048 ) ;
#285 = DIRECTION ( 'NONE',  ( 0.000000000000000000, -0.000000000000000000, 1.000000000000000000 ) ) ;
#286 = ORIENTED_EDGE ( 'NONE', *, *, #806, .F. ) ;
#287 = CARTESIAN_POINT ( 'NONE',  ( -18.40000000000000213, 21.59410370944287649, -19.09999999999999076 ) ) ;
#288 = ORIENTED_EDGE ( 'NONE', *, *, #538, .T. ) ;
#289 = AXIS2_PLACEMENT_3D ( 'NONE', #997, #2026, #3077 ) ;
#290 = CARTESIAN_POINT ( 'NONE',  ( 13.59999999999999432, 6.000000000000000000, 20.60000000000001208 ) ) ;
#291 = DIRECTION ( 'NONE',  ( -0.000000000000000000, 1.000000000000000000, -0.000000000000000000 ) ) ;
#292 = FACE_OUTER_BOUND ( 'NONE', #1677, .T. ) ;
#293 = CYLINDRICAL_SURFACE ( 'NONE', #2156, 1.400000000000000133 ) ;
#294 = AXIS2_PLACEMENT_3D ( 'NONE', #2951, #2452, #1651 ) ;
#295 = EDGE_CURVE ( 'NONE', #459, #3226, #1163, .T. ) ;
#296 = CARTESIAN_POINT ( 'NONE',  ( -17.73485103493464266, 21.59410370944261359, 20.10358699025708873 ) ) ;
#297 = CARTESIAN_POINT ( 'NONE',  ( -18.00000000000000000, 2.599999999999992539, 8.600000000000006750 ) ) ;
#298 = CARTESIAN_POINT ( 'NONE',  ( -18.00000000000000355, 7.600000000000005862, 3.400000000000008349 ) ) ;
#299 = CIRCLE ( 'NONE', #1824, 0.4000000000000010214 ) ;
#300 = PLANE ( 'NONE',  #2199 ) ;
#301 = EDGE_CURVE ( 'NONE', #2600, #1237, #2850, .T. ) ;
#302 = ORIENTED_EDGE ( 'NONE', *, *, #1575, .F. ) ;
#303 = DIRECTION ( 'NONE',  ( -0.000000000000000000, -1.000000000000000000, -0.000000000000000000 ) ) ;
#304 = ORIENTED_EDGE ( 'NONE', *, *, #1893, .F. ) ;
#305 = DIRECTION ( 'NONE',  ( -0.000000000000000000, -0.000000000000000000, 1.000000000000000000 ) ) ;
#306 = DIRECTION ( 'NONE',  ( 0.000000000000000000, -1.000000000000000000, 0.000000000000000000 ) ) ;
#307 = DIRECTION ( 'NONE',  ( -0.000000000000000000, 1.000000000000000000, -0.000000000000000000 ) ) ;
#308 = DIRECTION ( 'NONE',  ( 1.000000000000000000, 0.000000000000000000, -0.000000000000000000 ) ) ;
#309 = DIRECTION ( 'NONE',  ( -1.000000000000000000, 0.000000000000000000, -0.000000000000000000 ) ) ;
#310 = CARTESIAN_POINT ( 'NONE',  ( 16.00000000000000000, 21.20464809186998778, -21.40876227786207764 ) ) ;
#311 = LINE ( 'NONE', #1103, #99 ) ;
#312 = EDGE_CURVE ( 'NONE', #1736, #1911, #1430, .T. ) ;
#313 = DIRECTION ( 'NONE',  ( 0.000000000000000000, 0.000000000000000000, 1.000000000000000000 ) ) ;
#314 = ORIENTED_EDGE ( 'NONE', *, *, #3327, .T. ) ;
#315 = LINE ( 'NONE', #2884, #1864 ) ;
#316 = ORIENTED_EDGE ( 'NONE', *, *, #1935, .F. ) ;
#317 = EDGE_CURVE ( 'NONE', #3230, #3213, #3176, .T. ) ;
#318 = CIRCLE ( 'NONE', #2386, 0.5000000000000004441 ) ;
#319 = DIRECTION ( 'NONE',  ( -0.000000000000000000, -0.000000000000000000, 1.000000000000000000 ) ) ;
#320 = VECTOR ( 'NONE', #500, 1000.000000000000000 ) ;
#321 = ORIENTED_EDGE ( 'NONE', *, *, #85, .T. ) ;
#322 = DIRECTION ( 'NONE',  ( -0.000000000000000000, -1.000000000000000000, -0.000000000000000000 ) ) ;
#323 = CARTESIAN_POINT ( 'NONE',  ( 15.99999999999999645, 6.800000000000002487, -14.34999999999999964 ) ) ;
#324 = LINE ( 'NONE', #891, #1293 ) ;
#325 = DIRECTION ( 'NONE',  ( 0.000000000000000000, -0.000000000000000000, 1.000000000000000000 ) ) ;
#326 = CARTESIAN_POINT ( 'NONE',  ( 17.52471107638334047, 21.20464809199353340, -20.84038253259763707 ) ) ;
#327 = CARTESIAN_POINT ( 'NONE',  ( -12.25000000000000178, -18.47374005464410374, 0.3999999999999988565 ) ) ;
#328 = CARTESIAN_POINT ( 'NONE',  ( -18.00000000000000000, 7.099999999999999645, 3.900000000000008349 ) ) ;
#329 = ORIENTED_EDGE ( 'NONE', *, *, #1691, .F. ) ;
#330 = DIRECTION ( 'NONE',  ( 1.000000000000000000, 0.000000000000000000, 0.000000000000000000 ) ) ;
#331 = ORIENTED_EDGE ( 'NONE', *, *, #3165, .T. ) ;
#332 = EDGE_CURVE ( 'NONE', #1562, #805, #1115, .T. ) ;
#333 = CYLINDRICAL_SURFACE ( 'NONE', #2687, 0.4000000000000010214 ) ;
#334 = VECTOR ( 'NONE', #2540, 1000.000000000000000 ) ;
#335 = ORIENTED_EDGE ( 'NONE', *, *, #2695, .T. ) ;
#336 = SURFACE_STYLE_FILL_AREA ( #888 ) ;
#337 = EDGE_CURVE ( 'NONE', #548, #2234, #998, .T. ) ;
#338 = AXIS2_PLACEMENT_3D ( 'NONE', #1220, #1476, #882 ) ;
#339 = DIRECTION ( 'NONE',  ( 0.000000000000000000, 1.000000000000000000, 0.000000000000000000 ) ) ;
#340 = DIRECTION ( 'NONE',  ( -0.000000000000000000, 1.000000000000000000, 0.000000000000000000 ) ) ;
#341 = DIRECTION ( 'NONE',  ( 0.000000000000000000, 1.000000000000000000, 0.000000000000000000 ) ) ;
#342 = B_SPLINE_CURVE_WITH_KNOTS ( 'NONE', 3,
 ( #26, #3192, #1884, #563, #1079, #2109, #1344, #1868, #851, #2914 ),
 .UNSPECIFIED., .F., .F.,
 ( 4, 2, 2, 2, 4 ),
 ( 0.000000000000000000, 0.0007921336859806387071, 0.001584267371961277414, 0.002376401057941916230, 0.003168534743922554828 ),
 .UNSPECIFIED. ) ;
#343 = AXIS2_PLACEMENT_3D ( 'NONE', #247, #1606, #1037 ) ;
#344 = AXIS2_PLACEMENT_3D ( 'NONE', #2680, #574, #325 ) ;
#345 = LINE ( 'NONE', #49, #1969 ) ;
#346 = ORIENTED_EDGE ( 'NONE', *, *, #1265, .F. ) ;
#347 = COLOUR_RGB ( '',0.7921568627450980005, 0.8196078431372548767, 0.9333333333333333481 ) ;
#348 = DIRECTION ( 'NONE',  ( -0.000000000000000000, -1.000000000000000000, -0.000000000000000000 ) ) ;
#349 = CARTESIAN_POINT ( 'NONE',  ( -15.99999999999999645, 21.20464809186998423, 21.40876227786208830 ) ) ;
#350 = VECTOR ( 'NONE', #1184, 1000.000000000000000 ) ;
#351 = EDGE_LOOP ( 'NONE', ( #831, #856, #2514, #2471, #3301 ) ) ;
#352 = CARTESIAN_POINT ( 'NONE',  ( 17.60099575711028308, 21.59410370944289070, 20.32745848645951625 ) ) ;
#353 = ORIENTED_EDGE ( 'NONE', *, *, #2294, .T. ) ;
#354 = AXIS2_PLACEMENT_3D ( 'NONE', #2770, #171, #1218 ) ;
#355 = EDGE_CURVE ( 'NONE', #2592, #2193, #1540, .T. ) ;
#356 = ORIENTED_EDGE ( 'NONE', *, *, #3117, .F. ) ;
#357 = CARTESIAN_POINT ( 'NONE',  ( -16.00000000000000000, 21.06119768739732123, -22.02109196514349065 ) ) ;
#358 = CIRCLE ( 'NONE', #190, 0.4000000000000010214 ) ;
#359 = CARTESIAN_POINT ( 'NONE',  ( -19.01544195096116496, 21.16400731508066002, 19.09999999999999787 ) ) ;
#360 = CARTESIAN_POINT ( 'NONE',  ( -15.99999999999999645, 20.55698864586779706, 21.54711635226611932 ) ) ;
#361 = ADVANCED_FACE ( 'NONE', ( #129 ), #975, .F. ) ;
#362 = CARTESIAN_POINT ( 'NONE',  ( -18.00000000000000355, 2.000000000000000000, -23.09999999999999432 ) ) ;
#363 = VERTEX_POINT ( 'NONE', #920 ) ;
#364 = CYLINDRICAL_SURFACE ( 'NONE', #126, 0.5000000000000004441 ) ;
#365 = CARTESIAN_POINT ( 'NONE',  ( 18.00000000000000711, 19.64999999999999858, 19.10000000000000497 ) ) ;
#366 = DIRECTION ( 'NONE',  ( -0.000000000000000000, 1.000000000000000000, 0.000000000000000000 ) ) ;
#367 = ORIENTED_EDGE ( 'NONE', *, *, #2420, .T. ) ;
#368 = CARTESIAN_POINT ( 'NONE',  ( -6.500000000000005329, 2.000000000000000000, -21.09999999999999432 ) ) ;
#369 = ORIENTED_EDGE ( 'NONE', *, *, #1735, .T. ) ;
#370 = ORIENTED_EDGE ( 'NONE', *, *, #2886, .F. ) ;
#371 =( NAMED_UNIT ( * ) SI_UNIT ( $, .STERADIAN. ) SOLID_ANGLE_UNIT ( ) );
#372 = DIRECTION ( 'NONE',  ( -1.000000000000000000, 0.000000000000000000, -0.000000000000000000 ) ) ;
#373 = VECTOR ( 'NONE', #3223, 1000.000000000000000 ) ;
#374 = CARTESIAN_POINT ( 'NONE',  ( -18.00000000000000355, 3.600000000000000089, -18.09999999999999432 ) ) ;
#375 = LINE ( 'NONE', #1419, #2955 ) ;
#376 = EDGE_CURVE ( 'NONE', #2872, #3303, #1178, .T. ) ;
#377 =( BOUNDED_CURVE ( )  B_SPLINE_CURVE ( 3, ( #1791, #2485, #977, #3281 ),
 .UNSPECIFIED., .F., .F. ) 
 B_SPLINE_CURVE_WITH_KNOTS ( ( 4, 4 ),
 ( -5.999999998389366315E-08, 0.003658013549184788681 ),
 .UNSPECIFIED. ) 
 CURVE ( )  GEOMETRIC_REPRESENTATION_ITEM ( )  RATIONAL_B_SPLINE_CURVE ( ( 1.000000000000000000, 0.8047378541243647154, 0.8047378541243647154, 1.000000000000000000 ) ) 
 REPRESENTATION_ITEM ( '' )  );
#378 = ORIENTED_EDGE ( 'NONE', *, *, #1405, .F. ) ;
#379 = CARTESIAN_POINT ( 'NONE',  ( -6.500000000000002665, 3.600000000000000089, 7.600000000000012967 ) ) ;
#380 = FACE_OUTER_BOUND ( 'NONE', #128, .T. ) ;
#381 = DIRECTION ( 'NONE',  ( 0.000000000000000000, -1.000000000000000000, 0.000000000000000000 ) ) ;
#382 = VECTOR ( 'NONE', #607, 1000.000000000000000 ) ;
#383 = EDGE_CURVE ( 'NONE', #1397, #1380, #664, .T. ) ;
#384 = ORIENTED_EDGE ( 'NONE', *, *, #301, .F. ) ;
#385 = CARTESIAN_POINT ( 'NONE',  ( 16.26427947397065665, 21.59410370944288360, 21.10000000000000853 ) ) ;
#386 = ORIENTED_EDGE ( 'NONE', *, *, #2672, .F. ) ;
#387 = ORIENTED_EDGE ( 'NONE', *, *, #317, .T. ) ;
#388 = CARTESIAN_POINT ( 'NONE',  ( -7.000000000000003553, 8.099999999999999645, -2.099999999999994316 ) ) ;
#389 = CARTESIAN_POINT ( 'NONE',  ( 17.99999999999999645, 21.59410370944288715, -19.36427947397064386 ) ) ;
#390 = CARTESIAN_POINT ( 'NONE',  ( 13.59999999999999432, 3.899999999999999911, 20.60000000000001208 ) ) ;
#391 = VECTOR ( 'NONE', #330, 1000.000000000000000 ) ;
#392 = ORIENTED_EDGE ( 'NONE', *, *, #2251, .T. ) ;
#393 = CARTESIAN_POINT ( 'NONE',  ( -17.99999999999999645, 21.59999999999999787, 19.10000000000000497 ) ) ;
#394 = DIRECTION ( 'NONE',  ( 1.000000000000000000, 0.000000000000000000, -1.501925087425806872E-16 ) ) ;
#395 = LINE ( 'NONE', #92, #1441 ) ;
#396 = EDGE_CURVE ( 'NONE', #1257, #457, #226, .T. ) ;
#397 = AXIS2_PLACEMENT_3D ( 'NONE', #1707, #2750, #3027 ) ;
#398 = DIRECTION ( 'NONE',  ( -1.000000000000000000, 0.000000000000000000, 3.016910393003142366E-16 ) ) ;
#399 = ORIENTED_EDGE ( 'NONE', *, *, #2545, .F. ) ;
#400 = LINE ( 'NONE', #2188, #2792 ) ;
#401 = EDGE_LOOP ( 'NONE', ( #3352, #141, #663, #612 ) ) ;
#402 = ADVANCED_FACE ( 'NONE', ( #3054 ), #1772, .F. ) ;
#403 = AXIS2_PLACEMENT_3D ( 'NONE', #878, #2701, #927 ) ;
#404 = AXIS2_PLACEMENT_3D ( 'NONE', #2272, #2846, #1298 ) ;
#405 = ORIENTED_EDGE ( 'NONE', *, *, #1974, .F. ) ;
#406 = CARTESIAN_POINT ( 'NONE',  ( -1.300000000000006040, 6.000000000000000000, 20.60000000000001208 ) ) ;
#407 = CARTESIAN_POINT ( 'NONE',  ( -15.99999999999999645, 21.16400731508066002, 22.11544195096117349 ) ) ;
#408 = LINE ( 'NONE', #2006, #1596 ) ;
#409 = VECTOR ( 'NONE', #2081, 1000.000000000000000 ) ;
#410 = ORIENTED_EDGE ( 'NONE', *, *, #1059, .T. ) ;
#411 = ORIENTED_EDGE ( 'NONE', *, *, #1652, .F. ) ;
#412 = LINE ( 'NONE', #655, #2197 ) ;
#413 = FACE_OUTER_BOUND ( 'NONE', #2541, .T. ) ;
#414 = DIRECTION ( 'NONE',  ( 0.000000000000000000, -1.000000000000000000, -0.000000000000000000 ) ) ;
#415 = VECTOR ( 'NONE', #307, 1000.000000000000000 ) ;
#416 = EDGE_CURVE ( 'NONE', #2964, #2535, #2538, .T. ) ;
#417 = DIRECTION ( 'NONE',  ( 1.000000000000000000, 0.000000000000000000, 0.000000000000000000 ) ) ;
#418 = ORIENTED_EDGE ( 'NONE', *, *, #2480, .T. ) ;
#419 = DIRECTION ( 'NONE',  ( 0.000000000000000000, 1.000000000000000000, 0.000000000000000000 ) ) ;
#420 = ORIENTED_EDGE ( 'NONE', *, *, #2017, .T. ) ;
#421 = ADVANCED_FACE ( 'NONE', ( #936 ), #1734, .T. ) ;
#422 = ORIENTED_EDGE ( 'NONE', *, *, #2517, .F. ) ;
#423 = CARTESIAN_POINT ( 'NONE',  ( 17.73478121244102113, 21.59410370944297952, 20.10371041855304242 ) ) ;
#424 = CARTESIAN_POINT ( 'NONE',  ( 19.99999999999999645, 9.100000000000001421, -15.75000000000000000 ) ) ;
#425 = CARTESIAN_POINT ( 'NONE',  ( 18.40966810795327291, 20.49268122259969260, -19.09999999999999076 ) ) ;
#426 = ORIENTED_EDGE ( 'NONE', *, *, #1575, .T. ) ;
#427 = EDGE_LOOP ( 'NONE', ( #704, #1576, #2270, #887 ) ) ;
#428 = FACE_OUTER_BOUND ( 'NONE', #1061, .T. ) ;
#429 = DIRECTION ( 'NONE',  ( 0.000000000000000000, 0.000000000000000000, -1.000000000000000000 ) ) ;
#430 = CARTESIAN_POINT ( 'NONE',  ( -15.20803989154980407, 8.099999999999999645, -2.099999999999994316 ) ) ;
#431 = DIRECTION ( 'NONE',  ( 0.000000000000000000, 0.000000000000000000, 1.000000000000000000 ) ) ;
#432 = ORIENTED_EDGE ( 'NONE', *, *, #1823, .F. ) ;
#433 = DIRECTION ( 'NONE',  ( 0.000000000000000000, 0.000000000000000000, -1.000000000000000000 ) ) ;
#434 = VERTEX_POINT ( 'NONE', #2061 ) ;
#435 = SURFACE_STYLE_USAGE ( .BOTH. , #1889 ) ;
#436 = ADVANCED_FACE ( 'NONE', ( #3094 ), #241, .T. ) ;
#437 = ORIENTED_EDGE ( 'NONE', *, *, #442, .T. ) ;
#438 = EDGE_CURVE ( 'NONE', #955, #213, #2076, .T. ) ;
#439 = CARTESIAN_POINT ( 'NONE',  ( -18.00000000000000000, 2.892893218813448630, 8.307106781186554656 ) ) ;
#440 = LINE ( 'NONE', #2498, #1398 ) ;
#441 = DIRECTION ( 'NONE',  ( 0.000000000000000000, -1.000000000000000000, 0.000000000000000000 ) ) ;
#442 = EDGE_CURVE ( 'NONE', #2625, #1445, #506, .T. ) ;
#443 = ORIENTED_EDGE ( 'NONE', *, *, #2088, .T. ) ;
#444 = ORIENTED_EDGE ( 'NONE', *, *, #3074, .F. ) ;
#445 = CARTESIAN_POINT ( 'NONE',  ( -12.25000000000000178, 3.599999999999999201, -2.099999999999995648 ) ) ;
#446 = DIRECTION ( 'NONE',  ( 0.000000000000000000, 0.000000000000000000, 1.000000000000000000 ) ) ;
#447 = VECTOR ( 'NONE', #1571, 1000.000000000000000 ) ;
#448 = AXIS2_PLACEMENT_3D ( 'NONE', #3274, #419, #2738 ) ;
#449 = CARTESIAN_POINT ( 'NONE',  ( -6.500000000000005329, 3.600000000000000089, -19.09999999999999787 ) ) ;
#450 = ORIENTED_EDGE ( 'NONE', *, *, #2759, .T. ) ;
#451 = LINE ( 'NONE', #2269, #1605 ) ;
#452 = ORIENTED_EDGE ( 'NONE', *, *, #2613, .F. ) ;
#453 = CARTESIAN_POINT ( 'NONE',  ( -18.44711635226611079, 20.55698864586779706, -19.09999999999996589 ) ) ;
#454 = DIRECTION ( 'NONE',  ( -0.000000000000000000, 1.000000000000000000, -0.000000000000000000 ) ) ;
#455 = ORIENTED_EDGE ( 'NONE', *, *, #2569, .F. ) ;
#456 = DIRECTION ( 'NONE',  ( 0.000000000000000000, 0.000000000000000000, -1.000000000000000000 ) ) ;
#457 = VERTEX_POINT ( 'NONE', #499 ) ;
#458 =( GEOMETRIC_REPRESENTATION_CONTEXT ( 3 ) GLOBAL_UNCERTAINTY_ASSIGNED_CONTEXT ( ( #2921 ) ) GLOBAL_UNIT_ASSIGNED_CONTEXT ( ( #873, #1113, #371 ) ) REPRESENTATION_CONTEXT ( 'NONE', 'WORKASPACE' ) );
#459 = VERTEX_POINT ( 'NONE', #1537 ) ;
#460 = CARTESIAN_POINT ( 'NONE',  ( 15.99999999999999289, 21.59999999999999787, -19.09999999999999076 ) ) ;
#461 = CIRCLE ( 'NONE', #899, 2.000000000000001776 ) ;
#462 = EDGE_CURVE ( 'NONE', #3338, #1698, #1276, .T. ) ;
#463 = DIRECTION ( 'NONE',  ( -0.000000000000000000, 1.000000000000000000, -0.000000000000000000 ) ) ;
#464 = LINE ( 'NONE', #2499, #2679 ) ;
#465 = ORIENTED_EDGE ( 'NONE', *, *, #552, .F. ) ;
#466 = ADVANCED_FACE ( 'NONE', ( #1557 ), #2320, .F. ) ;
#467 = ORIENTED_EDGE ( 'NONE', *, *, #28, .T. ) ;
#468 = CARTESIAN_POINT ( 'NONE',  ( 17.99999999999999645, 2.000000000000001776, -19.09999999999999076 ) ) ;
#469 = AXIS2_PLACEMENT_3D ( 'NONE', #161, #2046, #2025 ) ;
#470 = CARTESIAN_POINT ( 'NONE',  ( 15.99999999999999645, 9.100000000000001421, -14.34999999999999964 ) ) ;
#471 = ORIENTED_EDGE ( 'NONE', *, *, #102, .T. ) ;
#472 = CARTESIAN_POINT ( 'NONE',  ( -17.59024845268390891, 21.27698179471740403, -20.31984028407061871 ) ) ;
#473 = DIRECTION ( 'NONE',  ( 1.000000000000000000, 0.000000000000000000, -1.508455196501571429E-16 ) ) ;
#474 = PLANE ( 'NONE',  #1685 ) ;
#475 =( BOUNDED_CURVE ( )  B_SPLINE_CURVE ( 3, ( #257, #1750, #3330, #1786 ),
 .UNSPECIFIED., .F., .F. ) 
 B_SPLINE_CURVE_WITH_KNOTS ( ( 4, 4 ),
 ( -5.999999998736320274E-08, 0.003658013549184810798 ),
 .UNSPECIFIED. ) 
 CURVE ( )  GEOMETRIC_REPRESENTATION_ITEM ( )  RATIONAL_B_SPLINE_CURVE ( ( 1.000000000000000000, 0.8047378541243649375, 0.8047378541243649375, 1.000000000000000000 ) ) 
 REPRESENTATION_ITEM ( '' )  );
#476 = DIRECTION ( 'NONE',  ( 9.082321863752916905E-17, 0.000000000000000000, 1.000000000000000000 ) ) ;
#477 = ORIENTED_EDGE ( 'NONE', *, *, #2273, .F. ) ;
#478 = DIRECTION ( 'NONE',  ( 0.000000000000000000, -1.000000000000000000, 0.000000000000000000 ) ) ;
#479 = ORIENTED_EDGE ( 'NONE', *, *, #2209, .T. ) ;
#480 = CARTESIAN_POINT ( 'NONE',  ( 18.00000000391096222, 21.27698179471695994, 19.36487634250739376 ) ) ;
#481 = CARTESIAN_POINT ( 'NONE',  ( 16.00000000000000000, 21.16400731508066002, -22.11544195096115573 ) ) ;
#482 = DIRECTION ( 'NONE',  ( -0.000000000000000000, -1.000000000000000000, -0.000000000000000000 ) ) ;
#483 = VERTEX_POINT ( 'NONE', #1101 ) ;
#484 =( NAMED_UNIT ( * ) PLANE_ANGLE_UNIT ( ) SI_UNIT ( $, .RADIAN. ) );
#485 = DIRECTION ( 'NONE',  ( 0.000000000000000000, 0.000000000000000000, 1.000000000000000000 ) ) ;
#486 = TOROIDAL_SURFACE ( 'NONE', #917, 2.400000000000000355, 0.4000000000000000222 ) ;
#487 = EDGE_CURVE ( 'NONE', #1245, #2092, #946, .T. ) ;
#488 = CARTESIAN_POINT ( 'NONE',  ( 16.00000000000000355, 21.24999999999999645, 21.10000000000000853 ) ) ;
#489 = ORIENTED_EDGE ( 'NONE', *, *, #317, .F. ) ;
#490 = TOROIDAL_SURFACE ( 'NONE', #1261, 2.400000000000000355, 0.4000000000000000222 ) ;
#491 = DIRECTION ( 'NONE',  ( -1.084202172485497778E-16, 0.000000000000000000, -1.000000000000000000 ) ) ;
#492 = CARTESIAN_POINT ( 'NONE',  ( -18.00000000000000355, 3.600000000000000089, 8.100000000000006750 ) ) ;
#493 = DIRECTION ( 'NONE',  ( 1.000000000000000000, -0.000000000000000000, -0.000000000000000000 ) ) ;
#494 = FACE_OUTER_BOUND ( 'NONE', #2838, .T. ) ;
#495 = ADVANCED_FACE ( 'NONE', ( #3206 ), #2390, .F. ) ;
#496 = EDGE_LOOP ( 'NONE', ( #55, #443, #791, #3098 ) ) ;
#497 = FACE_OUTER_BOUND ( 'NONE', #1221, .T. ) ;
#498 = ORIENTED_EDGE ( 'NONE', *, *, #2804, .F. ) ;
#499 = CARTESIAN_POINT ( 'NONE',  ( 18.00000000000000000, 8.200000000000002842, -6.449999999999998401 ) ) ;
#500 = DIRECTION ( 'NONE',  ( 1.000000000000000000, -0.000000000000000000, -1.131341397376178572E-16 ) ) ;
#501 = CARTESIAN_POINT ( 'NONE',  ( -15.99999999999999289, 22.00000000000000000, 21.50000000000000711 ) ) ;
#502 = VERTEX_POINT ( 'NONE', #2427 ) ;
#503 = FACE_OUTER_BOUND ( 'NONE', #1646, .T. ) ;
#504 = DIRECTION ( 'NONE',  ( 0.000000000000000000, 0.000000000000000000, -1.000000000000000000 ) ) ;
#505 = CARTESIAN_POINT ( 'NONE',  ( 13.59999999999999432, 3.899999999999999911, 22.60000000000000853 ) ) ;
#506 = CIRCLE ( 'NONE', #2403, 0.5000000000000000000 ) ;
#507 = CARTESIAN_POINT ( 'NONE',  ( -16.88764779070822897, 21.27698179471888906, 20.89705990424763016 ) ) ;
#508 = CARTESIAN_POINT ( 'NONE',  ( -17.00358699025687770, 21.59410370944234003, -20.83485103493474000 ) ) ;
#509 = LINE ( 'NONE', #1312, #658 ) ;
#510 = EDGE_CURVE ( 'NONE', #1360, #1712, #345, .T. ) ;
#511 = LINE ( 'NONE', #2589, #3245 ) ;
#512 = VECTOR ( 'NONE', #1521, 1000.000000000000000 ) ;
#513 = ORIENTED_EDGE ( 'NONE', *, *, #2022, .T. ) ;
#514 = CARTESIAN_POINT ( 'NONE',  ( -16.00000000000000000, 8.099999999999999645, -21.09999999999999432 ) ) ;
#515 = ORIENTED_EDGE ( 'NONE', *, *, #1156, .F. ) ;
#516 = EDGE_CURVE ( 'NONE', #2693, #868, #862, .T. ) ;
#517 = B_SPLINE_CURVE_WITH_KNOTS ( 'NONE', 3,
 ( #2470, #131, #3263, #1954, #2227 ),
 .UNSPECIFIED., .F., .F.,
 ( 4, 1, 4 ),
 ( 0.000000000000000000, 0.3063616363167692702, 0.9162449681765268972 ),
 .UNSPECIFIED. ) ;
#518 = AXIS2_PLACEMENT_3D ( 'NONE', #555, #2839, #1828 ) ;
#519 = VECTOR ( 'NONE', #309, 1000.000000000000000 ) ;
#520 = DIRECTION ( 'NONE',  ( 0.000000000000000000, 0.000000000000000000, 1.000000000000000000 ) ) ;
#521 = CIRCLE ( 'NONE', #2691, 4.000000000000000000 ) ;
#522 = DIRECTION ( 'NONE',  ( -1.000000000000000000, 0.000000000000000000, 1.501925087425806872E-16 ) ) ;
#523 = DIRECTION ( 'NONE',  ( 8.673617379884013384E-15, -1.000000000000000000, 0.000000000000000000 ) ) ;
#524 = ORIENTED_EDGE ( 'NONE', *, *, #2569, .T. ) ;
#525 = CARTESIAN_POINT ( 'NONE',  ( -17.50000000000000000, 8.099999999999999645, -18.59999999999999432 ) ) ;
#526 = AXIS2_PLACEMENT_3D ( 'NONE', #2106, #3155, #2897 ) ;
#527 = CARTESIAN_POINT ( 'NONE',  ( -17.94841790856991892, 21.59410370944178581, 19.62255677096410977 ) ) ;
#528 = AXIS2_PLACEMENT_3D ( 'NONE', #1459, #724, #431 ) ;
#529 = DIRECTION ( 'NONE',  ( 0.000000000000000000, -1.000000000000000000, 0.000000000000000000 ) ) ;
#530 = CARTESIAN_POINT ( 'NONE',  ( -17.21969343708516931, 21.27698179471942197, -20.69035935577037222 ) ) ;
#531 = CARTESIAN_POINT ( 'NONE',  ( 15.99999999999999289, 21.59999999999999787, -21.09999999999999432 ) ) ;
#532 = DIRECTION ( 'NONE',  ( 1.501925087425806872E-16, 0.000000000000000000, 1.000000000000000000 ) ) ;
#533 = VECTOR ( 'NONE', #3233, 1000.000000000000000 ) ;
#534 = EDGE_CURVE ( 'NONE', #660, #93, #2664, .T. ) ;
#535 = ORIENTED_EDGE ( 'NONE', *, *, #1952, .F. ) ;
#536 = CARTESIAN_POINT ( 'NONE',  ( -12.25000000000000178, 3.599999999999999201, 0.3999999999999988565 ) ) ;
#537 = ORIENTED_EDGE ( 'NONE', *, *, #824, .F. ) ;
#538 = EDGE_CURVE ( 'NONE', #3241, #2055, #2133, .T. ) ;
#539 = CARTESIAN_POINT ( 'NONE',  ( -12.25000000000000355, -18.47374005464410374, -18.59999999999999787 ) ) ;
#540 = ORIENTED_EDGE ( 'NONE', *, *, #2393, .T. ) ;
#541 = CARTESIAN_POINT ( 'NONE',  ( -16.00000000000000000, 21.59410370944288005, -21.09999999999999432 ) ) ;
#542 = CARTESIAN_POINT ( 'NONE',  ( 16.00000000000000000, 21.59410370944292623, -21.49999999999979039 ) ) ;
#543 = CARTESIAN_POINT ( 'NONE',  ( -17.15866437604052663, 21.20464809190599809, 21.10259871168684143 ) ) ;
#544 = FACE_OUTER_BOUND ( 'NONE', #2421, .T. ) ;
#545 = DIRECTION ( 'NONE',  ( 1.000000000000000000, 0.000000000000000000, -1.084202172485504434E-16 ) ) ;
#546 = CARTESIAN_POINT ( 'NONE',  ( -15.99999999999999645, 20.49268122259969260, 21.50966810795328144 ) ) ;
#547 = VECTOR ( 'NONE', #545, 1000.000000000000000 ) ;
#548 = VERTEX_POINT ( 'NONE', #2925 ) ;
#549 = CARTESIAN_POINT ( 'NONE',  ( -19.99999999999999645, 0.000000000000000000, 23.10000000000000853 ) ) ;
#550 = VERTEX_POINT ( 'NONE', #2406 ) ;
#551 = CARTESIAN_POINT ( 'NONE',  ( 0.000000000000000000, 19.64999999999999858, -21.09999999999999432 ) ) ;
#552 = EDGE_CURVE ( 'NONE', #2228, #974, #2860, .T. ) ;
#553 = CARTESIAN_POINT ( 'NONE',  ( 0.000000000000000000, 2.000000000000000000, 0.000000000000000000 ) ) ;
#554 = ORIENTED_EDGE ( 'NONE', *, *, #2, .F. ) ;
#555 = CARTESIAN_POINT ( 'NONE',  ( -15.20803989154980407, -18.47374005464410374, -1.599999999999994316 ) ) ;
#556 = CARTESIAN_POINT ( 'NONE',  ( -6.500000000000002665, 8.099999999999999645, -2.099999999999994316 ) ) ;
#557 = ADVANCED_FACE ( 'NONE', ( #3186 ), #845, .T. ) ;
#558 = CARTESIAN_POINT ( 'NONE',  ( -17.00371041855267507, 21.59410370944378954, 20.83478121244127479 ) ) ;
#559 = CARTESIAN_POINT ( 'NONE',  ( -16.26501320210984858, 21.59410370945224855, -21.09999999999999432 ) ) ;
#560 = CARTESIAN_POINT ( 'NONE',  ( -1.300000000000005818, 3.899999999999999911, 21.60000000000000853 ) ) ;
#561 = FACE_OUTER_BOUND ( 'NONE', #957, .T. ) ;
#562 = ORIENTED_EDGE ( 'NONE', *, *, #3140, .F. ) ;
#563 = CARTESIAN_POINT ( 'NONE',  ( -17.00959128337847304, 21.59410370944292623, 20.84643234771806064 ) ) ;
#564 = VERTEX_POINT ( 'NONE', #604 ) ;
#565 = VECTOR ( 'NONE', #478, 1000.000000000000000 ) ;
#566 = CARTESIAN_POINT ( 'NONE',  ( 0.000000000000000000, 21.59410370944288005, -21.49999999999999289 ) ) ;
#567 = CIRCLE ( 'NONE', #1060, 0.4000000000000010214 ) ;
#568 = DIRECTION ( 'NONE',  ( 0.000000000000000000, 1.000000000000000000, 0.000000000000000000 ) ) ;
#569 = DIRECTION ( 'NONE',  ( 0.000000000000000000, -1.000000000000000000, 0.000000000000000000 ) ) ;
#570 = ADVANCED_FACE ( 'NONE', ( #1904 ), #1586, .F. ) ;
#571 = CYLINDRICAL_SURFACE ( 'NONE', #2101, 0.5000000000000004441 ) ;
#572 = ADVANCED_FACE ( 'NONE', ( #2643 ), #333, .T. ) ;
#573 = AXIS2_PLACEMENT_3D ( 'NONE', #1764, #251, #1238 ) ;
#574 = DIRECTION ( 'NONE',  ( -0.000000000000000000, 1.000000000000000000, 0.000000000000000000 ) ) ;
#575 = CARTESIAN_POINT ( 'NONE',  ( 17.74053353254504373, 21.20464809174644571, -20.62453870176310389 ) ) ;
#576 = CARTESIAN_POINT ( 'NONE',  ( -18.00000000000000355, 22.00000000000000000, -23.09999999999999432 ) ) ;
#577 = CIRCLE ( 'NONE', #1657, 0.5000000000000004441 ) ;
#578 = CARTESIAN_POINT ( 'NONE',  ( 16.00000000000000000, 19.64999999999999858, -21.09999999999999787 ) ) ;
#579 = ORIENTED_EDGE ( 'NONE', *, *, #1463, .T. ) ;
#580 = CARTESIAN_POINT ( 'NONE',  ( 16.00000000000000355, 0.000000000000000000, 19.10000000000000497 ) ) ;
#581 = EDGE_LOOP ( 'NONE', ( #1159, #2038, #1507, #3033, #540, #1527, #2981, #2989 ) ) ;
#582 = CARTESIAN_POINT ( 'NONE',  ( -18.00000000000000355, 3.600000000000000089, -2.599999999999994760 ) ) ;
#583 = CARTESIAN_POINT ( 'NONE',  ( 18.00000000000000355, 21.59999999999999787, 19.10000000000000497 ) ) ;
#584 =( BOUNDED_SURFACE ( )  B_SPLINE_SURFACE ( 3, 2, ( 
 ( #2605, #1997, #3064 ),
 ( #1528, #230, #1042 ),
 ( #766, #269, #780 ),
 ( #1816, #1277, #2548 ),
 ( #726, #2310, #3363 ),
 ( #2808, #472, #212 ),
 ( #1798, #1256, #2865 ),
 ( #2289, #3344, #1006 ),
 ( #2033, #530, #747 ),
 ( #1567, #2844, #508 ),
 ( #1550, #283, #606 ),
 ( #1311, #2408, #2941 ),
 ( #2682, #1353, #559 ),
 ( #2346, #2620, #1879 ) ),
 .UNSPECIFIED., .F., .F., .F. ) 
 B_SPLINE_SURFACE_WITH_KNOTS ( ( 4, 2, 2, 2, 2, 2, 4 ),
 ( 3, 3 ),
 ( 0.001415333446682362061, 0.002353906421088458600, 0.002823192908291506653, 0.003292479395494554706, 0.003761765882697602759, 0.004231052369900650811, 0.005169625344306746917 ),
 ( 0.000000000000000000, 1.000000000000000000 ),
 .UNSPECIFIED. ) 
 GEOMETRIC_REPRESENTATION_ITEM ( )  RATIONAL_B_SPLINE_SURFACE ( (
 ( 1.000000000000000000, 0.7836116083063061621, 1.000000000000000000),
 ( 1.000000000000000000, 0.7836116083063061621, 1.000000000000000000),
 ( 1.000000000000000000, 0.7836116083063012772, 1.000000000000000000),
 ( 1.000000000000000000, 0.7836116083063012772, 1.000000000000000000),
 ( 1.000000000000000000, 0.7836116083060742366, 1.000000000000000000),
 ( 1.000000000000000000, 0.7836116083060742366, 1.000000000000000000),
 ( 1.000000000000000000, 0.7836116083062997228, 1.000000000000000000),
 ( 1.000000000000000000, 0.7836116083062997228, 1.000000000000000000),
 ( 1.000000000000000000, 0.7836116083062930615, 1.000000000000000000),
 ( 1.000000000000000000, 0.7836116083062930615, 1.000000000000000000),
 ( 1.000000000000000000, 0.7836116083062989457, 1.000000000000000000),
 ( 1.000000000000000000, 0.7836116083062989457, 1.000000000000000000),
 ( 1.000000000000000000, 0.7836116083063114912, 1.000000000000000000),
 ( 1.000000000000000000, 0.7836116083063114912, 1.000000000000000000) ) ) 
 REPRESENTATION_ITEM ( '' )  SURFACE ( )  );
#585 = LINE ( 'NONE', #323, #66 ) ;
#586 = FACE_OUTER_BOUND ( 'NONE', #870, .T. ) ;
#587 = EDGE_CURVE ( 'NONE', #916, #1698, #1603, .T. ) ;
#588 = B_SPLINE_CURVE_WITH_KNOTS ( 'NONE', 3,
 ( #2303, #3097, #757, #3071, #2335 ),
 .UNSPECIFIED., .F., .F.,
 ( 4, 1, 4 ),
 ( 0.000000000000000000, 0.3063616363167692702, 0.9162449681765268972 ),
 .UNSPECIFIED. ) ;
#589 = CARTESIAN_POINT ( 'NONE',  ( -19.99999999999999645, 2.000000000000000000, 21.10000000000000853 ) ) ;
#590 = CARTESIAN_POINT ( 'NONE',  ( 17.21984028399392130, 21.59410370944271307, -20.69024845256836187 ) ) ;
#591 = DIRECTION ( 'NONE',  ( 1.000000000000000000, 0.000000000000000000, -0.000000000000000000 ) ) ;
#592 = B_SPLINE_CURVE_WITH_KNOTS ( 'NONE', 3,
 ( #1866, #2944, #546, #830, #349 ),
 .UNSPECIFIED., .F., .F.,
 ( 4, 1, 4 ),
 ( 0.000000000000000000, 0.3063616363167692702, 0.9162449681765283405 ),
 .UNSPECIFIED. ) ;
#593 = EDGE_CURVE ( 'NONE', #2974, #3338, #2369, .T. ) ;
#594 = ORIENTED_EDGE ( 'NONE', *, *, #2909, .T. ) ;
#595 = DIRECTION ( 'NONE',  ( 0.000000000000000000, 1.000000000000000000, 0.000000000000000000 ) ) ;
#596 = EDGE_LOOP ( 'NONE', ( #3259, #554, #2773, #2259, #1510, #719, #900, #1010 ) ) ;
#597 = EDGE_CURVE ( 'NONE', #2336, #660, #2162, .T. ) ;
#598 = LINE ( 'NONE', #2918, #674 ) ;
#599 = ORIENTED_EDGE ( 'NONE', *, *, #1666, .F. ) ;
#600 = CARTESIAN_POINT ( 'NONE',  ( 18.00000000000000711, 21.24999999999999645, -19.09999999999999076 ) ) ;
#601 = LINE ( 'NONE', #2709, #1216 ) ;
#602 = LINE ( 'NONE', #2907, #1880 ) ;
#603 = DIRECTION ( 'NONE',  ( 0.000000000000000000, 1.000000000000000000, 0.000000000000000000 ) ) ;
#604 = CARTESIAN_POINT ( 'NONE',  ( -16.00000000000000000, 19.64999999999999858, -21.09999999999999432 ) ) ;
#605 = ORIENTED_EDGE ( 'NONE', *, *, #2460, .T. ) ;
#606 = CARTESIAN_POINT ( 'NONE',  ( -16.88758547763838891, 21.59410370944260649, -20.89709251325981754 ) ) ;
#607 = DIRECTION ( 'NONE',  ( 0.000000000000000000, -1.000000000000000000, 0.000000000000000000 ) ) ;
#608 = CARTESIAN_POINT ( 'NONE',  ( 18.00000000000000711, 19.64999999999999503, -20.27157287525380625 ) ) ;
#609 = ADVANCED_FACE ( 'NONE', ( #1082 ), #2581, .T. ) ;
#610 = ORIENTED_EDGE ( 'NONE', *, *, #2886, .T. ) ;
#611 = CARTESIAN_POINT ( 'NONE',  ( -18.00000000000000355, 8.099999999999999645, -18.09999999999999432 ) ) ;
#612 = ORIENTED_EDGE ( 'NONE', *, *, #282, .F. ) ;
#613 = EDGE_CURVE ( 'NONE', #502, #3014, #2138, .T. ) ;
#614 = EDGE_LOOP ( 'NONE', ( #174, #2141, #3207, #1036 ) ) ;
#615 = CARTESIAN_POINT ( 'NONE',  ( 19.01544195096117207, 21.16400731508066002, 19.10000000000000497 ) ) ;
#616 = CIRCLE ( 'NONE', #338, 2.000000000000001776 ) ;
#617 = CARTESIAN_POINT ( 'NONE',  ( -18.00000000000000355, 19.78918494657904859, 20.27157287525381690 ) ) ;
#618 = CARTESIAN_POINT ( 'NONE',  ( -15.99999999999999645, 19.64999999999999858, 21.10000000000001208 ) ) ;
#619 = CARTESIAN_POINT ( 'NONE',  ( -1.300000000000005818, 3.899999999999999911, 20.60000000000001208 ) ) ;
#620 = AXIS2_PLACEMENT_3D ( 'NONE', #2582, #2616, #2371 ) ;
#621 = EDGE_LOOP ( 'NONE', ( #681, #2708, #304, #219 ) ) ;
#622 = VECTOR ( 'NONE', #1944, 1000.000000000000000 ) ;
#623 = FACE_OUTER_BOUND ( 'NONE', #3043, .T. ) ;
#624 = DIRECTION ( 'NONE',  ( -0.000000000000000000, 1.000000000000000000, -0.000000000000000000 ) ) ;
#625 = CARTESIAN_POINT ( 'NONE',  ( 20.00000000000000355, 2.000000000000000000, 19.10000000000000497 ) ) ;
#626 = CIRCLE ( 'NONE', #2525, 0.4000000000000010214 ) ;
#627 = ORIENTED_EDGE ( 'NONE', *, *, #2734, .F. ) ;
#628 = DIRECTION ( 'NONE',  ( 1.000000000000000000, 0.000000000000000000, -1.508455196501571429E-16 ) ) ;
#629 = ORIENTED_EDGE ( 'NONE', *, *, #383, .F. ) ;
#630 = VECTOR ( 'NONE', #2398, 1000.000000000000000 ) ;
#631 = ORIENTED_EDGE ( 'NONE', *, *, #885, .T. ) ;
#632 = CARTESIAN_POINT ( 'NONE',  ( 18.00000000000001066, 19.64999999999999858, 19.10000000000000497 ) ) ;
#633 = EDGE_CURVE ( 'NONE', #457, #2078, #598, .T. ) ;
#634 = DIRECTION ( 'NONE',  ( 0.000000000000000000, 0.000000000000000000, -1.000000000000000000 ) ) ;
#635 = PLANE ( 'NONE',  #2430 ) ;
#636 = CARTESIAN_POINT ( 'NONE',  ( -20.00000000000000355, 0.000000000000000000, -23.09999999999999432 ) ) ;
#637 = ADVANCED_FACE ( 'NONE', ( #2095 ), #2018, .T. ) ;
#638 = ORIENTED_EDGE ( 'NONE', *, *, #2948, .T. ) ;
#639 = CARTESIAN_POINT ( 'NONE',  ( 17.99999999999999289, 21.59410370944288005, -19.09999999999999076 ) ) ;
#640 = DIRECTION ( 'NONE',  ( 1.000000000000000000, -0.000000000000000000, -1.508455196501571429E-16 ) ) ;
#641 = DIRECTION ( 'NONE',  ( 0.000000000000000000, 0.000000000000000000, 1.000000000000000000 ) ) ;
#642 = VERTEX_POINT ( 'NONE', #582 ) ;
#643 = DIRECTION ( 'NONE',  ( 0.000000000000000000, 0.000000000000000000, 1.000000000000000000 ) ) ;
#644 = ORIENTED_EDGE ( 'NONE', *, *, #3380, .F. ) ;
#645 = CIRCLE ( 'NONE', #2552, 0.5000000000000004441 ) ;
#646 = B_SPLINE_CURVE_WITH_KNOTS ( 'NONE', 3,
 ( #807, #2887, #1096, #3178, #1442 ),
 .UNSPECIFIED., .F., .F.,
 ( 4, 1, 4 ),
 ( 0.000000000000000000, 0.3063616363167692702, 0.9162449681765262310 ),
 .UNSPECIFIED. ) ;
#647 = ORIENTED_EDGE ( 'NONE', *, *, #1075, .F. ) ;
#648 = CARTESIAN_POINT ( 'NONE',  ( -19.99999999999999645, 22.00000000000000000, 21.10000000000000853 ) ) ;
#649 = AXIS2_PLACEMENT_3D ( 'NONE', #576, #1123, #1391 ) ;
#650 = EDGE_CURVE ( 'NONE', #919, #3024, #796, .T. ) ;
#651 = DIRECTION ( 'NONE',  ( -0.000000000000000000, 1.000000000000000000, -0.000000000000000000 ) ) ;
#652 = LINE ( 'NONE', #2425, #1372 ) ;
#653 = EDGE_CURVE ( 'NONE', #2715, #2495, #1840, .T. ) ;
#654 = ORIENTED_EDGE ( 'NONE', *, *, #2906, .F. ) ;
#655 = CARTESIAN_POINT ( 'NONE',  ( -6.500000000000002665, 8.099999999999999645, -18.59999999999999787 ) ) ;
#656 = CARTESIAN_POINT ( 'NONE',  ( 20.00000000000000000, 9.100000000000001421, -6.449999999999999289 ) ) ;
#657 = CARTESIAN_POINT ( 'NONE',  ( 16.00000000000000000, 21.59999999999999787, 19.10000000000000497 ) ) ;
#658 = VECTOR ( 'NONE', #749, 1000.000000000000000 ) ;
#659 = DIRECTION ( 'NONE',  ( -0.000000000000000000, -1.000000000000000000, -0.000000000000000000 ) ) ;
#660 = VERTEX_POINT ( 'NONE', #855 ) ;
#661 = DIRECTION ( 'NONE',  ( 0.000000000000000000, 1.000000000000000000, 0.000000000000000000 ) ) ;
#662 = ORIENTED_EDGE ( 'NONE', *, *, #1709, .F. ) ;
#663 = ORIENTED_EDGE ( 'NONE', *, *, #1670, .T. ) ;
#664 = CIRCLE ( 'NONE', #2131, 2.000000000000001776 ) ;
#665 = DIRECTION ( 'NONE',  ( 0.000000000000000000, 1.000000000000000000, 0.000000000000000000 ) ) ;
#666 = CARTESIAN_POINT ( 'NONE',  ( 17.00959128337846948, 21.59410370944291557, -20.84643234771804643 ) ) ;
#667 = LINE ( 'NONE', #362, #1809 ) ;
#668 = AXIS2_PLACEMENT_3D ( 'NONE', #1367, #2151, #860 ) ;
#669 = ORIENTED_EDGE ( 'NONE', *, *, #264, .F. ) ;
#670 = EDGE_CURVE ( 'NONE', #1146, #2416, #2426, .T. ) ;
#671 = VERTEX_POINT ( 'NONE', #11 ) ;
#672 = CARTESIAN_POINT ( 'NONE',  ( 17.94841791165536549, 21.27698179471973106, -19.62255677224402106 ) ) ;
#673 = LINE ( 'NONE', #2443, #2723 ) ;
#674 = VECTOR ( 'NONE', #2418, 1000.000000000000000 ) ;
#675 = LINE ( 'NONE', #691, #3298 ) ;
#676 = EDGE_CURVE ( 'NONE', #159, #1600, #1066, .T. ) ;
#677 = DIRECTION ( 'NONE',  ( -0.000000000000000000, 1.000000000000000000, -0.000000000000000000 ) ) ;
#678 = EDGE_LOOP ( 'NONE', ( #3246, #2756, #356, #3314, #467, #931, #2891, #184, #3110, #1740, #2760, #3126, #1306, #638 ) ) ;
#679 = LINE ( 'NONE', #1713, #3129 ) ;
#680 = ORIENTED_EDGE ( 'NONE', *, *, #1952, .T. ) ;
#681 = ORIENTED_EDGE ( 'NONE', *, *, #941, .T. ) ;
#682 = DIRECTION ( 'NONE',  ( -1.000000000000000000, 0.000000000000000000, 1.501925087425806872E-16 ) ) ;
#683 = CARTESIAN_POINT ( 'NONE',  ( 15.99999999999999289, 21.59410370944288360, -21.09999999999999432 ) ) ;
#684 = CYLINDRICAL_SURFACE ( 'NONE', #2461, 4.000000000000000000 ) ;
#685 = CIRCLE ( 'NONE', #2597, 0.5000000000000004441 ) ;
#686 = ORIENTED_EDGE ( 'NONE', *, *, #416, .T. ) ;
#687 = ORIENTED_EDGE ( 'NONE', *, *, #2066, .T. ) ;
#688 = LINE ( 'NONE', #1456, #1014 ) ;
#689 = DIRECTION ( 'NONE',  ( 0.000000000000000000, -1.000000000000000000, 0.000000000000000000 ) ) ;
#690 = EDGE_CURVE ( 'NONE', #1020, #2414, #3146, .T. ) ;
#691 = CARTESIAN_POINT ( 'NONE',  ( -6.500000000000003553, 3.600000000000000089, 2.900000000000006573 ) ) ;
#692 = CARTESIAN_POINT ( 'NONE',  ( -16.00000000000000000, 21.59410370944288005, -21.09999999999999432 ) ) ;
#693 = VERTEX_POINT ( 'NONE', #2933 ) ;
#694 = DIRECTION ( 'NONE',  ( 1.032573497605242347E-16, -1.000000000000000000, -0.000000000000000000 ) ) ;
#695 = ORIENTED_EDGE ( 'NONE', *, *, #487, .F. ) ;
#696 = EDGE_CURVE ( 'NONE', #786, #2859, #646, .T. ) ;
#697 = CARTESIAN_POINT ( 'NONE',  ( 19.01544195096116852, 21.16400731508066002, -19.09999999999999076 ) ) ;
#698 = ADVANCED_FACE ( 'NONE', ( #138 ), #1779, .F. ) ;
#699 = ORIENTED_EDGE ( 'NONE', *, *, #990, .T. ) ;
#700 = CARTESIAN_POINT ( 'NONE',  ( 17.94837396169925015, 21.59410370944397073, 19.62269544733767290 ) ) ;
#701 = DIRECTION ( 'NONE',  ( 1.000000000000000000, -0.000000000000000000, -1.508455196501571429E-16 ) ) ;
#702 = LINE ( 'NONE', #961, #512 ) ;
#703 = VERTEX_POINT ( 'NONE', #449 ) ;
#704 = ORIENTED_EDGE ( 'NONE', *, *, #593, .F. ) ;
#705 = CARTESIAN_POINT ( 'NONE',  ( -15.99999999999999645, 21.20464809186998778, 21.40876227786208830 ) ) ;
#706 = DIRECTION ( 'NONE',  ( 0.000000000000000000, 0.000000000000000000, -1.000000000000000000 ) ) ;
#707 = EDGE_LOOP ( 'NONE', ( #758, #3079, #1900, #1517 ) ) ;
#708 = DIRECTION ( 'NONE',  ( 0.000000000000000000, 0.000000000000000000, 1.000000000000000000 ) ) ;
#709 = DIRECTION ( 'NONE',  ( 0.000000000000000000, 0.000000000000000000, 1.000000000000000000 ) ) ;
#710 =( BOUNDED_SURFACE ( )  B_SPLINE_SURFACE ( 3, 3, ( 
 ( #1551, #270, #2086, #2588 ),
 ( #2071, #3120, #1278, #252 ),
 ( #2845, #2332, #3088, #453 ),
 ( #2606, #2568, #728, #3364 ),
 ( #1240, #214, #1495, #782 ) ),
 .UNSPECIFIED., .F., .F., .F. ) 
 B_SPLINE_SURFACE_WITH_KNOTS ( ( 4, 1, 4 ),
 ( 4, 4 ),
 ( 0.000000000000000000, 0.3063616363167692702, 1.000000000000000000 ),
 ( 0.000000000000000000, 1.000000000000000000 ),
 .UNSPECIFIED. ) 
 GEOMETRIC_REPRESENTATION_ITEM ( )  RATIONAL_B_SPLINE_SURFACE ( (
 ( 1.000000000000000000, 0.8047378541243647154, 0.8047378541243647154, 1.000000000000000000),
 ( 1.000000000000000000, 0.8047378541243647154, 0.8047378541243647154, 1.000000000000000000),
 ( 1.000000000000000000, 0.8047378541243647154, 0.8047378541243647154, 1.000000000000000000),
 ( 1.000000000000000000, 0.8047378541243647154, 0.8047378541243647154, 1.000000000000000000),
 ( 1.000000000000000000, 0.8047378541243647154, 0.8047378541243647154, 1.000000000000000000) ) ) 
 REPRESENTATION_ITEM ( '' )  SURFACE ( )  );
#711 = LINE ( 'NONE', #2789, #1768 ) ;
#712 = ORIENTED_EDGE ( 'NONE', *, *, #3052, .F. ) ;
#713 = EDGE_CURVE ( 'NONE', #1237, #2934, #1491, .T. ) ;
#714 = VERTEX_POINT ( 'NONE', #209 ) ;
#715 = EDGE_CURVE ( 'NONE', #2974, #916, #2097, .T. ) ;
#716 = DIRECTION ( 'NONE',  ( 0.000000000000000000, 0.000000000000000000, 1.000000000000000000 ) ) ;
#717 = CARTESIAN_POINT ( 'NONE',  ( 16.00000000000000000, 2.000000000000000000, -19.09999999999999432 ) ) ;
#718 = CARTESIAN_POINT ( 'NONE',  ( 18.00000000000000711, 19.64999999999999858, -19.09999999999999076 ) ) ;
#719 = ORIENTED_EDGE ( 'NONE', *, *, #3100, .F. ) ;
#720 = EDGE_LOOP ( 'NONE', ( #444, #883, #2028, #3308 ) ) ;
#721 = FACE_OUTER_BOUND ( 'NONE', #1630, .T. ) ;
#722 = AXIS2_PLACEMENT_3D ( 'NONE', #1770, #3386, #3143 ) ;
#723 = AXIS2_PLACEMENT_3D ( 'NONE', #2706, #2463, #2508 ) ;
#724 = DIRECTION ( 'NONE',  ( 0.000000000000000000, 1.000000000000000000, 0.000000000000000000 ) ) ;
#725 = ORIENTED_EDGE ( 'NONE', *, *, #2542, .T. ) ;
#726 = CARTESIAN_POINT ( 'NONE',  ( -18.00259871168719883, 21.20464809190585953, -20.25866437604110359 ) ) ;
#727 = DIRECTION ( 'NONE',  ( 0.000000000000000000, 0.000000000000000000, -1.000000000000000000 ) ) ;
#728 = CARTESIAN_POINT ( 'NONE',  ( -19.01544195096118273, 21.16400731508066357, -20.86640499832423146 ) ) ;
#729 = CARTESIAN_POINT ( 'NONE',  ( 18.39999999999978897, 21.59410370944292623, -19.09999999999999076 ) ) ;
#730 =( BOUNDED_SURFACE ( )  B_SPLINE_SURFACE ( 3, 2, ( 
 ( #310, #2665, #1611 ),
 ( #50, #1102, #2880 ),
 ( #1863, #3188, #2910 ),
 ( #847, #20, #1073 ),
 ( #2104, #3170, #814 ),
 ( #2926, #1848, #590 ),
 ( #326, #2376, #2119 ),
 ( #575, #1369, #2182 ),
 ( #1167, #1659, #1943 ),
 ( #2170, #3237, #2429 ),
 ( #150, #1140, #2230 ),
 ( #1673, #672, #90 ),
 ( #3251, #118, #1390 ),
 ( #1929, #2472, #639 ) ),
 .UNSPECIFIED., .F., .F., .F. ) 
 B_SPLINE_SURFACE_WITH_KNOTS ( ( 4, 2, 2, 2, 2, 2, 4 ),
 ( 3, 3 ),
 ( 0.001415333446682403695, 0.002353906421088495897, 0.002823192908291542215, 0.003292479395494588533, 0.003761765882697634851, 0.004231052369900681169, 0.005169625344306773805 ),
 ( 0.000000000000000000, 1.000000000000000000 ),
 .UNSPECIFIED. ) 
 GEOMETRIC_REPRESENTATION_ITEM ( )  RATIONAL_B_SPLINE_SURFACE ( (
 ( 1.000000000000000000, 0.7836116083063114912, 1.000000000000000000),
 ( 1.000000000000000000, 0.7836116083063114912, 1.000000000000000000),
 ( 1.000000000000000000, 0.7836116083063002780, 1.000000000000000000),
 ( 1.000000000000000000, 0.7836116083063002780, 1.000000000000000000),
 ( 1.000000000000000000, 0.7836116083060634674, 1.000000000000000000),
 ( 1.000000000000000000, 0.7836116083060634674, 1.000000000000000000),
 ( 1.000000000000000000, 0.7836116083063057181, 1.000000000000000000),
 ( 1.000000000000000000, 0.7836116083063057181, 1.000000000000000000),
 ( 1.000000000000000000, 0.7836116083062972804, 1.000000000000000000),
 ( 1.000000000000000000, 0.7836116083062972804, 1.000000000000000000),
 ( 1.000000000000000000, 0.7836116083063078275, 1.000000000000000000),
 ( 1.000000000000000000, 0.7836116083063078275, 1.000000000000000000),
 ( 1.000000000000000000, 0.7836116083063030535, 1.000000000000000000),
 ( 1.000000000000000000, 0.7836116083063030535, 1.000000000000000000) ) ) 
 REPRESENTATION_ITEM ( '' )  SURFACE ( )  );
#731 = ORIENTED_EDGE ( 'NONE', *, *, #2420, .F. ) ;
#732 = CARTESIAN_POINT ( 'NONE',  ( -17.49999999999999645, 3.600000000000000089, -2.099999999999994316 ) ) ;
#733 = ORIENTED_EDGE ( 'NONE', *, *, #2909, .F. ) ;
#734 = VECTOR ( 'NONE', #532, 1000.000000000000000 ) ;
#735 = ADVANCED_FACE ( 'NONE', ( #2476 ), #3290, .F. ) ;
#736 = DIRECTION ( 'NONE',  ( 0.000000000000000000, 0.000000000000000000, 1.000000000000000000 ) ) ;
#737 = VECTOR ( 'NONE', #2928, 1000.000000000000000 ) ;
#738 = CARTESIAN_POINT ( 'NONE',  ( -16.00000000000000000, 21.59999999999999787, -19.09999999999999076 ) ) ;
#739 = EDGE_CURVE ( 'NONE', #1932, #1662, #959, .T. ) ;
#740 = CARTESIAN_POINT ( 'NONE',  ( -20.00000000000000355, 22.00000000000000000, -23.09999999999999432 ) ) ;
#741 = EDGE_LOOP ( 'NONE', ( #872, #2399, #2659, #1724, #2656 ) ) ;
#742 = ORIENTED_EDGE ( 'NONE', *, *, #2359, .T. ) ;
#743 = CARTESIAN_POINT ( 'NONE',  ( 18.40000000000000213, 21.59410370944288360, 19.10000000000000497 ) ) ;
#744 = EDGE_CURVE ( 'NONE', #1128, #2859, #132, .T. ) ;
#745 = CARTESIAN_POINT ( 'NONE',  ( -16.00000000000000000, 21.59999999999999787, -21.09999999999999432 ) ) ;
#746 = ORIENTED_EDGE ( 'NONE', *, *, #1446, .F. ) ;
#747 = CARTESIAN_POINT ( 'NONE',  ( -17.21969343701185906, 21.59410370944342361, -20.69035935566060047 ) ) ;
#748 = CARTESIAN_POINT ( 'NONE',  ( 20.00000000000000000, 8.200000000000002842, -7.849999999999999645 ) ) ;
#749 = DIRECTION ( 'NONE',  ( -0.000000000000000000, 1.000000000000000000, 0.000000000000000000 ) ) ;
#750 = LINE ( 'NONE', #1767, #734 ) ;
#751 = EDGE_LOOP ( 'NONE', ( #686, #2571, #3322, #3042 ) ) ;
#752 = DIRECTION ( 'NONE',  ( 1.000000000000000000, -0.000000000000000000, -0.000000000000000000 ) ) ;
#753 = ORIENTED_EDGE ( 'NONE', *, *, #1652, .T. ) ;
#754 = B_SPLINE_CURVE_WITH_KNOTS ( 'NONE', 3,
 ( #683, #130, #2726, #666, #1701, #1939, #1179, #2166, #389, #1953 ),
 .UNSPECIFIED., .F., .F.,
 ( 4, 2, 2, 2, 4 ),
 ( 0.000000000000000000, 0.0007921336859806377313, 0.001584267371961275463, 0.002376401057941913194, 0.003168534743922550925 ),
 .UNSPECIFIED. ) ;
#755 = DIRECTION ( 'NONE',  ( -0.000000000000000000, -1.000000000000000000, -0.000000000000000000 ) ) ;
#756 = CARTESIAN_POINT ( 'NONE',  ( 16.00000000000000000, 21.24999999999999645, -21.09999999999999432 ) ) ;
#757 = CARTESIAN_POINT ( 'NONE',  ( -18.40966810795326936, 20.49268122259968905, 19.10000000000000142 ) ) ;
#758 = ORIENTED_EDGE ( 'NONE', *, *, #3380, .T. ) ;
#759 = FACE_OUTER_BOUND ( 'NONE', #1345, .T. ) ;
#760 = ADVANCED_FACE ( 'NONE', ( #950 ), #1236, .F. ) ;
#761 = DIRECTION ( 'NONE',  ( -0.000000000000000000, -1.000000000000000000, -0.000000000000000000 ) ) ;
#762 = CARTESIAN_POINT ( 'NONE',  ( -18.24921688778245965, 21.20464809101421721, 19.70322968182195567 ) ) ;
#763 = VECTOR ( 'NONE', #1743, 1000.000000000000000 ) ;
#764 = ADVANCED_FACE ( 'NONE', ( #3272 ), #2785, .T. ) ;
#765 = CARTESIAN_POINT ( 'NONE',  ( 16.00000000000000355, 21.16400731508066002, 22.11544195096116994 ) ) ;
#766 = CARTESIAN_POINT ( 'NONE',  ( -18.24916615626594307, 21.20464809103406623, -19.70338976717871304 ) ) ;
#767 = PLANE ( 'NONE',  #3270 ) ;
#768 = CARTESIAN_POINT ( 'NONE',  ( 0.000000000000000000, 8.099999999999999645, 0.000000000000000000 ) ) ;
#769 = ORIENTED_EDGE ( 'NONE', *, *, #1421, .F. ) ;
#770 = ORIENTED_EDGE ( 'NONE', *, *, #2757, .T. ) ;
#771 = DIRECTION ( 'NONE',  ( -9.082321863752916905E-17, 0.000000000000000000, -1.000000000000000000 ) ) ;
#772 = B_SPLINE_CURVE_WITH_KNOTS ( 'NONE', 3,
 ( #153, #1762, #2806, #2506, #1980, #2233, #2287, #1474, #3342, #692 ),
 .UNSPECIFIED., .F., .F.,
 ( 4, 2, 2, 2, 4 ),
 ( 0.000000000000000000, 0.0007921336859806365387, 0.001584267371961273077, 0.002376401057941909725, 0.003168534743922546155 ),
 .UNSPECIFIED. ) ;
#773 = CYLINDRICAL_SURFACE ( 'NONE', #3147, 4.000000000000000000 ) ;
#774 = DIRECTION ( 'NONE',  ( -1.000000000000000000, 0.000000000000000000, 0.000000000000000000 ) ) ;
#775 = ORIENTED_EDGE ( 'NONE', *, *, #1117, .T. ) ;
#776 = CARTESIAN_POINT ( 'NONE',  ( -18.00000000000000355, 21.59410370944287649, -23.09999999999999432 ) ) ;
#777 = CARTESIAN_POINT ( 'NONE',  ( -18.30876227786207266, 21.20464809186998423, 19.10000000000000142 ) ) ;
#778 = EDGE_CURVE ( 'NONE', #148, #564, #1961, .T. ) ;
#779 = CARTESIAN_POINT ( 'NONE',  ( -16.60338976717834214, 21.20464809103402004, 21.34916615626629266 ) ) ;
#780 = CARTESIAN_POINT ( 'NONE',  ( -17.94837396169931765, 21.59410370944452850, -19.62269544733747750 ) ) ;
#781 = VECTOR ( 'NONE', #2818, 1000.000000000000000 ) ;
#782 = CARTESIAN_POINT ( 'NONE',  ( -18.00000000000000355, 21.24999999999999645, -19.09999999999996589 ) ) ;
#783 = DIRECTION ( 'NONE',  ( 1.000000000000000000, 0.000000000000000000, -1.501925087425806872E-16 ) ) ;
#784 = ADVANCED_FACE ( 'NONE', ( #3084 ), #1509, .T. ) ;
#785 = CIRCLE ( 'NONE', #1599, 1.400000000000000133 ) ;
#786 = VERTEX_POINT ( 'NONE', #1254 ) ;
#787 = PLANE ( 'NONE',  #2904 ) ;
#788 = ORIENTED_EDGE ( 'NONE', *, *, #2273, .T. ) ;
#789 = VECTOR ( 'NONE', #319, 1000.000000000000000 ) ;
#790 = CYLINDRICAL_SURFACE ( 'NONE', #2741, 2.499999999999995115 ) ;
#791 = ORIENTED_EDGE ( 'NONE', *, *, #2397, .F. ) ;
#792 = LINE ( 'NONE', #2050, #415 ) ;
#793 = CIRCLE ( 'NONE', #1607, 2.000000000000001776 ) ;
#794 = CARTESIAN_POINT ( 'NONE',  ( -7.000000000000002665, 3.099999999999999645, 8.100000000000006750 ) ) ;
#795 = B_SPLINE_CURVE_WITH_KNOTS ( 'NONE', 3,
 ( #3158, #1645, #54, #2655, #1106 ),
 .UNSPECIFIED., .F., .F.,
 ( 4, 1, 4 ),
 ( 0.000000000000000000, 0.3063616363167692702, 0.9162449681765281184 ),
 .UNSPECIFIED. ) ;
#796 = CIRCLE ( 'NONE', #2532, 4.000000000000000000 ) ;
#797 = CARTESIAN_POINT ( 'NONE',  ( -16.00000000000000000, 8.099999999999999645, -21.09999999999999432 ) ) ;
#798 = CARTESIAN_POINT ( 'NONE',  ( 18.00000000000000355, 21.59410370944288360, 19.10000000000000497 ) ) ;
#799 = DIRECTION ( 'NONE',  ( 1.000000000000000000, -0.000000000000000000, -3.016910393003142859E-16 ) ) ;
#800 = CARTESIAN_POINT ( 'NONE',  ( -17.49999999999999645, 3.600000000000000089, 3.400000000000008349 ) ) ;
#801 = AXIS2_PLACEMENT_3D ( 'NONE', #1248, #3040, #1738 ) ;
#802 = EDGE_CURVE ( 'NONE', #2554, #124, #772, .T. ) ;
#803 = ORIENTED_EDGE ( 'NONE', *, *, #905, .F. ) ;
#804 = LINE ( 'NONE', #2670, #3289 ) ;
#805 = VERTEX_POINT ( 'NONE', #1004 ) ;
#806 = EDGE_CURVE ( 'NONE', #2833, #3211, #1125, .T. ) ;
#807 = CARTESIAN_POINT ( 'NONE',  ( 15.99999999999999645, 19.64999999999999858, -21.09999999999999787 ) ) ;
#808 = FACE_OUTER_BOUND ( 'NONE', #2537, .T. ) ;
#809 = ORIENTED_EDGE ( 'NONE', *, *, #1446, .T. ) ;
#810 = DIRECTION ( 'NONE',  ( -1.501925087425806872E-16, -0.000000000000000000, -1.000000000000000000 ) ) ;
#811 = DIRECTION ( 'NONE',  ( 0.000000000000000000, 0.000000000000000000, 1.000000000000000000 ) ) ;
#812 = AXIS2_PLACEMENT_3D ( 'NONE', #3320, #2564, #2052 ) ;
#813 = FACE_OUTER_BOUND ( 'NONE', #1917, .T. ) ;
#814 = CARTESIAN_POINT ( 'NONE',  ( 17.00371041855236243, 21.59410370944325308, -20.83478121244146664 ) ) ;
#815 = CARTESIAN_POINT ( 'NONE',  ( -6.500000000000002665, 3.600000000000000089, -2.099999999999994316 ) ) ;
#816 = CARTESIAN_POINT ( 'NONE',  ( 15.99999999999999289, 2.000000000000000000, -21.09999999999999432 ) ) ;
#817 = AXIS2_PLACEMENT_3D ( 'NONE', #3007, #1457, #2717 ) ;
#818 = ORIENTED_EDGE ( 'NONE', *, *, #208, .T. ) ;
#819 = DIRECTION ( 'NONE',  ( -0.000000000000000000, -1.000000000000000000, -0.000000000000000000 ) ) ;
#820 = VERTEX_POINT ( 'NONE', #745 ) ;
#821 = ADVANCED_FACE ( 'NONE', ( #2252 ), #232, .T. ) ;
#822 = CARTESIAN_POINT ( 'NONE',  ( -16.00000000000000000, 19.64999999999999858, -21.09999999999999432 ) ) ;
#823 = LINE ( 'NONE', #2113, #178 ) ;
#824 = EDGE_CURVE ( 'NONE', #2859, #2640, #1023, .T. ) ;
#825 = AXIS2_PLACEMENT_3D ( 'NONE', #2896, #1881, #591 ) ;
#826 = CYLINDRICAL_SURFACE ( 'NONE', #2648, 2.000000000000001776 ) ;
#827 = LINE ( 'NONE', #797, #2257 ) ;
#828 = CYLINDRICAL_SURFACE ( 'NONE', #1872, 2.499999999999994227 ) ;
#829 = FACE_OUTER_BOUND ( 'NONE', #2594, .T. ) ;
#830 = CARTESIAN_POINT ( 'NONE',  ( -15.99999999999999645, 21.06119768739732834, 22.02109196514352263 ) ) ;
#831 = ORIENTED_EDGE ( 'NONE', *, *, #3353, .T. ) ;
#832 = DIRECTION ( 'NONE',  ( 1.000000000000000000, 0.000000000000000000, -1.131341397376178572E-16 ) ) ;
#833 = ORIENTED_EDGE ( 'NONE', *, *, #1553, .F. ) ;
#834 = VECTOR ( 'NONE', #3337, 1000.000000000000000 ) ;
#835 = DIRECTION ( 'NONE',  ( -1.000000000000000000, 0.000000000000000000, -3.469446951953605117E-15 ) ) ;
#836 = B_SPLINE_CURVE_WITH_KNOTS ( 'NONE', 3,
 ( #718, #147, #425, #202, #1756 ),
 .UNSPECIFIED., .F., .F.,
 ( 4, 1, 4 ),
 ( 0.000000000000000000, 0.3063616363167692702, 0.9162449681765280074 ),
 .UNSPECIFIED. ) ;
#837 = EDGE_CURVE ( 'NONE', #564, #1932, #827, .T. ) ;
#838 = VECTOR ( 'NONE', #305, 1000.000000000000000 ) ;
#839 = LINE ( 'NONE', #1334, #2520 ) ;
#840 = VECTOR ( 'NONE', #774, 1000.000000000000000 ) ;
#841 = CARTESIAN_POINT ( 'NONE',  ( -15.99999999999999289, 20.55698864586779706, 21.54711635226612287 ) ) ;
#842 = EDGE_CURVE ( 'NONE', #1888, #3108, #645, .T. ) ;
#843 = DIRECTION ( 'NONE',  ( -1.000000000000000000, 0.000000000000000000, 0.000000000000000000 ) ) ;
#844 = CIRCLE ( 'NONE', #1285, 2.499999999999995115 ) ;
#845 = PLANE ( 'NONE',  #240 ) ;
#846 = EDGE_CURVE ( 'NONE', #1712, #3213, #3152, .T. ) ;
#847 = CARTESIAN_POINT ( 'NONE',  ( 17.02468386764420671, 21.20464809228796810, -21.17449205908291887 ) ) ;
#848 = FACE_OUTER_BOUND ( 'NONE', #1480, .T. ) ;
#849 = FACE_OUTER_BOUND ( 'NONE', #122, .T. ) ;
#850 = ORIENTED_EDGE ( 'NONE', *, *, #885, .F. ) ;
#851 = CARTESIAN_POINT ( 'NONE',  ( -17.99999999999999645, 21.59410370944287294, 19.36427947397065807 ) ) ;
#852 = ORIENTED_EDGE ( 'NONE', *, *, #2437, .F. ) ;
#853 = AXIS2_PLACEMENT_3D ( 'NONE', #2631, #48, #1070 ) ;
#854 = VECTOR ( 'NONE', #1958, 1000.000000000000000 ) ;
#855 = CARTESIAN_POINT ( 'NONE',  ( 16.00000000000000000, 21.59410370944288005, 21.10000000000000853 ) ) ;
#856 = ORIENTED_EDGE ( 'NONE', *, *, #690, .T. ) ;
#857 = DIRECTION ( 'NONE',  ( 0.000000000000000000, 0.000000000000000000, 1.000000000000000000 ) ) ;
#858 = FACE_OUTER_BOUND ( 'NONE', #2543, .T. ) ;
#859 = DIRECTION ( 'NONE',  ( 1.000000000000000000, -0.000000000000000000, -1.508455196501571429E-16 ) ) ;
#860 = DIRECTION ( 'NONE',  ( 0.000000000000000000, 0.000000000000000000, 1.000000000000000000 ) ) ;
#861 = ADVANCED_FACE ( 'NONE', ( #813 ), #2080, .T. ) ;
#862 = LINE ( 'NONE', #589, #3016 ) ;
#863 = ORIENTED_EDGE ( 'NONE', *, *, #1033, .F. ) ;
#864 = CARTESIAN_POINT ( 'NONE',  ( -18.00000000000000711, 19.64999999999999858, -19.09999999999999432 ) ) ;
#865 = DIRECTION ( 'NONE',  ( 0.000000000000000000, 0.000000000000000000, 1.000000000000000000 ) ) ;
#866 = DIRECTION ( 'NONE',  ( 1.501925087425806872E-16, 0.000000000000000000, 1.000000000000000000 ) ) ;
#867 = EDGE_CURVE ( 'NONE', #272, #2625, #1272, .T. ) ;
#868 = VERTEX_POINT ( 'NONE', #1760 ) ;
#869 = CARTESIAN_POINT ( 'NONE',  ( 17.94819721875413165, 21.59410370944292978, 19.62328586973900713 ) ) ;
#870 = EDGE_LOOP ( 'NONE', ( #2482, #2351, #2831, #14 ) ) ;
#871 = DIRECTION ( 'NONE',  ( 0.000000000000000000, 1.000000000000000000, 0.000000000000000000 ) ) ;
#872 = ORIENTED_EDGE ( 'NONE', *, *, #1208, .T. ) ;
#873 =( LENGTH_UNIT ( ) NAMED_UNIT ( * ) SI_UNIT ( .MILLI., .METRE. ) );
#874 = DIRECTION ( 'NONE',  ( 0.000000000000000000, 0.000000000000000000, 1.000000000000000000 ) ) ;
#875 = CARTESIAN_POINT ( 'NONE',  ( 15.99999999999999645, 8.200000000000002842, -15.75000000000000000 ) ) ;
#876 = DIRECTION ( 'NONE',  ( 1.000000000000000000, 0.000000000000000000, 0.000000000000000000 ) ) ;
#877 = ORIENTED_EDGE ( 'NONE', *, *, #948, .T. ) ;
#878 = CARTESIAN_POINT ( 'NONE',  ( -16.00000000000000000, 22.00000000000000000, -19.09999999999999076 ) ) ;
#879 = LINE ( 'NONE', #2959, #2389 ) ;
#880 = DIRECTION ( 'NONE',  ( 0.000000000000000000, -1.000000000000000000, 0.000000000000000000 ) ) ;
#881 = ORIENTED_EDGE ( 'NONE', *, *, #633, .T. ) ;
#882 = DIRECTION ( 'NONE',  ( 1.000000000000000000, 0.000000000000000000, 1.734723475976805517E-15 ) ) ;
#883 = ORIENTED_EDGE ( 'NONE', *, *, #144, .F. ) ;
#884 = EDGE_CURVE ( 'NONE', #3193, #3331, #2661, .T. ) ;
#885 = EDGE_CURVE ( 'NONE', #3025, #1360, #318, .T. ) ;
#886 = VECTOR ( 'NONE', #1435, 1000.000000000000000 ) ;
#887 = ORIENTED_EDGE ( 'NONE', *, *, #1053, .T. ) ;
#888 = FILL_AREA_STYLE ('',( #1634 ) ) ;
#889 = CIRCLE ( 'NONE', #1376, 4.000000000000000000 ) ;
#890 = CARTESIAN_POINT ( 'NONE',  ( -18.00000000000000355, 19.64999999999999858, 20.27157287525381690 ) ) ;
#891 = CARTESIAN_POINT ( 'NONE',  ( -17.49999999999999645, 8.099999999999999645, -2.099999999999994316 ) ) ;
#892 = ADVANCED_BREP_SHAPE_REPRESENTATION ( 'audiobox', ( #1908, #2045 ), #1450 ) ;
#893 = DIRECTION ( 'NONE',  ( 1.000000000000000000, 0.000000000000000000, 0.000000000000000000 ) ) ;
#894 = ORIENTED_EDGE ( 'NONE', *, *, #1095, .T. ) ;
#895 = CIRCLE ( 'NONE', #2089, 0.5000000000000004441 ) ;
#896 = DIRECTION ( 'NONE',  ( 0.000000000000000000, 0.000000000000000000, -1.000000000000000000 ) ) ;
#897 = DIRECTION ( 'NONE',  ( 1.501925087425806872E-16, -0.000000000000000000, 1.000000000000000000 ) ) ;
#898 = LINE ( 'NONE', #2172, #3083 ) ;
#899 = AXIS2_PLACEMENT_3D ( 'NONE', #2232, #366, #641 ) ;
#900 = ORIENTED_EDGE ( 'NONE', *, *, #2043, .F. ) ;
#901 = CARTESIAN_POINT ( 'NONE',  ( -20.00000000000000355, 2.000000000000000000, -19.09999999999999432 ) ) ;
#902 = ORIENTED_EDGE ( 'NONE', *, *, #2986, .T. ) ;
#903 = ADVANCED_FACE ( 'NONE', ( #721 ), #486, .T. ) ;
#904 = EDGE_LOOP ( 'NONE', ( #3370, #1413, #1946, #3091 ) ) ;
#905 = EDGE_CURVE ( 'NONE', #671, #2592, #1796, .T. ) ;
#906 = CIRCLE ( 'NONE', #2815, 0.5000000000000000000 ) ;
#907 = CARTESIAN_POINT ( 'NONE',  ( -17.43348757045250963, 20.55698864586779706, 21.54711635226612643 ) ) ;
#908 = FACE_OUTER_BOUND ( 'NONE', #2870, .T. ) ;
#909 = LINE ( 'NONE', #1940, #2024 ) ;
#910 = ORIENTED_EDGE ( 'NONE', *, *, #744, .F. ) ;
#911 = LINE ( 'NONE', #1912, #2313 ) ;
#912 = PLANE ( 'NONE',  #1251 ) ;
#913 = CARTESIAN_POINT ( 'NONE',  ( -17.49999999999999645, 3.600000000000000089, 8.100000000000006750 ) ) ;
#914 = ORIENTED_EDGE ( 'NONE', *, *, #1532, .F. ) ;
#915 = DIRECTION ( 'NONE',  ( -0.000000000000000000, 1.000000000000000000, 0.000000000000000000 ) ) ;
#916 = VERTEX_POINT ( 'NONE', #2524 ) ;
#917 = AXIS2_PLACEMENT_3D ( 'NONE', #2265, #3102, #446 ) ;
#918 = EDGE_CURVE ( 'NONE', #1181, #2275, #2830, .T. ) ;
#919 = VERTEX_POINT ( 'NONE', #982 ) ;
#920 = CARTESIAN_POINT ( 'NONE',  ( 16.00000000000000000, 2.000000000000000000, 21.10000000000000853 ) ) ;
#921 = VECTOR ( 'NONE', #2942, 1000.000000000000000 ) ;
#922 = CARTESIAN_POINT ( 'NONE',  ( -7.000000000000006217, 8.099999999999999645, -18.59999999999999787 ) ) ;
#923 = EDGE_CURVE ( 'NONE', #1031, #671, #1778, .T. ) ;
#924 = DIRECTION ( 'NONE',  ( 0.000000000000000000, 0.000000000000000000, -1.000000000000000000 ) ) ;
#925 = ORIENTED_EDGE ( 'NONE', *, *, #2247, .F. ) ;
#926 = ORIENTED_EDGE ( 'NONE', *, *, #2437, .T. ) ;
#927 = DIRECTION ( 'NONE',  ( 0.000000000000000000, 0.000000000000000000, 1.000000000000000000 ) ) ;
#928 = CARTESIAN_POINT ( 'NONE',  ( 19.99999999999999645, 21.59999999999999787, -21.09999999999999432 ) ) ;
#929 = CARTESIAN_POINT ( 'NONE',  ( -16.00000000000000355, 2.000000000000000000, -19.09999999999999432 ) ) ;
#930 = DIRECTION ( 'NONE',  ( -1.000000000000000000, 0.000000000000000000, 1.131341397376178572E-16 ) ) ;
#931 = ORIENTED_EDGE ( 'NONE', *, *, #1935, .T. ) ;
#932 = LINE ( 'NONE', #368, #1211 ) ;
#933 = ORIENTED_EDGE ( 'NONE', *, *, #534, .T. ) ;
#934 = ORIENTED_EDGE ( 'NONE', *, *, #462, .F. ) ;
#935 = VECTOR ( 'NONE', #1621, 1000.000000000000000 ) ;
#936 = FACE_OUTER_BOUND ( 'NONE', #621, .T. ) ;
#937 = DIRECTION ( 'NONE',  ( -0.000000000000000000, -0.000000000000000000, 1.000000000000000000 ) ) ;
#938 = CARTESIAN_POINT ( 'NONE',  ( 0.000000000000000000, 0.000000000000000000, 0.000000000000000000 ) ) ;
#939 = CIRCLE ( 'NONE', #3348, 2.499999999999994227 ) ;
#940 = VERTEX_POINT ( 'NONE', #225 ) ;
#941 = EDGE_CURVE ( 'NONE', #3257, #1301, #3264, .T. ) ;
#942 = ORIENTED_EDGE ( 'NONE', *, *, #2465, .F. ) ;
#943 = LINE ( 'NONE', #379, #2590 ) ;
#944 = LINE ( 'NONE', #167, #373 ) ;
#945 = VECTOR ( 'NONE', #2065, 1000.000000000000000 ) ;
#946 = CIRCLE ( 'NONE', #67, 0.4000000000000010214 ) ;
#947 = DIRECTION ( 'NONE',  ( 0.000000000000000000, 0.000000000000000000, 1.000000000000000000 ) ) ;
#948 = EDGE_CURVE ( 'NONE', #2055, #1181, #965, .T. ) ;
#949 = AXIS2_PLACEMENT_3D ( 'NONE', #2353, #291, #3376 ) ;
#950 = FACE_OUTER_BOUND ( 'NONE', #3385, .T. ) ;
#951 = ORIENTED_EDGE ( 'NONE', *, *, #396, .F. ) ;
#952 = DIRECTION ( 'NONE',  ( 0.000000000000000000, 0.000000000000000000, -1.000000000000000000 ) ) ;
#953 = ORIENTED_EDGE ( 'NONE', *, *, #1053, .F. ) ;
#954 = CARTESIAN_POINT ( 'NONE',  ( -1.300000000000006040, 6.000000000000000000, 20.60000000000001208 ) ) ;
#955 = VERTEX_POINT ( 'NONE', #505 ) ;
#956 = VECTOR ( 'NONE', #3107, 1000.000000000000000 ) ;
#957 = EDGE_LOOP ( 'NONE', ( #321, #1992, #1967, #1964 ) ) ;
#958 = DIRECTION ( 'NONE',  ( 0.000000000000000000, 0.000000000000000000, 1.000000000000000000 ) ) ;
#959 = CIRCLE ( 'NONE', #528, 2.000000000000001776 ) ;
#960 = CARTESIAN_POINT ( 'NONE',  ( -7.000000000000002665, 3.600000000000000089, 7.600000000000005862 ) ) ;
#961 = CARTESIAN_POINT ( 'NONE',  ( 16.00000000000000000, 2.000000000000001776, 21.10000000000000853 ) ) ;
#962 = AXIS2_PLACEMENT_3D ( 'NONE', #2484, #937, #3020 ) ;
#963 = VERTEX_POINT ( 'NONE', #1994 ) ;
#964 = ORIENTED_EDGE ( 'NONE', *, *, #18, .F. ) ;
#965 = LINE ( 'NONE', #2803, #1247 ) ;
#966 = EDGE_CURVE ( 'NONE', #1962, #963, #3044, .T. ) ;
#967 = CARTESIAN_POINT ( 'NONE',  ( 16.00000000000000355, 19.64999999999999858, 21.10000000000000853 ) ) ;
#968 = ORIENTED_EDGE ( 'NONE', *, *, #3003, .T. ) ;
#969 = CARTESIAN_POINT ( 'NONE',  ( -7.000000000000003553, 3.600000000000000089, 3.400000000000007017 ) ) ;
#970 = ORIENTED_EDGE ( 'NONE', *, *, #2873, .F. ) ;
#971 = DIRECTION ( 'NONE',  ( -0.000000000000000000, 1.000000000000000000, 0.000000000000000000 ) ) ;
#972 = EDGE_CURVE ( 'NONE', #868, #2974, #1676, .T. ) ;
#973 = ORIENTED_EDGE ( 'NONE', *, *, #3161, .T. ) ;
#974 = VERTEX_POINT ( 'NONE', #2584 ) ;
#975 = CYLINDRICAL_SURFACE ( 'NONE', #1859, 2.000000000000001776 ) ;
#976 = CARTESIAN_POINT ( 'NONE',  ( 16.00000000000000000, 10.50000000000000178, -7.849999999999999645 ) ) ;
#977 = CARTESIAN_POINT ( 'NONE',  ( -18.30876227786326282, 21.20464809186971422, -20.45244163007685856 ) ) ;
#978 = ORIENTED_EDGE ( 'NONE', *, *, #2192, .F. ) ;
#979 = VECTOR ( 'NONE', #1817, 1000.000000000000000 ) ;
#980 = ORIENTED_EDGE ( 'NONE', *, *, #597, .T. ) ;
#981 = CARTESIAN_POINT ( 'NONE',  ( -19.99999999999999645, 2.000000000000000000, 23.10000000000000853 ) ) ;
#982 = CARTESIAN_POINT ( 'NONE',  ( 16.00000000000000000, 0.000000000000000000, -23.09999999999999432 ) ) ;
#983 = EDGE_CURVE ( 'NONE', #3230, #3303, #249, .T. ) ;
#984 = DIRECTION ( 'NONE',  ( 1.000000000000000000, -0.000000000000000000, -1.508455196501571429E-16 ) ) ;
#985 = VERTEX_POINT ( 'NONE', #1002 ) ;
#986 = FACE_OUTER_BOUND ( 'NONE', #1751, .T. ) ;
#987 = LINE ( 'NONE', #2014, #260 ) ;
#988 = CARTESIAN_POINT ( 'NONE',  ( -18.30876227786208332, 21.20464809186998778, -19.09999999999999432 ) ) ;
#989 = FACE_OUTER_BOUND ( 'NONE', #1644, .T. ) ;
#990 = EDGE_CURVE ( 'NONE', #693, #2511, #2988, .T. ) ;
#991 = DIRECTION ( 'NONE',  ( 0.000000000000000000, 0.000000000000000000, 1.000000000000000000 ) ) ;
#992 = ORIENTED_EDGE ( 'NONE', *, *, #2286, .T. ) ;
#993 = ORIENTED_EDGE ( 'NONE', *, *, #1357, .F. ) ;
#994 = CARTESIAN_POINT ( 'NONE',  ( -17.49999999999999645, 3.099999999999999645, 8.100000000000006750 ) ) ;
#995 = ADVANCED_FACE ( 'NONE', ( #1292 ), #3379, .F. ) ;
#996 = CARTESIAN_POINT ( 'NONE',  ( 17.99999999999999645, 6.800000000000002487, -7.849999999999999645 ) ) ;
#997 = CARTESIAN_POINT ( 'NONE',  ( -15.99999999999999289, 2.000000000000001776, 19.10000000000000497 ) ) ;
#998 = CIRCLE ( 'NONE', #3177, 0.5000000000000000000 ) ;
#999 = ORIENTED_EDGE ( 'NONE', *, *, #3100, .T. ) ;
#1000 = VERTEX_POINT ( 'NONE', #3201 ) ;
#1001 = DIRECTION ( 'NONE',  ( -0.000000000000000000, 1.000000000000000000, -0.000000000000000000 ) ) ;
#1002 = CARTESIAN_POINT ( 'NONE',  ( -9.291960108450199485, 8.099999999999999645, -2.099999999999994316 ) ) ;
#1003 = AXIS2_PLACEMENT_3D ( 'NONE', #2555, #2274, #991 ) ;
#1004 = CARTESIAN_POINT ( 'NONE',  ( -1.300000000000006040, 6.000000000000000000, 22.60000000000000853 ) ) ;
#1005 = ORIENTED_EDGE ( 'NONE', *, *, #2699, .F. ) ;
#1006 = CARTESIAN_POINT ( 'NONE',  ( -17.32065454811671401, 21.59410370944260293, -20.60776331444969856 ) ) ;
#1007 = ORIENTED_EDGE ( 'NONE', *, *, #2929, .T. ) ;
#1008 = DIRECTION ( 'NONE',  ( 0.000000000000000000, -0.000000000000000000, 1.000000000000000000 ) ) ;
#1009 = LINE ( 'NONE', #2057, #956 ) ;
#1010 = ORIENTED_EDGE ( 'NONE', *, *, #3045, .F. ) ;
#1011 = LINE ( 'NONE', #1516, #565 ) ;
#1012 = ORIENTED_EDGE ( 'NONE', *, *, #2553, .T. ) ;
#1013 = ADVANCED_FACE ( 'NONE', ( #1891 ), #3134, .T. ) ;
#1014 = VECTOR ( 'NONE', #2488, 1000.000000000000000 ) ;
#1015 = CARTESIAN_POINT ( 'NONE',  ( 16.30592624102352772, 21.20464809080838364, 21.40876228239364210 ) ) ;
#1016 = VECTOR ( 'NONE', #2490, 1000.000000000000000 ) ;
#1017 = CARTESIAN_POINT ( 'NONE',  ( 0.000000000000000000, 21.16400731508066002, -22.11544195096115573 ) ) ;
#1018 = CARTESIAN_POINT ( 'NONE',  ( -15.20803989154980762, 8.099999999999999645, -18.59999999999999432 ) ) ;
#1019 = EDGE_CURVE ( 'NONE', #2495, #1705, #3252, .T. ) ;
#1020 = VERTEX_POINT ( 'NONE', #2343 ) ;
#1021 = DIRECTION ( 'NONE',  ( 0.000000000000000000, 0.000000000000000000, -1.000000000000000000 ) ) ;
#1022 = AXIS2_PLACEMENT_3D ( 'NONE', #3167, #2646, #811 ) ;
#1023 = LINE ( 'NONE', #2345, #3305 ) ;
#1024 = VERTEX_POINT ( 'NONE', #2100 ) ;
#1025 = CARTESIAN_POINT ( 'NONE',  ( 3.489230979264525573E-15, 21.59410370944288005, 21.50000000000000000 ) ) ;
#1026 = CARTESIAN_POINT ( 'NONE',  ( -16.00000000000000355, 0.000000000000000000, -19.09999999999999432 ) ) ;
#1027 = DIRECTION ( 'NONE',  ( 0.000000000000000000, -1.000000000000000000, 0.000000000000000000 ) ) ;
#1028 = CIRCLE ( 'NONE', #2602, 1.400000000000000133 ) ;
#1029 = ORIENTED_EDGE ( 'NONE', *, *, #3145, .F. ) ;
#1030 = DIRECTION ( 'NONE',  ( -1.000000000000000000, 0.000000000000000000, 1.188166764367676095E-16 ) ) ;
#1031 = VERTEX_POINT ( 'NONE', #1322 ) ;
#1032 = CARTESIAN_POINT ( 'NONE',  ( 16.60322968182241965, 21.20464809101386194, 21.34921688778393190 ) ) ;
#1033 = EDGE_CURVE ( 'NONE', #2859, #210, #358, .T. ) ;
#1034 = CARTESIAN_POINT ( 'NONE',  ( 15.99999999999999289, 22.00000000000000000, -19.09999999999999076 ) ) ;
#1035 = PLANE ( 'NONE',  #70 ) ;
#1036 = ORIENTED_EDGE ( 'NONE', *, *, #438, .F. ) ;
#1037 = DIRECTION ( 'NONE',  ( 0.000000000000000000, 0.000000000000000000, 1.000000000000000000 ) ) ;
#1038 = ADVANCED_FACE ( 'NONE', ( #1100 ), #571, .T. ) ;
#1039 = FACE_OUTER_BOUND ( 'NONE', #1144, .T. ) ;
#1040 = CARTESIAN_POINT ( 'NONE',  ( -7.000000000000003553, 8.099999999999999645, -2.099999999999994316 ) ) ;
#1041 = CARTESIAN_POINT ( 'NONE',  ( -17.59035935577067278, 21.27698179471890327, 20.31969343708518849 ) ) ;
#1042 = CARTESIAN_POINT ( 'NONE',  ( -18.00000000000000355, 21.59410370943847113, -19.36487634345256836 ) ) ;
#1043 = LINE ( 'NONE', #2311, #1414 ) ;
#1044 = CARTESIAN_POINT ( 'NONE',  ( -15.20803989154980762, 8.099999999999999645, -18.59999999999999432 ) ) ;
#1045 = ORIENTED_EDGE ( 'NONE', *, *, #1377, .T. ) ;
#1046 = CARTESIAN_POINT ( 'NONE',  ( -6.500000000000005329, 3.600000000000000089, -21.09999999999999432 ) ) ;
#1047 = ORIENTED_EDGE ( 'NONE', *, *, #1614, .T. ) ;
#1048 = CARTESIAN_POINT ( 'NONE',  ( 16.00000000000000355, 21.20464809186999133, 21.40876227786209185 ) ) ;
#1049 = FACE_OUTER_BOUND ( 'NONE', #2705, .T. ) ;
#1050 = ORIENTED_EDGE ( 'NONE', *, *, #2068, .T. ) ;
#1051 = DIRECTION ( 'NONE',  ( 0.000000000000000000, 0.000000000000000000, 1.000000000000000000 ) ) ;
#1052 = DIRECTION ( 'NONE',  ( 0.000000000000000000, 0.000000000000000000, 1.000000000000000000 ) ) ;
#1053 = EDGE_CURVE ( 'NONE', #1698, #3338, #1565, .T. ) ;
#1054 = CARTESIAN_POINT ( 'NONE',  ( 17.17157287525381193, 21.24999999999999645, 21.10000000000000497 ) ) ;
#1055 = CARTESIAN_POINT ( 'NONE',  ( -11.62999999999999723, 4.699999999999988631, 20.60000000000001208 ) ) ;
#1056 = VECTOR ( 'NONE', #832, 1000.000000000000000 ) ;
#1057 = DIRECTION ( 'NONE',  ( 0.000000000000000000, 0.000000000000000000, 1.000000000000000000 ) ) ;
#1058 = CARTESIAN_POINT ( 'NONE',  ( 18.00000000000000711, 21.24999999999999645, -20.27157287525380625 ) ) ;
#1059 = EDGE_CURVE ( 'NONE', #1146, #1360, #1845, .T. ) ;
#1060 = AXIS2_PLACEMENT_3D ( 'NONE', #287, #2366, #3174 ) ;
#1061 = EDGE_LOOP ( 'NONE', ( #3291, #1415, #610, #2248 ) ) ;
#1062 = DIRECTION ( 'NONE',  ( 1.000000000000000000, -0.000000000000000000, -1.508455196501571429E-16 ) ) ;
#1063 = ORIENTED_EDGE ( 'NONE', *, *, #2873, .T. ) ;
#1064 = VECTOR ( 'NONE', #2676, 1000.000000000000000 ) ;
#1066 = LINE ( 'NONE', #2902, #2698 ) ;
#1065 = AXIS2_PLACEMENT_3D ( 'NONE', #1857, #568, #2077 ) ;
#1067 = DIRECTION ( 'NONE',  ( -1.000000000000000000, -8.908452710415162640E-15, -0.000000000000000000 ) ) ;
#1068 = ORIENTED_EDGE ( 'NONE', *, *, #2847, .F. ) ;
#1069 = LINE ( 'NONE', #1794, #3015 ) ;
#1070 = DIRECTION ( 'NONE',  ( 0.000000000000000000, 0.000000000000000000, 1.000000000000000000 ) ) ;
#1071 = AXIS2_PLACEMENT_3D ( 'NONE', #470, #984, #2267 ) ;
#1072 = CARTESIAN_POINT ( 'NONE',  ( 16.00000000000000355, 19.78918494657904859, 21.10000000000000853 ) ) ;
#1073 = CARTESIAN_POINT ( 'NONE',  ( 16.88764779133181904, 21.59410370944315360, -20.89705990575363614 ) ) ;
#1074 = DIRECTION ( 'NONE',  ( -1.000000000000000000, 0.000000000000000000, 0.000000000000000000 ) ) ;
#1075 = EDGE_CURVE ( 'NONE', #1301, #1128, #1116, .T. ) ;
#1076 = CARTESIAN_POINT ( 'NONE',  ( 16.00000000000000000, 20.55698864586779706, -21.54711635226610511 ) ) ;
#1077 = CIRCLE ( 'NONE', #801, 0.5000000000000000000 ) ;
#1078 = ORIENTED_EDGE ( 'NONE', *, *, #3122, .F. ) ;
#1079 = CARTESIAN_POINT ( 'NONE',  ( -17.22745848645950772, 21.59410370944288360, 20.70099575711029161 ) ) ;
#1080 = ORIENTED_EDGE ( 'NONE', *, *, #242, .F. ) ;
#1081 = ADVANCED_FACE ( 'NONE', ( #586 ), #2878, .F. ) ;
#1082 = FACE_OUTER_BOUND ( 'NONE', #1449, .T. ) ;
#1083 = DIRECTION ( 'NONE',  ( 0.000000000000000000, 1.000000000000000000, 0.000000000000000000 ) ) ;
#1084 = CARTESIAN_POINT ( 'NONE',  ( -7.000000000000003553, 3.600000000000000089, 2.900000000000006573 ) ) ;
#1085 = DIRECTION ( 'NONE',  ( -1.501925087425806872E-16, -0.000000000000000000, -1.000000000000000000 ) ) ;
#1086 = VECTOR ( 'NONE', #2306, 1000.000000000000000 ) ;
#1087 = CARTESIAN_POINT ( 'NONE',  ( 18.00000000000000711, 19.64999999999999858, 19.10000000000000142 ) ) ;
#1088 = CARTESIAN_POINT ( 'NONE',  ( -12.25000000000000178, -18.47374005464410374, -2.099999999999995648 ) ) ;
#1089 = CARTESIAN_POINT ( 'NONE',  ( -15.20803989154980762, 3.600000000000000089, -18.59999999999999432 ) ) ;
#1090 = CARTESIAN_POINT ( 'NONE',  ( 17.76640499832426556, 21.16400731508066357, -22.11544195096115928 ) ) ;
#1091 = VECTOR ( 'NONE', #2651, 1000.000000000000000 ) ;
#1092 = ORIENTED_EDGE ( 'NONE', *, *, #1172, .T. ) ;
#1093 = CARTESIAN_POINT ( 'NONE',  ( -18.00000000000000355, 3.600000000000000089, 3.900000000000007461 ) ) ;
#1094 = ORIENTED_EDGE ( 'NONE', *, *, #2338, .F. ) ;
#1095 = EDGE_CURVE ( 'NONE', #1712, #2758, #1518, .T. ) ;
#1096 = CARTESIAN_POINT ( 'NONE',  ( 15.99999999999999645, 20.49268122259968905, -21.50966810795326367 ) ) ;
#1097 = DIRECTION ( 'NONE',  ( 0.000000000000000000, -1.000000000000000000, 0.000000000000000000 ) ) ;
#1098 = EDGE_CURVE ( 'NONE', #363, #2019, #2702, .T. ) ;
#1099 = CARTESIAN_POINT ( 'NONE',  ( -15.99999999999999645, 19.64999999999999858, 21.10000000000001563 ) ) ;
#1100 = FACE_OUTER_BOUND ( 'NONE', #2263, .T. ) ;
#1101 = CARTESIAN_POINT ( 'NONE',  ( -18.00000000000000355, 8.099999999999999645, -2.599999999999995204 ) ) ;
#1102 = CARTESIAN_POINT ( 'NONE',  ( 16.26487634250737457, 21.27698179471035900, -21.10000000390600405 ) ) ;
#1103 = CARTESIAN_POINT ( 'NONE',  ( -18.00000000000000000, 22.00000000000000000, 8.600000000000010303 ) ) ;
#1104 = PLANE ( 'NONE',  #2642 ) ;
#1105 = ORIENTED_EDGE ( 'NONE', *, *, #3353, .F. ) ;
#1106 = CARTESIAN_POINT ( 'NONE',  ( 16.00000000000000355, 21.20464809186998423, 21.40876227786208474 ) ) ;
#1107 = EDGE_LOOP ( 'NONE', ( #881, #369, #2253, #2800 ) ) ;
#1108 = CIRCLE ( 'NONE', #668, 2.000000000000001776 ) ;
#1109 = DIRECTION ( 'NONE',  ( -0.000000000000000000, 1.000000000000000000, 0.000000000000000000 ) ) ;
#1110 = AXIS2_PLACEMENT_3D ( 'NONE', #1632, #871, #835 ) ;
#1111 = EDGE_CURVE ( 'NONE', #786, #148, #16, .T. ) ;
#1112 = ORIENTED_EDGE ( 'NONE', *, *, #1506, .T. ) ;
#1113 =( NAMED_UNIT ( * ) PLANE_ANGLE_UNIT ( ) SI_UNIT ( $, .RADIAN. ) );
#1114 = AXIS2_PLACEMENT_3D ( 'NONE', #196, #971, #215 ) ;
#1115 = LINE ( 'NONE', #406, #3341 ) ;
#1116 = LINE ( 'NONE', #2150, #409 ) ;
#1117 = EDGE_CURVE ( 'NONE', #2814, #2486, #1448, .T. ) ;
#1118 = LINE ( 'NONE', #1404, #2855 ) ;
#1119 = AXIS2_PLACEMENT_3D ( 'NONE', #3319, #1271, #1543 ) ;
#1120 = DIRECTION ( 'NONE',  ( 1.000000000000000000, -0.000000000000000000, -3.016910393003142859E-16 ) ) ;
#1121 = ORIENTED_EDGE ( 'NONE', *, *, #1999, .T. ) ;
#1122 = DIRECTION ( 'NONE',  ( 1.000000000000000000, 0.000000000000000000, 0.000000000000000000 ) ) ;
#1123 = DIRECTION ( 'NONE',  ( 1.000000000000000000, 0.000000000000000000, -1.501925087425806872E-16 ) ) ;
#1124 = CARTESIAN_POINT ( 'NONE',  ( 18.00000000000000355, 22.00000000000000000, 23.10000000000000853 ) ) ;
#1125 = CIRCLE ( 'NONE', #354, 0.5000000000000000000 ) ;
#1126 = ORIENTED_EDGE ( 'NONE', *, *, #1338, .T. ) ;
#1127 = CARTESIAN_POINT ( 'NONE',  ( 18.00000000000000355, 21.59410370944288360, 19.10000000000000497 ) ) ;
#1128 = VERTEX_POINT ( 'NONE', #2388 ) ;
#1129 = CIRCLE ( 'NONE', #1986, 0.4000000000000010214 ) ;
#1130 = DIRECTION ( 'NONE',  ( 0.000000000000000000, 1.000000000000000000, 0.000000000000000000 ) ) ;
#1131 = ORIENTED_EDGE ( 'NONE', *, *, #1304, .T. ) ;
#1132 = CARTESIAN_POINT ( 'NONE',  ( 18.40000000000000213, 22.00000000000000000, 19.10000000000000497 ) ) ;
#1133 = CIRCLE ( 'NONE', #1546, 0.5000000000000004441 ) ;
#1134 = DIRECTION ( 'NONE',  ( 0.000000000000000000, 0.000000000000000000, -1.000000000000000000 ) ) ;
#1135 = ADVANCED_FACE ( 'NONE', ( #1876 ), #293, .F. ) ;
#1136 = CARTESIAN_POINT ( 'NONE',  ( 18.40000000000000213, 21.59999999999999787, 19.10000000000000497 ) ) ;
#1137 = LINE ( 'NONE', #636, #2355 ) ;
#1138 = EDGE_CURVE ( 'NONE', #3193, #2228, #602, .T. ) ;
#1139 = ORIENTED_EDGE ( 'NONE', *, *, #2500, .T. ) ;
#1140 = CARTESIAN_POINT ( 'NONE',  ( 17.79709251171707152, 21.27698179471808260, -19.98758547699856791 ) ) ;
#1141 = DIRECTION ( 'NONE',  ( 0.000000000000000000, 1.000000000000000000, 0.000000000000000000 ) ) ;
#1142 = CARTESIAN_POINT ( 'NONE',  ( 16.00000000000000355, 19.64999999999999858, 19.10000000000000497 ) ) ;
#1143 = EDGE_CURVE ( 'NONE', #1851, #2163, #2536, .T. ) ;
#1144 = EDGE_LOOP ( 'NONE', ( #712, #2367, #367, #2208, #2176, #2139, #3357, #1244, #2181, #926, #1973 ) ) ;
#1145 = DIRECTION ( 'NONE',  ( 0.000000000000000000, 0.000000000000000000, 1.000000000000000000 ) ) ;
#1146 = VERTEX_POINT ( 'NONE', #1636 ) ;
#1147 = AXIS2_PLACEMENT_3D ( 'NONE', #738, #2243, #182 ) ;
#1148 = ORIENTED_EDGE ( 'NONE', *, *, #1098, .T. ) ;
#1149 = CARTESIAN_POINT ( 'NONE',  ( -6.000000000000005329, 8.099999999999999645, -20.59999999999999432 ) ) ;
#1150 = DIRECTION ( 'NONE',  ( 1.000000000000000000, -0.000000000000000000, -3.016910393003142859E-16 ) ) ;
#1151 = DIRECTION ( 'NONE',  ( 1.000000000000000000, -0.000000000000000000, -3.016910393003142859E-16 ) ) ;
#1152 = VERTEX_POINT ( 'NONE', #2663 ) ;
#1153 = DIRECTION ( 'NONE',  ( 0.000000000000000000, -0.000000000000000000, -1.000000000000000000 ) ) ;
#1154 = CARTESIAN_POINT ( 'NONE',  ( 14.09999999999999432, 2.000000000000000000, 23.10000000000000853 ) ) ;
#1155 = DIRECTION ( 'NONE',  ( -0.000000000000000000, 1.000000000000000000, 0.000000000000000000 ) ) ;
#1156 = EDGE_CURVE ( 'NONE', #2748, #2885, #324, .T. ) ;
#1157 = ORIENTED_EDGE ( 'NONE', *, *, #2613, .T. ) ;
#1158 = LINE ( 'NONE', #901, #2958 ) ;
#1159 = ORIENTED_EDGE ( 'NONE', *, *, #37, .T. ) ;
#1160 = EDGE_CURVE ( 'NONE', #1955, #1181, #1683, .T. ) ;
#1161 = EDGE_LOOP ( 'NONE', ( #81, #770, #662, #2382 ) ) ;
#1162 = AXIS2_PLACEMENT_3D ( 'NONE', #1982, #952, #173 ) ;
#1163 = LINE ( 'NONE', #3217, #935 ) ;
#1164 = CARTESIAN_POINT ( 'NONE',  ( -17.99999999999999645, 21.59410370944287649, 19.10000000000000497 ) ) ;
#1165 = CARTESIAN_POINT ( 'NONE',  ( -19.99999999999999645, 0.000000000000000000, 19.10000000000000497 ) ) ;
#1166 = VERTEX_POINT ( 'NONE', #1434 ) ;
#1167 = CARTESIAN_POINT ( 'NONE',  ( 17.83588084441702293, 21.20464809183604160, -20.50799109904588846 ) ) ;
#1168 = FACE_OUTER_BOUND ( 'NONE', #678, .T. ) ;
#1169 = LINE ( 'NONE', #2203, #350 ) ;
#1170 = CIRCLE ( 'NONE', #3021, 0.4000000000000010214 ) ;
#1171 = AXIS2_PLACEMENT_3D ( 'NONE', #1978, #414, #1440 ) ;
#1172 = EDGE_CURVE ( 'NONE', #1600, #1255, #1717, .T. ) ;
#1173 = ORIENTED_EDGE ( 'NONE', *, *, #442, .F. ) ;
#1174 = CARTESIAN_POINT ( 'NONE',  ( 16.00000000000000000, 21.59410370944288005, 21.10000000000000853 ) ) ;
#1175 = EDGE_LOOP ( 'NONE', ( #992, #246, #1205, #970 ) ) ;
#1176 = ADVANCED_FACE ( 'NONE', ( #908 ), #1669, .T. ) ;
#1177 = ORIENTED_EDGE ( 'NONE', *, *, #2017, .F. ) ;
#1178 = LINE ( 'NONE', #2210, #2296 ) ;
#1179 = CARTESIAN_POINT ( 'NONE',  ( 17.74650812517910836, 21.59410370944291913, -20.10947279642994090 ) ) ;
#1180 = DIRECTION ( 'NONE',  ( -1.000000000000000000, 0.000000000000000000, 0.000000000000000000 ) ) ;
#1181 = VERTEX_POINT ( 'NONE', #922 ) ;
#1182 = DIRECTION ( 'NONE',  ( -0.000000000000000000, 1.000000000000000000, 0.000000000000000000 ) ) ;
#1183 = DIRECTION ( 'NONE',  ( -3.016910393003142366E-16, 0.000000000000000000, -1.000000000000000000 ) ) ;
#1184 = DIRECTION ( 'NONE',  ( 0.000000000000000000, -1.000000000000000000, 0.000000000000000000 ) ) ;
#1185 = ORIENTED_EDGE ( 'NONE', *, *, #510, .F. ) ;
#1186 = CARTESIAN_POINT ( 'NONE',  ( 18.39999999999999147, 22.00000000000000000, -19.09999999999999076 ) ) ;
#1187 = EDGE_LOOP ( 'NONE', ( #1950, #1853, #3157, #1639 ) ) ;
#1188 = EDGE_CURVE ( 'NONE', #2934, #1024, #685, .T. ) ;
#1189 = ORIENTED_EDGE ( 'NONE', *, *, #2804, .T. ) ;
#1190 = EDGE_CURVE ( 'NONE', #210, #1219, #754, .T. ) ;
#1191 = DIRECTION ( 'NONE',  ( -0.000000000000000000, 1.000000000000000000, 0.000000000000000000 ) ) ;
#1192 = FACE_OUTER_BOUND ( 'NONE', #427, .T. ) ;
#1193 = DIRECTION ( 'NONE',  ( 0.000000000000000000, 0.000000000000000000, 1.000000000000000000 ) ) ;
#1194 = EDGE_CURVE ( 'NONE', #1934, #1936, #1129, .T. ) ;
#1195 = EDGE_LOOP ( 'NONE', ( #110, #164, #1838, #1121 ) ) ;
#1196 = ORIENTED_EDGE ( 'NONE', *, *, #2999, .T. ) ;
#1197 = CARTESIAN_POINT ( 'NONE',  ( -14.71503324295817272, 3.599999999999999201, -19.01666666666666572 ) ) ;
#1198 = CARTESIAN_POINT ( 'NONE',  ( -9.291960108450199485, -18.47374005464410374, -1.599999999999994316 ) ) ;
#1199 = DIRECTION ( 'NONE',  ( 0.000000000000000000, -1.000000000000000000, 0.000000000000000000 ) ) ;
#1200 = CARTESIAN_POINT ( 'NONE',  ( -17.49999999999999645, 3.600000000000000089, 8.600000000000006750 ) ) ;
#1201 = ORIENTED_EDGE ( 'NONE', *, *, #510, .T. ) ;
#1202 = DIRECTION ( 'NONE',  ( -0.000000000000000000, -1.000000000000000000, -0.000000000000000000 ) ) ;
#1203 = VERTEX_POINT ( 'NONE', #2696 ) ;
#1204 = CARTESIAN_POINT ( 'NONE',  ( -16.00000000000000000, 20.49268122259968550, -21.50966810795325301 ) ) ;
#1205 = ORIENTED_EDGE ( 'NONE', *, *, #2043, .T. ) ;
#1206 = CARTESIAN_POINT ( 'NONE',  ( 17.59024845256884007, 21.59410370944297952, 20.31984028399322995 ) ) ;
#1207 = CIRCLE ( 'NONE', #1003, 0.4000000000000010214 ) ;
#1208 = EDGE_CURVE ( 'NONE', #210, #1380, #2225, .T. ) ;
#1209 = DIRECTION ( 'NONE',  ( 0.000000000000000000, 1.000000000000000000, 0.000000000000000000 ) ) ;
#1210 = DIRECTION ( 'NONE',  ( 0.000000000000000000, 1.000000000000000000, 0.000000000000000000 ) ) ;
#1211 = VECTOR ( 'NONE', #2448, 1000.000000000000000 ) ;
#1212 = ORIENTED_EDGE ( 'NONE', *, *, #2144, .T. ) ;
#1213 = EDGE_CURVE ( 'NONE', #1736, #1589, #2211, .T. ) ;
#1214 = EDGE_LOOP ( 'NONE', ( #953, #934 ) ) ;
#1215 = DIRECTION ( 'NONE',  ( -5.337610695313252371E-16, 0.000000000000000000, -1.000000000000000000 ) ) ;
#1216 = VECTOR ( 'NONE', #1924, 1000.000000000000000 ) ;
#1217 = CARTESIAN_POINT ( 'NONE',  ( -1.300000000000005818, 3.899999999999999911, 23.10000000000000853 ) ) ;
#1218 = DIRECTION ( 'NONE',  ( 0.000000000000000000, 0.000000000000000000, 1.000000000000000000 ) ) ;
#1219 = VERTEX_POINT ( 'NONE', #2953 ) ;
#1220 = CARTESIAN_POINT ( 'NONE',  ( 16.00000000000000000, 19.64999999999999858, -19.09999999999999432 ) ) ;
#1221 = EDGE_LOOP ( 'NONE', ( #2502, #2090, #1343, #2204 ) ) ;
#1222 = VERTEX_POINT ( 'NONE', #3262 ) ;
#1223 = TOROIDAL_SURFACE ( 'NONE', #2039, 2.400000000000000355, 0.4000000000000000222 ) ;
#1224 = ORIENTED_EDGE ( 'NONE', *, *, #1489, .F. ) ;
#1225 = CARTESIAN_POINT ( 'NONE',  ( 17.40799109904564190, 21.20464809183607002, 20.93588084441704567 ) ) ;
#1226 = VECTOR ( 'NONE', #677, 1000.000000000000000 ) ;
#1227 = PLANE ( 'NONE',  #469 ) ;
#1228 = DIRECTION ( 'NONE',  ( 0.000000000000000000, 0.000000000000000000, -1.000000000000000000 ) ) ;
#1229 = VECTOR ( 'NONE', #2005, 1000.000000000000000 ) ;
#1230 = ORIENTED_EDGE ( 'NONE', *, *, #1188, .F. ) ;
#1231 = ADVANCED_FACE ( 'NONE', ( #3000 ), #3123, .T. ) ;
#1232 = ORIENTED_EDGE ( 'NONE', *, *, #1138, .F. ) ;
#1233 = DIRECTION ( 'NONE',  ( 0.000000000000000000, 1.000000000000000000, 0.000000000000000000 ) ) ;
#1234 = PRODUCT ( 'audiobox', 'audiobox', '', ( #1795 ) ) ;
#1235 = ADVANCED_FACE ( 'NONE', ( #1192 ), #100, .F. ) ;
#1236 = CYLINDRICAL_SURFACE ( 'NONE', #1071, 1.400000000000000133 ) ;
#1237 = VERTEX_POINT ( 'NONE', #374 ) ;
#1238 = DIRECTION ( 'NONE',  ( 0.000000000000000000, 0.000000000000000000, 1.000000000000000000 ) ) ;
#1239 = PLANE ( 'NONE',  #3205 ) ;
#1240 = CARTESIAN_POINT ( 'NONE',  ( -16.00000000000003553, 21.24999999999999645, -21.09999999999999432 ) ) ;
#1241 = DIRECTION ( 'NONE',  ( 0.000000000000000000, 0.000000000000000000, -1.000000000000000000 ) ) ;
#1242 = ADVANCED_FACE ( 'NONE', ( #2971 ), #635, .F. ) ;
#1243 = DIRECTION ( 'NONE',  ( 1.032573497605242347E-16, -1.000000000000000000, 0.000000000000000000 ) ) ;
#1244 = ORIENTED_EDGE ( 'NONE', *, *, #1323, .T. ) ;
#1245 = VERTEX_POINT ( 'NONE', #1164 ) ;
#1246 = CARTESIAN_POINT ( 'NONE',  ( 17.21969343708598643, 21.27698179471862616, 20.69035935576987129 ) ) ;
#1247 = VECTOR ( 'NONE', #2841, 1000.000000000000000 ) ;
#1248 = CARTESIAN_POINT ( 'NONE',  ( -15.20803989154980407, 3.599999999999999201, -1.599999999999994316 ) ) ;
#1249 = DIRECTION ( 'NONE',  ( 0.000000000000000000, -1.000000000000000000, 0.000000000000000000 ) ) ;
#1250 = VERTEX_POINT ( 'NONE', #2196 ) ;
#1251 = AXIS2_PLACEMENT_3D ( 'NONE', #2703, #1674, #1913 ) ;
#1252 = ORIENTED_EDGE ( 'NONE', *, *, #2576, .T. ) ;
#1253 = DIRECTION ( 'NONE',  ( 1.000000000000000000, 0.000000000000000000, -1.084202172485504434E-16 ) ) ;
#1254 = CARTESIAN_POINT ( 'NONE',  ( 15.99999999999999645, 19.64999999999999858, -21.09999999999999787 ) ) ;
#1255 = VERTEX_POINT ( 'NONE', #3374 ) ;
#1256 = CARTESIAN_POINT ( 'NONE',  ( -17.50763250878181410, 21.27698179471806128, -20.42080387052492441 ) ) ;
#1257 = VERTEX_POINT ( 'NONE', #996 ) ;
#1258 = CARTESIAN_POINT ( 'NONE',  ( 0.000000000000000000, 22.00000000000000000, 0.000000000000000000 ) ) ;
#1259 = EDGE_CURVE ( 'NONE', #483, #2876, #440, .T. ) ;
#1260 = DIRECTION ( 'NONE',  ( 0.000000000000000000, -1.000000000000000000, -0.000000000000000000 ) ) ;
#1261 = AXIS2_PLACEMENT_3D ( 'NONE', #3154, #2377, #865 ) ;
#1262 = ORIENTED_EDGE ( 'NONE', *, *, #1483, .F. ) ;
#1263 = CARTESIAN_POINT ( 'NONE',  ( -6.500000000000003553, 3.600000000000000089, 2.900000000000006573 ) ) ;
#1264 = VERTEX_POINT ( 'NONE', #244 ) ;
#1265 = EDGE_CURVE ( 'NONE', #1936, #1397, #1287, .T. ) ;
#1266 = CARTESIAN_POINT ( 'NONE',  ( 13.59999999999999432, 6.000000000000000000, 22.60000000000000853 ) ) ;
#1267 = CARTESIAN_POINT ( 'NONE',  ( -15.99999999999999289, 22.00000000000000000, 21.10000000000000853 ) ) ;
#1268 = CARTESIAN_POINT ( 'NONE',  ( -15.99999999999999289, 2.000000000000000000, 21.10000000000000853 ) ) ;
#1269 = VECTOR ( 'NONE', #1303, 1000.000000000000000 ) ;
#1270 = ORIENTED_EDGE ( 'NONE', *, *, #1160, .F. ) ;
#1271 = DIRECTION ( 'NONE',  ( 0.000000000000000000, 1.000000000000000000, 0.000000000000000000 ) ) ;
#1272 = LINE ( 'NONE', #1040, #763 ) ;
#1273 = AXIS2_PLACEMENT_3D ( 'NONE', #1837, #2123, #1584 ) ;
#1274 = CARTESIAN_POINT ( 'NONE',  ( -15.99999999999999645, 21.59410370944288005, 21.10000000000000497 ) ) ;
#1275 = VERTEX_POINT ( 'NONE', #424 ) ;
#1276 = CIRCLE ( 'NONE', #1815, 2.700000000000001066 ) ;
#1277 = CARTESIAN_POINT ( 'NONE',  ( -17.79705990424734097, 21.27698179471807194, -19.98764779070792486 ) ) ;
#1278 = CARTESIAN_POINT ( 'NONE',  ( -18.00000000000001776, 19.78918494657904859, -20.27157287525377782 ) ) ;
#1279 = LINE ( 'NONE', #2312, #1336 ) ;
#1280 = ADVANCED_FACE ( 'NONE', ( #3336 ), #773, .T. ) ;
#1281 = ORIENTED_EDGE ( 'NONE', *, *, #355, .T. ) ;
#1282 = FACE_OUTER_BOUND ( 'NONE', #1922, .T. ) ;
#1283 = ORIENTED_EDGE ( 'NONE', *, *, #2929, .F. ) ;
#1284 = ADVANCED_FACE ( 'NONE', ( #1502 ), #2559, .F. ) ;
#1285 = AXIS2_PLACEMENT_3D ( 'NONE', #1976, #348, #2563 ) ;
#1286 = DIRECTION ( 'NONE',  ( 1.000000000000000000, 0.000000000000000000, 0.000000000000000000 ) ) ;
#1287 = LINE ( 'NONE', #222, #1229 ) ;
#1288 = DIRECTION ( 'NONE',  ( 0.000000000000000000, 0.000000000000000000, -1.000000000000000000 ) ) ;
#1289 = ORIENTED_EDGE ( 'NONE', *, *, #1338, .F. ) ;
#1290 = DIRECTION ( 'NONE',  ( 0.000000000000000000, 0.000000000000000000, 1.000000000000000000 ) ) ;
#1291 = DIRECTION ( 'NONE',  ( 0.000000000000000000, 0.000000000000000000, 1.000000000000000000 ) ) ;
#1292 = FACE_OUTER_BOUND ( 'NONE', #1107, .T. ) ;
#1293 = VECTOR ( 'NONE', #146, 1000.000000000000000 ) ;
#1294 = AXIS2_PLACEMENT_3D ( 'NONE', #1025, #1493, #491 ) ;
#1295 = CARTESIAN_POINT ( 'NONE',  ( -17.50776331479243808, 21.27698179472028883, 20.42065454845968731 ) ) ;
#1296 = DIRECTION ( 'NONE',  ( -0.000000000000000000, 1.000000000000000000, -0.000000000000000000 ) ) ;
#1297 = LINE ( 'NONE', #988, #979 ) ;
#1298 = DIRECTION ( 'NONE',  ( 0.000000000000000000, 0.000000000000000000, 1.000000000000000000 ) ) ;
#1299 = EDGE_LOOP ( 'NONE', ( #3173, #2883, #1769, #2264 ) ) ;
#1300 = FACE_OUTER_BOUND ( 'NONE', #1928, .T. ) ;
#1301 = VERTEX_POINT ( 'NONE', #201 ) ;
#1302 = EDGE_CURVE ( 'NONE', #1500, #2495, #3055, .T. ) ;
#1303 = DIRECTION ( 'NONE',  ( -0.000000000000000000, 1.000000000000000000, 0.000000000000000000 ) ) ;
#1304 = EDGE_CURVE ( 'NONE', #3296, #2486, #1077, .T. ) ;
#1305 = PLANE ( 'NONE',  #1653 ) ;
#1306 = ORIENTED_EDGE ( 'NONE', *, *, #1259, .F. ) ;
#1307 = LINE ( 'NONE', #3133, #2686 ) ;
#1308 = DIRECTION ( 'NONE',  ( -0.000000000000000000, 1.000000000000000000, 0.000000000000000000 ) ) ;
#1309 = ADVANCED_FACE ( 'NONE', ( #2279 ), #1467, .T. ) ;
#1310 = CARTESIAN_POINT ( 'NONE',  ( -17.59035935566075182, 21.59410370944315360, 20.31969343701169350 ) ) ;
#1311 = CARTESIAN_POINT ( 'NONE',  ( -16.60322968182071079, 21.20464809101428116, -21.34921688778268489 ) ) ;
#1312 = CARTESIAN_POINT ( 'NONE',  ( -9.291960108450199485, 8.099999999999999645, -2.099999999999994316 ) ) ;
#1313 = CARTESIAN_POINT ( 'NONE',  ( 19.99999999999999645, 9.100000000000001421, -15.75000000000000000 ) ) ;
#1314 = ORIENTED_EDGE ( 'NONE', *, *, #2982, .T. ) ;
#1315 = CARTESIAN_POINT ( 'NONE',  ( 17.99999999999999645, 2.000000000000001776, -19.09999999999999076 ) ) ;
#1316 = ORIENTED_EDGE ( 'NONE', *, *, #806, .T. ) ;
#1317 = CARTESIAN_POINT ( 'NONE',  ( -16.00000000000000000, 21.24999999999999645, -21.09999999999999432 ) ) ;
#1318 = FACE_OUTER_BOUND ( 'NONE', #1822, .T. ) ;
#1319 = ORIENTED_EDGE ( 'NONE', *, *, #2047, .F. ) ;
#1320 = CARTESIAN_POINT ( 'NONE',  ( 16.00000000000000000, 22.00000000000000000, -23.09999999999999432 ) ) ;
#1321 = ADVANCED_FACE ( 'NONE', ( #2836, #2796 ), #1227, .F. ) ;
#1322 = CARTESIAN_POINT ( 'NONE',  ( 18.00000000000000711, 19.64999999999999858, 19.10000000000000497 ) ) ;
#1323 = EDGE_CURVE ( 'NONE', #177, #272, #906, .T. ) ;
#1324 = CARTESIAN_POINT ( 'NONE',  ( -16.52269544858630823, 21.27698179471806483, 21.04837396471073774 ) ) ;
#1325 = CARTESIAN_POINT ( 'NONE',  ( 20.00000000000000355, 22.00000000000000000, 23.10000000000000853 ) ) ;
#1326 = VECTOR ( 'NONE', #876, 1000.000000000000000 ) ;
#1327 = LINE ( 'NONE', #298, #1091 ) ;
#1328 = CARTESIAN_POINT ( 'NONE',  ( 15.99999999999999289, 21.59999999999999787, -21.49999999999999645 ) ) ;
#1329 = CIRCLE ( 'NONE', #2466, 0.5000000000000000000 ) ;
#1330 = ORIENTED_EDGE ( 'NONE', *, *, #2475, .F. ) ;
#1331 = CARTESIAN_POINT ( 'NONE',  ( -9.291960108450199485, 3.599999999999999201, -19.09999999999999787 ) ) ;
#1332 = ORIENTED_EDGE ( 'NONE', *, *, #2668, .F. ) ;
#1333 = DIRECTION ( 'NONE',  ( -1.000000000000000000, 0.000000000000000000, 0.000000000000000000 ) ) ;
#1334 = CARTESIAN_POINT ( 'NONE',  ( -19.99999999999999645, 21.59999999999999787, 21.10000000000000853 ) ) ;
#1335 = CARTESIAN_POINT ( 'NONE',  ( -18.00000000000000000, 7.099999999999999645, 3.900000000000008349 ) ) ;
#1336 = VECTOR ( 'NONE', #2036, 1000.000000000000000 ) ;
#1337 = DIRECTION ( 'NONE',  ( -1.000000000000000000, 0.000000000000000000, 1.084202172485504434E-16 ) ) ;
#1338 = EDGE_CURVE ( 'NONE', #820, #2527, #2125, .T. ) ;
#1339 = CARTESIAN_POINT ( 'NONE',  ( -16.30576825399703367, 21.20464809086344360, 21.40876228215858035 ) ) ;
#1340 = CARTESIAN_POINT ( 'NONE',  ( -17.99999999999999645, 2.000000000000001776, 19.10000000000000497 ) ) ;
#1341 = CARTESIAN_POINT ( 'NONE',  ( 17.17157287525381548, 19.78918494657904859, -21.09999999999999787 ) ) ;
#1342 = EDGE_CURVE ( 'NONE', #93, #2163, #2518, .T. ) ;
#1343 = ORIENTED_EDGE ( 'NONE', *, *, #2, .T. ) ;
#1344 = CARTESIAN_POINT ( 'NONE',  ( -17.74650812517910836, 21.59410370944292268, 20.10947279642994800 ) ) ;
#1345 = EDGE_LOOP ( 'NONE', ( #1112, #1533, #731, #1470 ) ) ;
#1346 = ADVANCED_FACE ( 'NONE', ( #2062 ), #2848, .T. ) ;
#1347 = CARTESIAN_POINT ( 'NONE',  ( 0.000000000000000000, 21.24999999999999645, -21.09999999999999432 ) ) ;
#1348 = CARTESIAN_POINT ( 'NONE',  ( -16.00000000000000000, 21.20464809186997712, -21.40876227786208119 ) ) ;
#1349 = DIRECTION ( 'NONE',  ( 0.000000000000000000, 1.000000000000000000, 0.000000000000000000 ) ) ;
#1350 = DIRECTION ( 'NONE',  ( 0.000000000000000000, 0.000000000000000000, 1.000000000000000000 ) ) ;
#1351 = AXIS2_PLACEMENT_3D ( 'NONE', #3304, #1233, #206 ) ;
#1352 = DIRECTION ( 'NONE',  ( 0.000000000000000000, 0.000000000000000000, 1.000000000000000000 ) ) ;
#1353 = CARTESIAN_POINT ( 'NONE',  ( -16.26501320114304150, 21.27698179473076223, -21.10000000414579446 ) ) ;
#1354 = CARTESIAN_POINT ( 'NONE',  ( -1.300000000000006040, 6.000000000000000000, 21.60000000000000853 ) ) ;
#1355 = DIRECTION ( 'NONE',  ( -1.000000000000000000, 0.000000000000000000, 0.000000000000000000 ) ) ;
#1356 = AXIS2_PLACEMENT_3D ( 'NONE', #1568, #3106, #1748 ) ;
#1357 = EDGE_CURVE ( 'NONE', #2177, #3211, #3299, .T. ) ;
#1358 = EDGE_LOOP ( 'NONE', ( #2145, #258, #156, #1429 ) ) ;
#1359 = DIRECTION ( 'NONE',  ( 1.000000000000000000, -0.000000000000000000, -1.508455196501571429E-16 ) ) ;
#1360 = VERTEX_POINT ( 'NONE', #1538 ) ;
#1361 = EDGE_CURVE ( 'NONE', #1836, #2807, #2102, .T. ) ;
#1362 = CARTESIAN_POINT ( 'NONE',  ( 0.000000000000000000, 19.78918494657904859, -21.09999999999999432 ) ) ;
#1363 = ORIENTED_EDGE ( 'NONE', *, *, #2424, .T. ) ;
#1364 = CARTESIAN_POINT ( 'NONE',  ( -17.99999999999999645, 2.000000000000001776, 19.10000000000000497 ) ) ;
#1365 = DIRECTION ( 'NONE',  ( 0.000000000000000000, 0.000000000000000000, 1.000000000000000000 ) ) ;
#1366 = CARTESIAN_POINT ( 'NONE',  ( -11.62999999999999723, 4.699999999999988631, 23.10000000000000853 ) ) ;
#1367 = CARTESIAN_POINT ( 'NONE',  ( -15.99999999999999289, 21.59999999999999787, 19.10000000000000497 ) ) ;
#1368 = DIRECTION ( 'NONE',  ( 1.000000000000000000, 0.000000000000000000, 0.000000000000000000 ) ) ;
#1369 = CARTESIAN_POINT ( 'NONE',  ( 17.50776331479050540, 21.27698179471973106, -20.42065454845938177 ) ) ;
#1370 = LINE ( 'NONE', #72, #220 ) ;
#1371 = CARTESIAN_POINT ( 'NONE',  ( 18.00000000000000355, 21.24999999999999645, -19.09999999999999076 ) ) ;
#1372 = VECTOR ( 'NONE', #2987, 1000.000000000000000 ) ;
#1373 = ORIENTED_EDGE ( 'NONE', *, *, #3045, .T. ) ;
#1374 = DIRECTION ( 'NONE',  ( 0.000000000000000000, -1.000000000000000000, 0.000000000000000000 ) ) ;
#1375 = ORIENTED_EDGE ( 'NONE', *, *, #2986, .F. ) ;
#1376 = AXIS2_PLACEMENT_3D ( 'NONE', #580, #819, #2639 ) ;
#1377 = EDGE_CURVE ( 'NONE', #2078, #1500, #3334, .T. ) ;
#1378 = CIRCLE ( 'NONE', #2242, 0.5000000000000004441 ) ;
#1379 = AXIS2_PLACEMENT_3D ( 'NONE', #290, #1870, #2658 ) ;
#1380 = VERTEX_POINT ( 'NONE', #531 ) ;
#1381 = CARTESIAN_POINT ( 'NONE',  ( -18.40000000000000213, 21.59999999999999787, -23.09999999999999432 ) ) ;
#1382 = ADVANCED_FACE ( 'NONE', ( #2866 ), #767, .F. ) ;
#1383 = CIRCLE ( 'NONE', #2799, 0.4000000000000010214 ) ;
#1384 = DIRECTION ( 'NONE',  ( -0.000000000000000000, -1.000000000000000000, -0.000000000000000000 ) ) ;
#1385 = CARTESIAN_POINT ( 'NONE',  ( -6.500000000000002665, 8.099999999999999645, -18.59999999999999787 ) ) ;
#1386 = DIRECTION ( 'NONE',  ( 0.000000000000000000, -1.000000000000000000, 0.000000000000000000 ) ) ;
#1387 = CIRCLE ( 'NONE', #1171, 2.399999999999999467 ) ;
#1388 = DIRECTION ( 'NONE',  ( 0.000000000000000000, -1.000000000000000000, -0.000000000000000000 ) ) ;
#1389 = ORIENTED_EDGE ( 'NONE', *, *, #275, .F. ) ;
#1390 = CARTESIAN_POINT ( 'NONE',  ( 17.99999999999999289, 21.59410370944618762, -19.36501320210916788 ) ) ;
#1391 = DIRECTION ( 'NONE',  ( -1.501925087425806872E-16, 0.000000000000000000, -1.000000000000000000 ) ) ;
#1392 = CARTESIAN_POINT ( 'NONE',  ( -1.300000000000006040, 6.000000000000000000, 21.60000000000000853 ) ) ;
#1393 = AXIS2_PLACEMENT_3D ( 'NONE', #1711, #2546, #930 ) ;
#1394 = ORIENTED_EDGE ( 'NONE', *, *, #3030, .F. ) ;
#1395 = PRODUCT_DEFINITION_FORMATION_WITH_SPECIFIED_SOURCE ( 'ANY', '', #1234, .NOT_KNOWN. ) ;
#1396 = CARTESIAN_POINT ( 'NONE',  ( 17.22722607272554285, 21.59410370944288715, 20.70117391831407971 ) ) ;
#1397 = VERTEX_POINT ( 'NONE', #195 ) ;
#1398 = VECTOR ( 'NONE', #2302, 1000.000000000000000 ) ;
#1399 = ORIENTED_EDGE ( 'NONE', *, *, #842, .F. ) ;
#1400 = CARTESIAN_POINT ( 'NONE',  ( -16.00000000000000000, 21.20464809186997712, -21.40876227786208119 ) ) ;
#1401 = CARTESIAN_POINT ( 'NONE',  ( -15.99999999999999645, 21.16400731508066002, 22.11544195096117704 ) ) ;
#1402 = EDGE_CURVE ( 'NONE', #916, #868, #1949, .T. ) ;
#1403 = CARTESIAN_POINT ( 'NONE',  ( 16.00000000000000355, 19.78918494657904859, 21.10000000000000853 ) ) ;
#1404 = CARTESIAN_POINT ( 'NONE',  ( -6.500000000000005329, 3.600000000000000089, -21.09999999999999432 ) ) ;
#1405 = EDGE_CURVE ( 'NONE', #2758, #2833, #2810, .T. ) ;
#1406 = EDGE_LOOP ( 'NONE', ( #3093, #1515, #733, #2782 ) ) ;
#1407 = DIRECTION ( 'NONE',  ( 0.000000000000000000, 0.000000000000000000, 1.000000000000000000 ) ) ;
#1408 = CARTESIAN_POINT ( 'NONE',  ( 18.00000000000001066, 19.78918494657904859, 19.10000000000000497 ) ) ;
#1409 = CARTESIAN_POINT ( 'NONE',  ( 0.000000000000000000, 21.59410370944288360, -21.09999999999999432 ) ) ;
#1410 = APPLICATION_CONTEXT ( 'automotive_design' ) ;
#1411 = ORIENTED_EDGE ( 'NONE', *, *, #867, .F. ) ;
#1412 = CARTESIAN_POINT ( 'NONE',  ( 16.52305923513423380, 21.59410370944292623, 21.04826461102940982 ) ) ;
#1413 = ORIENTED_EDGE ( 'NONE', *, *, #383, .T. ) ;
#1414 = VECTOR ( 'NONE', #493, 1000.000000000000000 ) ;
#1415 = ORIENTED_EDGE ( 'NONE', *, *, #1839, .T. ) ;
#1416 = CARTESIAN_POINT ( 'NONE',  ( 18.44711635226611435, 20.55698864586779706, -19.09999999999999076 ) ) ;
#1417 = PLANE ( 'NONE',  #1488 ) ;
#1418 = DIRECTION ( 'NONE',  ( 0.000000000000000000, 0.000000000000000000, 1.000000000000000000 ) ) ;
#1419 = CARTESIAN_POINT ( 'NONE',  ( -14.71503324295816917, -18.47374005464410374, -1.683333333333328019 ) ) ;
#1420 = VECTOR ( 'NONE', #463, 1000.000000000000000 ) ;
#1421 = EDGE_CURVE ( 'NONE', #2964, #1469, #1680, .T. ) ;
#1422 = EDGE_LOOP ( 'NONE', ( #1787, #775, #1672, #2282 ) ) ;
#1423 = CARTESIAN_POINT ( 'NONE',  ( -18.00000000000000355, 3.600000000000000089, 7.600000000000012967 ) ) ;
#1424 = DIRECTION ( 'NONE',  ( -1.000000000000000000, 0.000000000000000000, 3.016910393003142366E-16 ) ) ;
#1425 = DIRECTION ( 'NONE',  ( 0.000000000000000000, -1.000000000000000000, -0.000000000000000000 ) ) ;
#1426 = EDGE_CURVE ( 'NONE', #974, #1166, #1043, .T. ) ;
#1427 = ORIENTED_EDGE ( 'NONE', *, *, #208, .F. ) ;
#1428 = DIRECTION ( 'NONE',  ( 0.000000000000000000, 0.000000000000000000, 1.000000000000000000 ) ) ;
#1429 = ORIENTED_EDGE ( 'NONE', *, *, #1302, .F. ) ;
#1430 = CIRCLE ( 'NONE', #57, 1.400000000000000133 ) ;
#1431 = AXIS2_PLACEMENT_3D ( 'NONE', #197, #1243, #2317 ) ;
#1432 = ORIENTED_EDGE ( 'NONE', *, *, #613, .F. ) ;
#1433 = CARTESIAN_POINT ( 'NONE',  ( -17.17157287525381193, 19.64999999999999858, 21.10000000000001563 ) ) ;
#1434 = CARTESIAN_POINT ( 'NONE',  ( 15.99999999999999289, 22.00000000000000000, -21.49999999999999645 ) ) ;
#1435 = DIRECTION ( 'NONE',  ( -0.000000000000000000, -0.000000000000000000, 1.000000000000000000 ) ) ;
#1436 = ORIENTED_EDGE ( 'NONE', *, *, #3283, .T. ) ;
#1437 = CARTESIAN_POINT ( 'NONE',  ( 14.09999999999999432, 6.000000000000000000, 22.60000000000000853 ) ) ;
#1438 = CARTESIAN_POINT ( 'NONE',  ( 20.00000000000000000, 6.800000000000002487, -7.849999999999999645 ) ) ;
#1439 = ADVANCED_FACE ( 'NONE', ( #3066 ), #710, .T. ) ;
#1440 = DIRECTION ( 'NONE',  ( 0.000000000000000000, 0.000000000000000000, 1.000000000000000000 ) ) ;
#1441 = VECTOR ( 'NONE', #3239, 1000.000000000000000 ) ;
#1442 = CARTESIAN_POINT ( 'NONE',  ( 15.99999999999999645, 21.20464809186999133, -21.40876227786208474 ) ) ;
#1443 = ORIENTED_EDGE ( 'NONE', *, *, #3392, .T. ) ;
#1444 = CARTESIAN_POINT ( 'NONE',  ( 16.00000000000000355, 22.00000000000000000, 19.10000000000000497 ) ) ;
#1445 = VERTEX_POINT ( 'NONE', #3326 ) ;
#1446 = EDGE_CURVE ( 'NONE', #550, #2092, #1297, .T. ) ;
#1447 = EDGE_CURVE ( 'NONE', #2930, #985, #509, .T. ) ;
#1448 = CIRCLE ( 'NONE', #853, 2.499999999999994227 ) ;
#1449 = EDGE_LOOP ( 'NONE', ( #1885, #1615, #25, #3317 ) ) ;
#1450 =( GEOMETRIC_REPRESENTATION_CONTEXT ( 3 ) GLOBAL_UNCERTAINTY_ASSIGNED_CONTEXT ( ( #2769 ) ) GLOBAL_UNIT_ASSIGNED_CONTEXT ( ( #2583, #484, #2503 ) ) REPRESENTATION_CONTEXT ( 'NONE', 'WORKASPACE' ) );
#1451 = DIRECTION ( 'NONE',  ( 0.000000000000000000, 0.000000000000000000, 1.000000000000000000 ) ) ;
#1452 = CARTESIAN_POINT ( 'NONE',  ( 16.00000000000000355, 21.16400731508066002, 22.11544195096116994 ) ) ;
#1453 = CARTESIAN_POINT ( 'NONE',  ( 18.00000000000000355, 2.000000000000000000, 23.10000000000000853 ) ) ;
#1454 = ORIENTED_EDGE ( 'NONE', *, *, #1525, .F. ) ;
#1455 = ORIENTED_EDGE ( 'NONE', *, *, #2149, .F. ) ;
#1456 = CARTESIAN_POINT ( 'NONE',  ( -17.49999999999999645, 8.099999999999999645, 3.400000000000008349 ) ) ;
#1457 = DIRECTION ( 'NONE',  ( -1.000000000000000000, 8.908452710415083754E-15, 0.000000000000000000 ) ) ;
#1458 = CARTESIAN_POINT ( 'NONE',  ( -6.500000000000002665, 8.099999999999999645, -19.09999999999999787 ) ) ;
#1459 = CARTESIAN_POINT ( 'NONE',  ( -16.00000000000000000, 8.099999999999999645, -19.09999999999999076 ) ) ;
#1460 = VERTEX_POINT ( 'NONE', #1513 ) ;
#1461 = LINE ( 'NONE', #2493, #3073 ) ;
#1462 = ORIENTED_EDGE ( 'NONE', *, *, #941, .F. ) ;
#1463 = EDGE_CURVE ( 'NONE', #1237, #642, #1783, .T. ) ;
#1464 = ORIENTED_EDGE ( 'NONE', *, *, #918, .F. ) ;
#1465 = ADVANCED_FACE ( 'NONE', ( #2347 ), #5, .T. ) ;
#1466 = CARTESIAN_POINT ( 'NONE',  ( 17.59024845268578474, 21.27698179471873985, 20.31984028407142873 ) ) ;
#1467 = CYLINDRICAL_SURFACE ( 'NONE', #2373, 0.5000000000000004441 ) ;
#1468 = DIRECTION ( 'NONE',  ( 0.000000000000000000, -0.000000000000000000, 1.000000000000000000 ) ) ;
#1469 = VERTEX_POINT ( 'NONE', #2530 ) ;
#1470 = ORIENTED_EDGE ( 'NONE', *, *, #1877, .T. ) ;
#1471 = LINE ( 'NONE', #205, #2147 ) ;
#1472 = CARTESIAN_POINT ( 'NONE',  ( -12.25000000000000178, 8.099999999999999645, 0.3999999999999988565 ) ) ;
#1473 = CARTESIAN_POINT ( 'NONE',  ( -1.800000000000006040, 6.000000000000000000, 22.60000000000000853 ) ) ;
#1474 = CARTESIAN_POINT ( 'NONE',  ( -16.52305923513423380, 21.59410370944291557, -21.04826461102940627 ) ) ;
#1475 = ORIENTED_EDGE ( 'NONE', *, *, #739, .T. ) ;
#1476 = DIRECTION ( 'NONE',  ( 0.000000000000000000, 1.000000000000000000, 0.000000000000000000 ) ) ;
#1477 = ORIENTED_EDGE ( 'NONE', *, *, #2286, .F. ) ;
#1478 = EDGE_LOOP ( 'NONE', ( #687, #224, #863, #910 ) ) ;
#1479 = ADVANCED_FACE ( 'NONE', ( #3138, #2271 ), #474, .T. ) ;
#1480 = EDGE_LOOP ( 'NONE', ( #1804, #265, #1455, #629 ) ) ;
#1481 = CARTESIAN_POINT ( 'NONE',  ( 17.32065454845609054, 21.27698179471751416, 20.60776331478912837 ) ) ;
#1482 = DIRECTION ( 'NONE',  ( 0.000000000000000000, 1.000000000000000000, 0.000000000000000000 ) ) ;
#1483 = EDGE_CURVE ( 'NONE', #703, #2055, #2888, .T. ) ;
#1484 = LINE ( 'NONE', #1971, #1754 ) ;
#1485 = EDGE_LOOP ( 'NONE', ( #2432, #1633, #3080, #1759 ) ) ;
#1486 = ORIENTED_EDGE ( 'NONE', *, *, #846, .T. ) ;
#1487 = CARTESIAN_POINT ( 'NONE',  ( -7.000000000000002665, 2.000000000000000000, 7.600000000000005862 ) ) ;
#1488 = AXIS2_PLACEMENT_3D ( 'NONE', #648, #634, #372 ) ;
#1489 = EDGE_CURVE ( 'NONE', #2416, #3230, #311, .T. ) ;
#1490 = VECTOR ( 'NONE', #1097, 1000.000000000000000 ) ;
#1491 = LINE ( 'NONE', #191, #1226 ) ;
#1492 = ORIENTED_EDGE ( 'NONE', *, *, #538, .F. ) ;
#1493 = DIRECTION ( 'NONE',  ( 1.000000000000000000, 0.000000000000000000, -1.084202172485504434E-16 ) ) ;
#1494 = VERTEX_POINT ( 'NONE', #51 ) ;
#1495 = CARTESIAN_POINT ( 'NONE',  ( -18.00000000000001776, 21.24999999999999645, -20.27157287525377782 ) ) ;
#1496 = CARTESIAN_POINT ( 'NONE',  ( 14.09999999999999432, 3.899999999999999911, 22.60000000000000853 ) ) ;
#1497 = AXIS2_PLACEMENT_3D ( 'NONE', #2607, #476, #253 ) ;
#1498 = LINE ( 'NONE', #3109, #235 ) ;
#1499 = ORIENTED_EDGE ( 'NONE', *, *, #3078, .T. ) ;
#1500 = VERTEX_POINT ( 'NONE', #21 ) ;
#1501 = DIRECTION ( 'NONE',  ( 0.000000000000000000, -1.000000000000000000, 0.000000000000000000 ) ) ;
#1502 = FACE_OUTER_BOUND ( 'NONE', #904, .T. ) ;
#1503 = DIRECTION ( 'NONE',  ( 0.000000000000000000, 1.000000000000000000, 0.000000000000000000 ) ) ;
#1504 = AXIS2_PLACEMENT_3D ( 'NONE', #1970, #340, #2179 ) ;
#1505 = ORIENTED_EDGE ( 'NONE', *, *, #1302, .T. ) ;
#1506 = EDGE_CURVE ( 'NONE', #3296, #2748, #2136, .T. ) ;
#1507 = ORIENTED_EDGE ( 'NONE', *, *, #2475, .T. ) ;
#1508 = ADVANCED_FACE ( 'NONE', ( #848 ), #490, .T. ) ;
#1509 = CYLINDRICAL_SURFACE ( 'NONE', #188, 0.4000000000000010214 ) ;
#1510 = ORIENTED_EDGE ( 'NONE', *, *, #653, .F. ) ;
#1511 = DIRECTION ( 'NONE',  ( -1.062021414152979033E-16, 0.7071067811865523467, -0.7071067811865426878 ) ) ;
#1512 = CARTESIAN_POINT ( 'NONE',  ( -18.40000000000000213, 21.59999999999999787, -19.09999999999999076 ) ) ;
#1513 = CARTESIAN_POINT ( 'NONE',  ( -6.000000000000005329, 2.000000000000000000, -21.09999999999999432 ) ) ;
#1514 = CARTESIAN_POINT ( 'NONE',  ( -20.00000000000000355, 2.000000000000000000, -23.09999999999999432 ) ) ;
#1515 = ORIENTED_EDGE ( 'NONE', *, *, #295, .F. ) ;
#1516 = CARTESIAN_POINT ( 'NONE',  ( -9.784966757041834384, -18.47374005464410374, -1.683333333333328019 ) ) ;
#1517 = ORIENTED_EDGE ( 'NONE', *, *, #2714, .T. ) ;
#1518 =( BOUNDED_CURVE ( )  B_SPLINE_CURVE ( 3, ( #794, #1860, #2132, #1608 ),
 .UNSPECIFIED., .F., .F. ) 
 B_SPLINE_CURVE_WITH_KNOTS ( ( 4, 4 ),
 ( 0.000000000000000000, 1.570796326794882791 ),
 .UNSPECIFIED. ) 
 CURVE ( )  GEOMETRIC_REPRESENTATION_ITEM ( )  RATIONAL_B_SPLINE_CURVE ( ( 1.000000000000000000, 0.8047378541243681571, 0.8047378541243681571, 1.000000000000000000 ) ) 
 REPRESENTATION_ITEM ( '' )  );
#1519 = AXIS2_PLACEMENT_3D ( 'NONE', #2030, #3082, #2822 ) ;
#1520 = DIRECTION ( 'NONE',  ( 0.000000000000000000, -1.000000000000000000, 0.000000000000000000 ) ) ;
#1521 = DIRECTION ( 'NONE',  ( 0.000000000000000000, -1.000000000000000000, 0.000000000000000000 ) ) ;
#1522 = EDGE_LOOP ( 'NONE', ( #1556, #418, #2547, #3275 ) ) ;
#1523 = AXIS2_PLACEMENT_3D ( 'NONE', #91, #1141, #2362 ) ;
#1524 = DIRECTION ( 'NONE',  ( 1.508455196501571429E-16, 0.000000000000000000, 1.000000000000000000 ) ) ;
#1525 = EDGE_CURVE ( 'NONE', #3331, #1245, #2881, .T. ) ;
#1526 = DIRECTION ( 'NONE',  ( 0.000000000000000000, -1.000000000000000000, 0.000000000000000000 ) ) ;
#1527 = ORIENTED_EDGE ( 'NONE', *, *, #2126, .T. ) ;
#1528 = CARTESIAN_POINT ( 'NONE',  ( -18.30876228215585755, 21.20464809086408664, -19.40576825399670469 ) ) ;
#1529 = VERTEX_POINT ( 'NONE', #1089 ) ;
#1530 = DIRECTION ( 'NONE',  ( -0.000000000000000000, -1.000000000000000000, -0.000000000000000000 ) ) ;
#1531 = DIRECTION ( 'NONE',  ( 0.000000000000000000, -0.000000000000000000, 1.000000000000000000 ) ) ;
#1532 = EDGE_CURVE ( 'NONE', #2600, #1529, #1641, .T. ) ;
#1533 = ORIENTED_EDGE ( 'NONE', *, *, #1156, .T. ) ;
#1534 = ORIENTED_EDGE ( 'NONE', *, *, #690, .F. ) ;
#1535 = CARTESIAN_POINT ( 'NONE',  ( 19.99999999999999645, 10.50000000000000178, -14.34999999999999964 ) ) ;
#1536 = EDGE_LOOP ( 'NONE', ( #455, #1050, #725, #96 ) ) ;
#1537 = CARTESIAN_POINT ( 'NONE',  ( 16.00000000000000711, 0.000000000000000000, 23.10000000000000853 ) ) ;
#1538 = CARTESIAN_POINT ( 'NONE',  ( -7.000000000000002665, 2.000000000000000000, 8.100000000000006750 ) ) ;
#1539 = DIRECTION ( 'NONE',  ( 0.000000000000000000, -1.000000000000000000, -0.000000000000000000 ) ) ;
#1540 = CIRCLE ( 'NONE', #1696, 2.000000000000001776 ) ;
#1541 = ORIENTED_EDGE ( 'NONE', *, *, #1265, .T. ) ;
#1542 = DIRECTION ( 'NONE',  ( 0.000000000000000000, 0.000000000000000000, -1.000000000000000000 ) ) ;
#1543 = DIRECTION ( 'NONE',  ( 0.000000000000000000, -0.000000000000000000, 1.000000000000000000 ) ) ;
#1544 = DIRECTION ( 'NONE',  ( -1.000000000000000000, 0.000000000000000000, 0.000000000000000000 ) ) ;
#1545 = VECTOR ( 'NONE', #3001, 1000.000000000000000 ) ;
#1546 = AXIS2_PLACEMENT_3D ( 'NONE', #1563, #2327, #1290 ) ;
#1547 = EDGE_CURVE ( 'NONE', #3014, #3038, #1849, .T. ) ;
#1548 = CARTESIAN_POINT ( 'NONE',  ( -17.32080387052385717, 21.27698179471698481, 20.60763250878046193 ) ) ;
#1549 = AXIS2_PLACEMENT_3D ( 'NONE', #3373, #3087, #1352 ) ;
#1550 = CARTESIAN_POINT ( 'NONE',  ( -17.02461193387549798, 21.20464809229783043, -21.17452970053422234 ) ) ;
#1551 = CARTESIAN_POINT ( 'NONE',  ( -16.00000000000003553, 19.64999999999999858, -21.09999999999999432 ) ) ;
#1552 = DIRECTION ( 'NONE',  ( -0.000000000000000000, 1.000000000000000000, -0.000000000000000000 ) ) ;
#1553 = EDGE_CURVE ( 'NONE', #3350, #1529, #1793, .T. ) ;
#1554 = ORIENTED_EDGE ( 'NONE', *, *, #1835, .T. ) ;
#1555 = DIRECTION ( 'NONE',  ( 0.000000000000000000, -1.000000000000000000, 0.000000000000000000 ) ) ;
#1556 = ORIENTED_EDGE ( 'NONE', *, *, #837, .F. ) ;
#1557 = FACE_OUTER_BOUND ( 'NONE', #2492, .T. ) ;
#1558 = ADVANCED_FACE ( 'NONE', ( #2120 ), #2621, .T. ) ;
#1559 = CARTESIAN_POINT ( 'NONE',  ( -6.707106781186557676, 7.600000000000008527, 3.400000000000006573 ) ) ;
#1560 = FACE_OUTER_BOUND ( 'NONE', #351, .T. ) ;
#1561 = AXIS2_PLACEMENT_3D ( 'NONE', #1855, #1130, #2352 ) ;
#1562 = VERTEX_POINT ( 'NONE', #1354 ) ;
#1563 = CARTESIAN_POINT ( 'NONE',  ( 14.09999999999999432, 6.000000000000000000, 21.60000000000000853 ) ) ;
#1564 = DIRECTION ( 'NONE',  ( 0.000000000000000000, -1.000000000000000000, 0.000000000000000000 ) ) ;
#1565 = CIRCLE ( 'NONE', #2976, 2.700000000000001066 ) ;
#1566 = CARTESIAN_POINT ( 'NONE',  ( 19.01544195096116852, 21.16400731508066002, 19.10000000000000142 ) ) ;
#1567 = CARTESIAN_POINT ( 'NONE',  ( -17.15852189274906436, 21.20464809190385225, -21.10267931346329817 ) ) ;
#1568 = CARTESIAN_POINT ( 'NONE',  ( -11.62999999999999723, 4.699999999999988631, 21.10000000000000853 ) ) ;
#1569 = CARTESIAN_POINT ( 'NONE',  ( 0.000000000000000000, 21.06119768739733544, -22.02109196514350486 ) ) ;
#1570 = VERTEX_POINT ( 'NONE', #560 ) ;
#1571 = DIRECTION ( 'NONE',  ( 0.000000000000000000, -1.000000000000000000, 0.000000000000000000 ) ) ;
#1572 = ORIENTED_EDGE ( 'NONE', *, *, #650, .T. ) ;
#1573 = EDGE_CURVE ( 'NONE', #2872, #77, #1597, .T. ) ;
#1574 = DIRECTION ( 'NONE',  ( -0.000000000000000000, 1.000000000000000000, -0.000000000000000000 ) ) ;
#1575 = EDGE_CURVE ( 'NONE', #1222, #1932, #2636, .T. ) ;
#1576 = ORIENTED_EDGE ( 'NONE', *, *, #715, .T. ) ;
#1577 = CARTESIAN_POINT ( 'NONE',  ( 16.00000000000000000, 9.100000000000001421, -7.849999999999999645 ) ) ;
#1578 = CARTESIAN_POINT ( 'NONE',  ( 14.09999999999999432, 6.000000000000000000, 21.60000000000000853 ) ) ;
#1579 = CARTESIAN_POINT ( 'NONE',  ( 17.76640499832426912, 21.16400731508066357, 22.11544195096117349 ) ) ;
#1580 = CARTESIAN_POINT ( 'NONE',  ( -19.01544195096116852, 21.16400731508066002, -19.09999999999999432 ) ) ;
#1581 = CARTESIAN_POINT ( 'NONE',  ( -15.20803989154980762, 3.599999999999999201, -19.09999999999999787 ) ) ;
#1582 = CARTESIAN_POINT ( 'NONE',  ( -17.79289321881345032, 7.600000000000004974, 3.400000000000008349 ) ) ;
#1583 = EDGE_LOOP ( 'NONE', ( #2340, #2501, #3387, #117 ) ) ;
#1584 = DIRECTION ( 'NONE',  ( 0.000000000000000000, 0.000000000000000000, 1.000000000000000000 ) ) ;
#1585 = ORIENTED_EDGE ( 'NONE', *, *, #587, .F. ) ;
#1586 = PLANE ( 'NONE',  #1379 ) ;
#1587 = ADVANCED_FACE ( 'NONE', ( #829 ), #1625, .T. ) ;
#1588 = FACE_OUTER_BOUND ( 'NONE', #1406, .T. ) ;
#1589 = VERTEX_POINT ( 'NONE', #2157 ) ;
#1590 = DIRECTION ( 'NONE',  ( -1.501925087425806872E-16, 0.000000000000000000, -1.000000000000000000 ) ) ;
#1591 = EDGE_CURVE ( 'NONE', #272, #985, #284, .T. ) ;
#1592 = DIRECTION ( 'NONE',  ( 0.000000000000000000, 1.000000000000000000, 0.000000000000000000 ) ) ;
#1593 = CARTESIAN_POINT ( 'NONE',  ( 14.09999999999999432, 3.899999999999999911, 21.60000000000000853 ) ) ;
#1594 = EDGE_CURVE ( 'NONE', #1836, #1000, #1327, .T. ) ;
#1595 = CARTESIAN_POINT ( 'NONE',  ( -18.00000000000000711, 19.78918494657904859, -19.09999999999999432 ) ) ;
#1596 = VECTOR ( 'NONE', #441, 1000.000000000000000 ) ;
#1597 = LINE ( 'NONE', #2927, #921 ) ;
#1598 = DIRECTION ( 'NONE',  ( -1.032573497605242347E-16, 1.000000000000000000, 0.000000000000000000 ) ) ;
#1599 = AXIS2_PLACEMENT_3D ( 'NONE', #2980, #2478, #643 ) ;
#1600 = VERTEX_POINT ( 'NONE', #1865 ) ;
#1601 = LINE ( 'NONE', #94, #170 ) ;
#1602 = ORIENTED_EDGE ( 'NONE', *, *, #2300, .T. ) ;
#1603 = LINE ( 'NONE', #2626, #789 ) ;
#1604 = LINE ( 'NONE', #3113, #2863 ) ;
#1605 = VECTOR ( 'NONE', #1296, 1000.000000000000000 ) ;
#1606 = DIRECTION ( 'NONE',  ( -0.000000000000000000, 1.000000000000000000, 0.000000000000000000 ) ) ;
#1607 = AXIS2_PLACEMENT_3D ( 'NONE', #1142, #3224, #1945 ) ;
#1608 = CARTESIAN_POINT ( 'NONE',  ( -6.500000000000002665, 3.600000000000000089, 7.600000000000012967 ) ) ;
#1609 = EDGE_CURVE ( 'NONE', #2814, #1776, #2911, .T. ) ;
#1610 = DIRECTION ( 'NONE',  ( -0.000000000000000000, 1.000000000000000000, -0.000000000000000000 ) ) ;
#1611 = CARTESIAN_POINT ( 'NONE',  ( 16.00000000000000000, 21.59410370944288005, -21.09999999999999787 ) ) ;
#1612 = DIRECTION ( 'NONE',  ( -0.000000000000000000, -1.000000000000000000, -0.000000000000000000 ) ) ;
#1613 = CARTESIAN_POINT ( 'NONE',  ( 18.44711635226611079, 20.55698864586779706, -19.09999999999999076 ) ) ;
#1614 = EDGE_CURVE ( 'NONE', #1785, #434, #1370, .T. ) ;
#1615 = ORIENTED_EDGE ( 'NONE', *, *, #2440, .F. ) ;
#1616 = DIRECTION ( 'NONE',  ( -0.000000000000000000, -1.000000000000000000, -0.000000000000000000 ) ) ;
#1617 = ORIENTED_EDGE ( 'NONE', *, *, #2465, .T. ) ;
#1618 = CLOSED_SHELL ( 'NONE', ( #3244, #3229, #3279, #1558, #1682, #279, #2207, #1284, #2943, #88, #1715, #1979, #1081, #1752, #1587, #1875, #2190, #1856, #1321, #1242, #2111, #3371, #2591, #1479, #1686, #557, #24, #2820, #698, #1843, #142, #2823, #3375, #1956, #495, #570, #3265, #1235, #2777, #995, #61, #1382, #760, #2775, #1135, #2222, #3156, #1899, #3037, #361, #466, #2093, #2611, #2364, #1280, #1777, #764, #1176, #1346, #637, #1439, #3225, #236, #1231, #821, #1937, #2153, #42, #1508, #2319, #2842, #784, #903, #609, #1903, #436, #421, #3258, #3184, #1013, #861, #572, #2053, #3220, #1797, #189, #402, #735, #1309, #2496, #158, #1757, #1916, #1941, #259, #1818, #1465, #1038, #2383, #2797, #3312 ) ) ;
#1619 = CARTESIAN_POINT ( 'NONE',  ( -15.99999999999999289, 21.59999999999999787, 19.10000000000000497 ) ) ;
#1620 = CARTESIAN_POINT ( 'NONE',  ( 18.00000000000000711, 19.78918494657904859, -19.09999999999999076 ) ) ;
#1621 = DIRECTION ( 'NONE',  ( -0.000000000000000000, 1.000000000000000000, -0.000000000000000000 ) ) ;
#1622 = DIRECTION ( 'NONE',  ( 0.000000000000000000, 0.000000000000000000, 1.000000000000000000 ) ) ;
#1623 = DIRECTION ( 'NONE',  ( 1.501925087425806872E-16, 0.000000000000000000, 1.000000000000000000 ) ) ;
#1624 = CARTESIAN_POINT ( 'NONE',  ( -18.00000000000000355, 19.78918494657904859, 19.10000000000000142 ) ) ;
#1625 = PLANE ( 'NONE',  #649 ) ;
#1626 = EDGE_CURVE ( 'NONE', #2414, #1222, #2992, .T. ) ;
#1627 = CARTESIAN_POINT ( 'NONE',  ( 16.00000000000000000, 21.24999999999999645, -21.09999999999999787 ) ) ;
#1628 = ORIENTED_EDGE ( 'NONE', *, *, #337, .F. ) ;
#1629 = DIRECTION ( 'NONE',  ( 0.000000000000000000, 0.000000000000000000, 1.000000000000000000 ) ) ;
#1630 = EDGE_LOOP ( 'NONE', ( #1189, #465, #964, #1289 ) ) ;
#1631 = EDGE_CURVE ( 'NONE', #139, #2950, #1959, .T. ) ;
#1632 = CARTESIAN_POINT ( 'NONE',  ( -15.99999999999999645, 19.64999999999999858, 19.10000000000000853 ) ) ;
#1633 = ORIENTED_EDGE ( 'NONE', *, *, #1573, .F. ) ;
#1634 = FILL_AREA_STYLE_COLOUR ( '', #347 ) ;
#1635 = CARTESIAN_POINT ( 'NONE',  ( -18.00000000000000000, 2.599999999999992539, 8.600000000000006750 ) ) ;
#1636 = CARTESIAN_POINT ( 'NONE',  ( -17.49999999999999645, 2.000000000000000000, 8.100000000000006750 ) ) ;
#1637 = LINE ( 'NONE', #1656, #1326 ) ;
#1638 = CARTESIAN_POINT ( 'NONE',  ( -16.00000000000000000, 22.00000000000000000, -19.09999999999999076 ) ) ;
#1639 = ORIENTED_EDGE ( 'NONE', *, *, #2022, .F. ) ;
#1640 = FACE_OUTER_BOUND ( 'NONE', #1687, .T. ) ;
#1641 = LINE ( 'NONE', #1897, #2117 ) ;
#1642 = CARTESIAN_POINT ( 'NONE',  ( 18.00000000000000711, 19.78918494657904859, -20.27157287525380625 ) ) ;
#1643 = VECTOR ( 'NONE', #752, 1000.000000000000000 ) ;
#1644 = EDGE_LOOP ( 'NONE', ( #316, #3362, #1319, #1332 ) ) ;
#1645 = CARTESIAN_POINT ( 'NONE',  ( 16.00000000000000355, 19.78918494657904859, 21.10000000000000853 ) ) ;
#1646 = EDGE_LOOP ( 'NONE', ( #2229, #75, #286, #477 ) ) ;
#1647 = AXIS2_PLACEMENT_3D ( 'NONE', #2220, #661, #1731 ) ;
#1648 = EDGE_CURVE ( 'NONE', #3057, #1934, #673, .T. ) ;
#1649 = CIRCLE ( 'NONE', #3131, 0.4000000000000010214 ) ;
#1650 = EDGE_LOOP ( 'NONE', ( #2825, #2945, #769, #2747 ) ) ;
#1651 = DIRECTION ( 'NONE',  ( 0.000000000000000000, 0.000000000000000000, -1.000000000000000000 ) ) ;
#1652 = EDGE_CURVE ( 'NONE', #2193, #1460, #944, .T. ) ;
#1653 = AXIS2_PLACEMENT_3D ( 'NONE', #2837, #2579, #2370 ) ;
#1654 = FACE_OUTER_BOUND ( 'NONE', #3005, .T. ) ;
#1655 = CARTESIAN_POINT ( 'NONE',  ( -15.99999999999999645, 19.78918494657904859, 21.10000000000001208 ) ) ;
#1656 = CARTESIAN_POINT ( 'NONE',  ( -19.99999999999999645, 2.000000000000000000, 21.10000000000000853 ) ) ;
#1657 = AXIS2_PLACEMENT_3D ( 'NONE', #152, #2216, #947 ) ;
#1658 = ORIENTED_EDGE ( 'NONE', *, *, #2266, .F. ) ;
#1659 = CARTESIAN_POINT ( 'NONE',  ( 17.59035935577011500, 21.27698179471916617, -20.31969343708622588 ) ) ;
#1660 = DIRECTION ( 'NONE',  ( -1.501925087425806872E-16, 0.000000000000000000, -1.000000000000000000 ) ) ;
#1661 = DIRECTION ( 'NONE',  ( 0.000000000000000000, -1.000000000000000000, 0.000000000000000000 ) ) ;
#1662 = VERTEX_POINT ( 'NONE', #3253 ) ;
#1663 = CARTESIAN_POINT ( 'NONE',  ( -6.500000000000002665, 3.600000000000000089, 7.600000000000005862 ) ) ;
#1664 = ORIENTED_EDGE ( 'NONE', *, *, #1160, .T. ) ;
#1665 = VECTOR ( 'NONE', #651, 1000.000000000000000 ) ;
#1666 = EDGE_CURVE ( 'NONE', #93, #1962, #2277, .T. ) ;
#1667 = ORIENTED_EDGE ( 'NONE', *, *, #2359, .F. ) ;
#1668 = DIRECTION ( 'NONE',  ( 0.000000000000000000, -1.000000000000000000, 0.000000000000000000 ) ) ;
#1669 = PLANE ( 'NONE',  #2874 ) ;
#1670 = EDGE_CURVE ( 'NONE', #2396, #108, #2991, .T. ) ;
#1671 = DIRECTION ( 'NONE',  ( -1.000000000000000000, -0.000000000000000000, -0.000000000000000000 ) ) ;
#1672 = ORIENTED_EDGE ( 'NONE', *, *, #2522, .T. ) ;
#1673 = CARTESIAN_POINT ( 'NONE',  ( 18.24921688778412943, 21.20464809101389037, -19.70322968182171763 ) ) ;
#1674 = DIRECTION ( 'NONE',  ( 0.000000000000000000, 0.000000000000000000, -1.000000000000000000 ) ) ;
#1675 = FACE_OUTER_BOUND ( 'NONE', #401, .T. ) ;
#1676 = CIRCLE ( 'NONE', #2114, 2.700000000000001066 ) ;
#1677 = EDGE_LOOP ( 'NONE', ( #1045, #1505, #2449, #3243 ) ) ;
#1678 = DIRECTION ( 'NONE',  ( -0.000000000000000000, -0.000000000000000000, 1.000000000000000000 ) ) ;
#1679 = ORIENTED_EDGE ( 'NONE', *, *, #983, .F. ) ;
#1680 = CIRCLE ( 'NONE', #2444, 4.000000000000000000 ) ;
#1681 = EDGE_LOOP ( 'NONE', ( #1080, #3318, #2487, #2724 ) ) ;
#1682 = ADVANCED_FACE ( 'NONE', ( #1168 ), #120, .T. ) ;
#1683 = LINE ( 'NONE', #1385, #3198 ) ;
#1684 = CARTESIAN_POINT ( 'NONE',  ( -14.71503324295816917, 3.599999999999999201, -1.683333333333328019 ) ) ;
#1685 = AXIS2_PLACEMENT_3D ( 'NONE', #1258, #3346, #1008 ) ;
#1686 = ADVANCED_FACE ( 'NONE', ( #1726 ), #912, .T. ) ;
#1687 = EDGE_LOOP ( 'NONE', ( #2521, #2236, #2365, #1585, #1771 ) ) ;
#1688 = DIRECTION ( 'NONE',  ( 0.000000000000000000, -1.000000000000000000, 0.000000000000000000 ) ) ;
#1689 = CARTESIAN_POINT ( 'NONE',  ( -6.500000000000002665, 8.099999999999999645, -18.59999999999999787 ) ) ;
#1690 = CARTESIAN_POINT ( 'NONE',  ( -18.30876227786324151, 21.20464809186971422, 20.45244163007688698 ) ) ;
#1691 = EDGE_CURVE ( 'NONE', #3257, #1936, #879, .T. ) ;
#1692 = DIRECTION ( 'NONE',  ( 0.000000000000000000, 0.000000000000000000, 1.000000000000000000 ) ) ;
#1693 = ORIENTED_EDGE ( 'NONE', *, *, #1483, .T. ) ;
#1694 = CARTESIAN_POINT ( 'NONE',  ( 13.59999999999999432, 6.000000000000000000, 21.60000000000000853 ) ) ;
#1695 = ORIENTED_EDGE ( 'NONE', *, *, #552, .T. ) ;
#1696 = AXIS2_PLACEMENT_3D ( 'NONE', #3039, #2260, #2004 ) ;
#1697 = AXIS2_PLACEMENT_3D ( 'NONE', #3234, #1386, #924 ) ;
#1698 = VERTEX_POINT ( 'NONE', #2183 ) ;
#1699 = CARTESIAN_POINT ( 'NONE',  ( 18.00259871168646697, 21.20464809190602651, 20.25866437604089754 ) ) ;
#1700 = AXIS2_PLACEMENT_3D ( 'NONE', #1638, #1388, #2152 ) ;
#1701 = CARTESIAN_POINT ( 'NONE',  ( 17.22745848645950772, 21.59410370944289070, -20.70099575711027384 ) ) ;
#1702 = CARTESIAN_POINT ( 'NONE',  ( -12.25000000000000178, 8.099999999999999645, -2.099999999999995648 ) ) ;
#1703 = VECTOR ( 'NONE', #2919, 1000.000000000000000 ) ;
#1704 = ORIENTED_EDGE ( 'NONE', *, *, #1033, .T. ) ;
#1705 = VERTEX_POINT ( 'NONE', #656 ) ;
#1706 = PLANE ( 'NONE',  #3194 ) ;
#1707 = CARTESIAN_POINT ( 'NONE',  ( 19.99999999999999645, 22.00000000000000000, -21.09999999999999432 ) ) ;
#1708 = LINE ( 'NONE', #913, #1874 ) ;
#1709 = EDGE_CURVE ( 'NONE', #1031, #1301, #2704, .T. ) ;
#1710 = CIRCLE ( 'NONE', #3081, 0.5000000000000004441 ) ;
#1711 = CARTESIAN_POINT ( 'NONE',  ( 3.280890052390940317E-16, 8.099999999999999645, 2.900000000000019895 ) ) ;
#1712 = VERTEX_POINT ( 'NONE', #2504 ) ;
#1713 = CARTESIAN_POINT ( 'NONE',  ( 18.00000000000000355, 6.800000000000002487, 23.10000000000000853 ) ) ;
#1714 = VERTEX_POINT ( 'NONE', #105 ) ;
#1715 = ADVANCED_FACE ( 'NONE', ( #380 ), #1930, .F. ) ;
#1716 = ORIENTED_EDGE ( 'NONE', *, *, #2129, .F. ) ;
#1717 = CIRCLE ( 'NONE', #1504, 4.000000000000000000 ) ;
#1718 = ORIENTED_EDGE ( 'NONE', *, *, #2553, .F. ) ;
#1719 = CIRCLE ( 'NONE', #573, 0.4000000000000010214 ) ;
#1720 = CARTESIAN_POINT ( 'NONE',  ( -20.00000000000000355, 0.000000000000000000, -23.09999999999999432 ) ) ;
#1721 = DIRECTION ( 'NONE',  ( 0.000000000000000000, -0.000000000000000000, 1.000000000000000000 ) ) ;
#1722 = CARTESIAN_POINT ( 'NONE',  ( -17.50000000000000000, 3.600000000000000089, -18.59999999999999432 ) ) ;
#1723 = ORIENTED_EDGE ( 'NONE', *, *, #2173, .T. ) ;
#1724 = ORIENTED_EDGE ( 'NONE', *, *, #2672, .T. ) ;
#1725 = LINE ( 'NONE', #2442, #255 ) ;
#1726 = FACE_OUTER_BOUND ( 'NONE', #2042, .T. ) ;
#1727 = DIRECTION ( 'NONE',  ( 0.000000000000000000, 0.000000000000000000, 1.000000000000000000 ) ) ;
#1728 = EDGE_CURVE ( 'NONE', #1380, #820, #2732, .T. ) ;
#1729 = CARTESIAN_POINT ( 'NONE',  ( -6.500000000000002665, 8.099999999999999645, -18.59999999999999787 ) ) ;
#1730 = ORIENTED_EDGE ( 'NONE', *, *, #1773, .F. ) ;
#1731 = DIRECTION ( 'NONE',  ( 0.000000000000000000, 0.000000000000000000, 1.000000000000000000 ) ) ;
#1732 = ORIENTED_EDGE ( 'NONE', *, *, #715, .F. ) ;
#1733 = CYLINDRICAL_SURFACE ( 'NONE', #1761, 0.5000000000000000000 ) ;
#1734 =( BOUNDED_SURFACE ( )  B_SPLINE_SURFACE ( 3, 2, ( 
 ( #160, #2761, #2483 ),
 ( #2023, #480, #3075 ),
 ( #1753, #3261, #700 ),
 ( #1968, #3315, #2998 ),
 ( #1699, #200, #423 ),
 ( #2795, #1466, #1206 ),
 ( #2241, #3297, #1737 ),
 ( #2778, #1481, #2515 ),
 ( #1225, #1246, #2278 ),
 ( #3335, #1788, #2337 ),
 ( #3354, #221, #2854 ),
 ( #1032, #2835, #2596 ),
 ( #1015, #2044, #3388 ),
 ( #1048, #3128, #2558 ) ),
 .UNSPECIFIED., .F., .F., .T. ) 
 B_SPLINE_SURFACE_WITH_KNOTS ( ( 4, 2, 2, 2, 2, 2, 4 ),
 ( 3, 3 ),
 ( 0.001415333446682394370, 0.002353906421088478983, 0.002823192908291521398, 0.003292479395494563813, 0.003761765882697606228, 0.004231052369900648209, 0.005169625344306733039 ),
 ( 0.000000000000000000, 1.000000000000000000 ),
 .UNSPECIFIED. ) 
 GEOMETRIC_REPRESENTATION_ITEM ( )  RATIONAL_B_SPLINE_SURFACE ( (
 ( 1.000000000000000000, 0.7836116083063003890, 1.000000000000000000),
 ( 1.000000000000000000, 0.7836116083063003890, 1.000000000000000000),
 ( 1.000000000000000000, 0.7836116083063032756, 1.000000000000000000),
 ( 1.000000000000000000, 0.7836116083063032756, 1.000000000000000000),
 ( 1.000000000000000000, 0.7836116083060598037, 1.000000000000000000),
 ( 1.000000000000000000, 0.7836116083060598037, 1.000000000000000000),
 ( 1.000000000000000000, 0.7836116083063032756, 1.000000000000000000),
 ( 1.000000000000000000, 0.7836116083063032756, 1.000000000000000000),
 ( 1.000000000000000000, 0.7836116083063046078, 1.000000000000000000),
 ( 1.000000000000000000, 0.7836116083063046078, 1.000000000000000000),
 ( 1.000000000000000000, 0.7836116083063038307, 1.000000000000000000),
 ( 1.000000000000000000, 0.7836116083063038307, 1.000000000000000000),
 ( 1.000000000000000000, 0.7836116083063114912, 1.000000000000000000),
 ( 1.000000000000000000, 0.7836116083063114912, 1.000000000000000000) ) ) 
 REPRESENTATION_ITEM ( '' )  SURFACE ( )  );
#1735 = EDGE_CURVE ( 'NONE', #2078, #1705, #2767, .T. ) ;
#1736 = VERTEX_POINT ( 'NONE', #2473 ) ;
#1737 = CARTESIAN_POINT ( 'NONE',  ( 17.50763250912338620, 21.59410370944315360, 20.42080387086655691 ) ) ;
#1738 = DIRECTION ( 'NONE',  ( 0.000000000000000000, 0.000000000000000000, 1.000000000000000000 ) ) ;
#1739 = LINE ( 'NONE', #2780, #334 ) ;
#1740 = ORIENTED_EDGE ( 'NONE', *, *, #376, .F. ) ;
#1741 = EDGE_LOOP ( 'NONE', ( #2671, #3310, #1628, #2451 ) ) ;
#1742 = PLANE ( 'NONE',  #3358 ) ;
#1743 = DIRECTION ( 'NONE',  ( 0.000000000000000000, -1.000000000000000000, 0.000000000000000000 ) ) ;
#1744 = DIRECTION ( 'NONE',  ( 0.000000000000000000, -1.000000000000000000, 0.000000000000000000 ) ) ;
#1745 = ORIENTED_EDGE ( 'NONE', *, *, #56, .F. ) ;
#1746 = LINE ( 'NONE', #2787, #2641 ) ;
#1747 = CARTESIAN_POINT ( 'NONE',  ( 16.00000000000000000, 22.00000000000000000, 21.50000000000000355 ) ) ;
#1748 = DIRECTION ( 'NONE',  ( -1.000000000000000000, 0.000000000000000000, 0.000000000000000000 ) ) ;
#1749 = PLANE ( 'NONE',  #243 ) ;
#1750 = CARTESIAN_POINT ( 'NONE',  ( 17.35244163007688911, 21.20464809186971777, 21.40876227786323938 ) ) ;
#1751 = EDGE_LOOP ( 'NONE', ( #973, #2812, #2722, #2435 ) ) ;
#1752 = ADVANCED_FACE ( 'NONE', ( #135 ), #3269, .T. ) ;
#1753 = CARTESIAN_POINT ( 'NONE',  ( 18.24916615626699468, 21.20464809103387793, 19.70338976717818369 ) ) ;
#1754 = VECTOR ( 'NONE', #2262, 1000.000000000000000 ) ;
#1755 = DIRECTION ( 'NONE',  ( 0.000000000000000000, -1.000000000000000000, 0.000000000000000000 ) ) ;
#1756 = CARTESIAN_POINT ( 'NONE',  ( 18.30876227786209043, 21.20464809186998423, -19.09999999999999076 ) ) ;
#1757 = ADVANCED_FACE ( 'NONE', ( #413 ), #2489, .T. ) ;
#1758 = ORIENTED_EDGE ( 'NONE', *, *, #1547, .T. ) ;
#1759 = ORIENTED_EDGE ( 'NONE', *, *, #3349, .F. ) ;
#1760 = CARTESIAN_POINT ( 'NONE',  ( -11.62999999999999723, 2.000000000000000000, 21.10000000000000853 ) ) ;
#1761 = AXIS2_PLACEMENT_3D ( 'NONE', #3197, #82, #2774 ) ;
#1762 = CARTESIAN_POINT ( 'NONE',  ( -18.00000000000000355, 21.59410370944287294, -19.36427947397064386 ) ) ;
#1763 = ORIENTED_EDGE ( 'NONE', *, *, #2149, .T. ) ;
#1764 = CARTESIAN_POINT ( 'NONE',  ( -16.00000000000000000, 21.59410370944292623, -21.49999999999979750 ) ) ;
#1765 = LINE ( 'NONE', #2788, #2328 ) ;
#1766 = CARTESIAN_POINT ( 'NONE',  ( -18.00000000000000355, 3.600000000000000089, -21.09999999999999432 ) ) ;
#1767 = CARTESIAN_POINT ( 'NONE',  ( -18.00000000000000355, 21.59999999999999787, -23.09999999999999432 ) ) ;
#1768 = VECTOR ( 'NONE', #454, 1000.000000000000000 ) ;
#1769 = ORIENTED_EDGE ( 'NONE', *, *, #1614, .F. ) ;
#1770 = CARTESIAN_POINT ( 'NONE',  ( 15.99999999999999645, 9.100000000000001421, -15.75000000000000000 ) ) ;
#1771 = ORIENTED_EDGE ( 'NONE', *, *, #1402, .T. ) ;
#1772 = CYLINDRICAL_SURFACE ( 'NONE', #3004, 0.5000000000000000000 ) ;
#1773 = EDGE_CURVE ( 'NONE', #2940, #1494, #895, .T. ) ;
#1774 = CARTESIAN_POINT ( 'NONE',  ( 16.00000000000000000, 19.78918494657904859, -21.09999999999999432 ) ) ;
#1775 = CARTESIAN_POINT ( 'NONE',  ( 19.99999999999999645, 21.59410370944288005, -21.09999999999999432 ) ) ;
#1776 = VERTEX_POINT ( 'NONE', #1472 ) ;
#1777 = ADVANCED_FACE ( 'NONE', ( #1588 ), #2599, .T. ) ;
#1778 = LINE ( 'NONE', #1811, #2713 ) ;
#1779 = PLANE ( 'NONE',  #3028 ) ;
#1780 = EDGE_LOOP ( 'NONE', ( #1078, #515, #1389, #154 ) ) ;
#1781 = DIRECTION ( 'NONE',  ( -0.000000000000000000, 1.000000000000000000, -0.000000000000000000 ) ) ;
#1782 = DIRECTION ( 'NONE',  ( 0.000000000000000000, 0.000000000000000000, -1.000000000000000000 ) ) ;
#1783 = LINE ( 'NONE', #1766, #2003 ) ;
#1784 = CARTESIAN_POINT ( 'NONE',  ( 0.000000000000000000, 19.78918494657904859, -21.09999999999999432 ) ) ;
#1785 = VERTEX_POINT ( 'NONE', #2385 ) ;
#1786 = CARTESIAN_POINT ( 'NONE',  ( 18.30876227786208332, 21.20464809186998068, 19.10000000000000497 ) ) ;
#1787 = ORIENTED_EDGE ( 'NONE', *, *, #1609, .F. ) ;
#1788 = CARTESIAN_POINT ( 'NONE',  ( 17.00358699018276809, 21.27698179471862616, 20.83485103482554379 ) ) ;
#1789 = AXIS2_PLACEMENT_3D ( 'NONE', #743, #2862, #2010 ) ;
#1790 = CARTESIAN_POINT ( 'NONE',  ( -6.500000000000002665, 3.600000000000000089, 3.400000000000007017 ) ) ;
#1791 = CARTESIAN_POINT ( 'NONE',  ( -16.00000000000000000, 21.20464809186997712, -21.40876227786208119 ) ) ;
#1792 = ORIENTED_EDGE ( 'NONE', *, *, #18, .T. ) ;
#1793 = CIRCLE ( 'NONE', #211, 0.5000000000000004441 ) ;
#1794 = CARTESIAN_POINT ( 'NONE',  ( -19.99999999999999645, 2.000000000000000000, 19.10000000000000497 ) ) ;
#1795 = PRODUCT_CONTEXT ( 'NONE', #1410, 'mechanical' ) ;
#1796 = LINE ( 'NONE', #468, #207 ) ;
#1797 = ADVANCED_FACE ( 'NONE', ( #1049 ), #2644, .F. ) ;
#1798 = CARTESIAN_POINT ( 'NONE',  ( -17.74038253259838527, 21.20464809199350853, -20.62471107638268109 ) ) ;
#1799 = DIRECTION ( 'NONE',  ( 0.000000000000000000, 1.000000000000000000, 0.000000000000000000 ) ) ;
#1800 = CYLINDRICAL_SURFACE ( 'NONE', #404, 2.000000000000001776 ) ;
#1801 = EDGE_CURVE ( 'NONE', #2177, #2872, #2965, .T. ) ;
#1802 = VERTEX_POINT ( 'NONE', #2627 ) ;
#1803 = CARTESIAN_POINT ( 'NONE',  ( -15.99999999999999645, 0.000000000000000000, 23.10000000000000853 ) ) ;
#1804 = ORIENTED_EDGE ( 'NONE', *, *, #2969, .T. ) ;
#1805 = CARTESIAN_POINT ( 'NONE',  ( -11.62999999999999723, 4.699999999999988631, 23.10000000000000853 ) ) ;
#1806 = CARTESIAN_POINT ( 'NONE',  ( -6.500000000000002665, 8.099999999999999645, 2.900000000000020783 ) ) ;
#1807 = DIRECTION ( 'NONE',  ( 1.000000000000000000, 0.000000000000000000, 0.000000000000000000 ) ) ;
#1808 = ORIENTED_EDGE ( 'NONE', *, *, #1823, .T. ) ;
#1809 = VECTOR ( 'NONE', #2727, 1000.000000000000000 ) ;
#1810 = DIRECTION ( 'NONE',  ( 0.000000000000000000, 0.000000000000000000, -1.000000000000000000 ) ) ;
#1811 = CARTESIAN_POINT ( 'NONE',  ( 18.00000000000001066, 19.64999999999999858, 19.10000000000000497 ) ) ;
#1812 = CIRCLE ( 'NONE', #1162, 0.4000000000000010214 ) ;
#1813 = VECTOR ( 'NONE', #810, 1000.000000000000000 ) ;
#1814 = CARTESIAN_POINT ( 'NONE',  ( 18.00000000000001066, 19.78918494657904859, 20.27157287525381335 ) ) ;
#1815 = AXIS2_PLACEMENT_3D ( 'NONE', #1805, #2577, #1286 ) ;
#1816 = CARTESIAN_POINT ( 'NONE',  ( -18.07449205908288903, 21.20464809228794678, -20.12468386764455275 ) ) ;
#1817 = DIRECTION ( 'NONE',  ( 9.082321863752916905E-17, 0.000000000000000000, 1.000000000000000000 ) ) ;
#1818 = ADVANCED_FACE ( 'NONE', ( #3180 ), #3164, .T. ) ;
#1819 = CARTESIAN_POINT ( 'NONE',  ( -15.99999999999999645, 21.20464809186998423, 21.40876227786208830 ) ) ;
#1820 = ORIENTED_EDGE ( 'NONE', *, *, #2338, .T. ) ;
#1821 = DIRECTION ( 'NONE',  ( -1.131341397376178572E-16, 0.000000000000000000, -1.000000000000000000 ) ) ;
#1822 = EDGE_LOOP ( 'NONE', ( #1792, #1232, #3104, #405 ) ) ;
#1823 = EDGE_CURVE ( 'NONE', #2640, #1883, #263, .T. ) ;
#1824 = AXIS2_PLACEMENT_3D ( 'NONE', #1328, #1355, #313 ) ;
#1825 = FACE_OUTER_BOUND ( 'NONE', #1869, .T. ) ;
#1826 = AXIS2_PLACEMENT_3D ( 'NONE', #3321, #1995, #3046 ) ;
#1827 = ORIENTED_EDGE ( 'NONE', *, *, #1974, .T. ) ;
#1828 = DIRECTION ( 'NONE',  ( 0.000000000000000000, 0.000000000000000000, 1.000000000000000000 ) ) ;
#1829 = DIRECTION ( 'NONE',  ( 0.000000000000000000, 0.000000000000000000, -1.000000000000000000 ) ) ;
#1830 = VECTOR ( 'NONE', #701, 1000.000000000000000 ) ;
#1831 = CARTESIAN_POINT ( 'NONE',  ( -16.88764779133229865, 21.59410370944287649, 20.89705990575346561 ) ) ;
#1832 = FACE_OUTER_BOUND ( 'NONE', #1478, .T. ) ;
#1833 = DIRECTION ( 'NONE',  ( -0.000000000000000000, 1.000000000000000000, -0.000000000000000000 ) ) ;
#1834 = CARTESIAN_POINT ( 'NONE',  ( 19.99999999999999645, 22.00000000000000000, -19.09999999999999076 ) ) ;
#1835 = EDGE_CURVE ( 'NONE', #2163, #2336, #839, .T. ) ;
#1836 = VERTEX_POINT ( 'NONE', #2614 ) ;
#1837 = CARTESIAN_POINT ( 'NONE',  ( 19.99999999999999645, 21.59999999999999787, -21.49999999999999645 ) ) ;
#1838 = ORIENTED_EDGE ( 'NONE', *, *, #1532, .T. ) ;
#1839 = EDGE_CURVE ( 'NONE', #1714, #2771, #2339, .T. ) ;
#1840 = LINE ( 'NONE', #3162, #630 ) ;
#1841 = PLANE ( 'NONE',  #1065 ) ;
#1842 = ORIENTED_EDGE ( 'NONE', *, *, #3161, .F. ) ;
#1843 = ADVANCED_FACE ( 'NONE', ( #2128 ), #1305, .T. ) ;
#1844 = CARTESIAN_POINT ( 'NONE',  ( -6.500000000000002665, 8.099999999999999645, -1.599999999999993872 ) ) ;
#1845 = LINE ( 'NONE', #3151, #2752 ) ;
#1846 = AXIS2_PLACEMENT_3D ( 'NONE', #2550, #231, #1057 ) ;
#1847 = CARTESIAN_POINT ( 'NONE',  ( -18.00267931346352057, 21.20464809190382383, 20.25852189274903736 ) ) ;
#1848 = CARTESIAN_POINT ( 'NONE',  ( 17.21984028407143441, 21.27698179471739337, -20.69024845268387125 ) ) ;
#1849 = LINE ( 'NONE', #2171, #547 ) ;
#1850 = FACE_BOUND ( 'NONE', #3343, .T. ) ;
#1851 = VERTEX_POINT ( 'NONE', #501 ) ;
#1852 = CARTESIAN_POINT ( 'NONE',  ( -18.00000000000000355, 8.099999999999999645, 2.900000000000022116 ) ) ;
#1853 = ORIENTED_EDGE ( 'NONE', *, *, #2325, .F. ) ;
#1854 = AXIS2_PLACEMENT_3D ( 'NONE', #3112, #522, #2598 ) ;
#1855 = CARTESIAN_POINT ( 'NONE',  ( -17.49999999999999645, 2.000000000000000000, 8.600000000000006750 ) ) ;
#1856 = ADVANCED_FACE ( 'NONE', ( #1825 ), #1035, .T. ) ;
#1857 = CARTESIAN_POINT ( 'NONE',  ( 0.000000000000000000, 3.600000000000000089, 0.000000000000000000 ) ) ;
#1858 = CARTESIAN_POINT ( 'NONE',  ( 0.000000000000000000, 19.64999999999999858, -21.09999999999999432 ) ) ;
#1859 = AXIS2_PLACEMENT_3D ( 'NONE', #1951, #180, #716 ) ;
#1860 = CARTESIAN_POINT ( 'NONE',  ( -6.707106781186555011, 3.099999999999999645, 8.100000000000006750 ) ) ;
#1861 = EDGE_CURVE ( 'NONE', #457, #1264, #823, .T. ) ;
#1862 = DIRECTION ( 'NONE',  ( 0.000000000000000000, 8.908452710415083754E-15, -1.000000000000000000 ) ) ;
#1863 = CARTESIAN_POINT ( 'NONE',  ( 16.60338976717947546, 21.20464809103400938, -21.34916615626584502 ) ) ;
#1864 = VECTOR ( 'NONE', #1359, 1000.000000000000000 ) ;
#1865 = CARTESIAN_POINT ( 'NONE',  ( -16.00000000000000711, 22.00000000000000000, -23.09999999999999432 ) ) ;
#1866 = CARTESIAN_POINT ( 'NONE',  ( -15.99999999999999289, 19.64999999999999858, 21.10000000000000853 ) ) ;
#1867 = ORIENTED_EDGE ( 'NONE', *, *, #1594, .F. ) ;
#1868 = CARTESIAN_POINT ( 'NONE',  ( -17.94826461102939419, 21.59410370944292268, 19.62305923513423167 ) ) ;
#1869 = EDGE_LOOP ( 'NONE', ( #3221, #3149, #605, #3368, #3065, #1617, #1148, #1252, #1281, #753, #3293, #2314, #631 ) ) ;
#1870 = DIRECTION ( 'NONE',  ( 1.000000000000000000, 0.000000000000000000, 0.000000000000000000 ) ) ;
#1871 = LINE ( 'NONE', #1364, #1703 ) ;
#1872 = AXIS2_PLACEMENT_3D ( 'NONE', #1088, #3137, #1896 ) ;
#1873 = FACE_OUTER_BOUND ( 'NONE', #2288, .T. ) ;
#1874 = VECTOR ( 'NONE', #1199, 1000.000000000000000 ) ;
#1875 = ADVANCED_FACE ( 'NONE', ( #808 ), #1841, .T. ) ;
#1876 = FACE_OUTER_BOUND ( 'NONE', #149, .T. ) ;
#1877 = EDGE_CURVE ( 'NONE', #2234, #3296, #1604, .T. ) ;
#1878 = CARTESIAN_POINT ( 'NONE',  ( -6.500000000000002665, 3.600000000000000089, -18.59999999999999787 ) ) ;
#1879 = CARTESIAN_POINT ( 'NONE',  ( -16.00000000000002842, 21.59410370944287294, -21.09999999999999787 ) ) ;
#1880 = VECTOR ( 'NONE', #1085, 1000.000000000000000 ) ;
#1881 = DIRECTION ( 'NONE',  ( 0.000000000000000000, -0.000000000000000000, 1.000000000000000000 ) ) ;
#1882 = CARTESIAN_POINT ( 'NONE',  ( 19.01544195096116496, 21.16400731508066002, -19.09999999999998721 ) ) ;
#1883 = VERTEX_POINT ( 'NONE', #1348 ) ;
#1884 = CARTESIAN_POINT ( 'NONE',  ( -16.52328586973899505, 21.59410370944292978, 21.04819721875413308 ) ) ;
#1885 = ORIENTED_EDGE ( 'NONE', *, *, #1143, .T. ) ;
#1886 = AXIS2_PLACEMENT_3D ( 'NONE', #1577, #15, #46 ) ;
#1887 = CARTESIAN_POINT ( 'NONE',  ( -9.784966757041834384, -18.47374005464410374, -19.01666666666666572 ) ) ;
#1888 = VERTEX_POINT ( 'NONE', #245 ) ;
#1889 = SURFACE_SIDE_STYLE ('',( #336 ) ) ;
#1890 = CARTESIAN_POINT ( 'NONE',  ( -19.99999999999999645, 22.00000000000000000, 23.10000000000000853 ) ) ;
#1891 = FACE_OUTER_BOUND ( 'NONE', #2730, .T. ) ;
#1892 = DIRECTION ( 'NONE',  ( -0.000000000000000000, -0.000000000000000000, 1.000000000000000000 ) ) ;
#1893 = EDGE_CURVE ( 'NONE', #660, #963, #1383, .T. ) ;
#1894 = CARTESIAN_POINT ( 'NONE',  ( 18.00000000000000355, 22.00000000000000000, 23.10000000000000853 ) ) ;
#1895 = ORIENTED_EDGE ( 'NONE', *, *, #1342, .F. ) ;
#1896 = DIRECTION ( 'NONE',  ( 0.000000000000000000, 0.000000000000000000, 1.000000000000000000 ) ) ;
#1897 = CARTESIAN_POINT ( 'NONE',  ( -6.500000000000002665, 3.600000000000000089, -18.59999999999999787 ) ) ;
#1898 = CARTESIAN_POINT ( 'NONE',  ( 15.99999999999999289, 22.00000000000000000, -19.09999999999999076 ) ) ;
#1899 = ADVANCED_FACE ( 'NONE', ( #1560 ), #790, .F. ) ;
#1900 = ORIENTED_EDGE ( 'NONE', *, *, #2401, .T. ) ;
#1901 = LINE ( 'NONE', #2624, #1056 ) ;
#1902 = ORIENTED_EDGE ( 'NONE', *, *, #534, .F. ) ;
#1903 = ADVANCED_FACE ( 'NONE', ( #1318 ), #2096, .T. ) ;
#1904 = FACE_OUTER_BOUND ( 'NONE', #1536, .T. ) ;
#1905 = EDGE_LOOP ( 'NONE', ( #833, #2681, #1667, #2654 ) ) ;
#1906 = CARTESIAN_POINT ( 'NONE',  ( -15.99999999999999645, 0.000000000000000000, 19.10000000000000853 ) ) ;
#1907 = CARTESIAN_POINT ( 'NONE',  ( -17.50000000000000000, 3.600000000000000089, -18.09999999999999432 ) ) ;
#1908 = MANIFOLD_SOLID_BREP ( 'Fillet7', #1618 ) ;
#1909 = DIRECTION ( 'NONE',  ( -1.000000000000000000, 0.000000000000000000, 0.000000000000000000 ) ) ;
#1910 = CARTESIAN_POINT ( 'NONE',  ( -6.500000000000002665, 8.099999999999999645, -2.099999999999994316 ) ) ;
#1911 = VERTEX_POINT ( 'NONE', #3311 ) ;
#1912 = CARTESIAN_POINT ( 'NONE',  ( -16.00000000000000355, 2.000000000000000000, -23.09999999999999432 ) ) ;
#1913 = DIRECTION ( 'NONE',  ( -1.000000000000000000, 0.000000000000000000, -0.000000000000000000 ) ) ;
#1914 = CARTESIAN_POINT ( 'NONE',  ( 16.00000000000000000, 6.800000000000002487, -7.849999999999999645 ) ) ;
#1915 = CIRCLE ( 'NONE', #116, 0.5000000000000004441 ) ;
#1916 = ADVANCED_FACE ( 'NONE', ( #2660 ), #1733, .T. ) ;
#1917 = EDGE_LOOP ( 'NONE', ( #89, #925, #695, #654 ) ) ;
#1918 = CARTESIAN_POINT ( 'NONE',  ( 19.99999999999999645, 0.000000000000000000, -19.09999999999999432 ) ) ;
#1919 = ORIENTED_EDGE ( 'NONE', *, *, #1691, .T. ) ;
#1920 = CIRCLE ( 'NONE', #448, 2.499999999999994227 ) ;
#1921 = EDGE_CURVE ( 'NONE', #2771, #2535, #521, .T. ) ;
#1922 = EDGE_LOOP ( 'NONE', ( #1005, #562, #1094, #165 ) ) ;
#1923 = CARTESIAN_POINT ( 'NONE',  ( -16.00000000000000000, 8.099999999999999645, -21.09999999999999432 ) ) ;
#1924 = DIRECTION ( 'NONE',  ( -0.000000000000000000, 1.000000000000000000, -0.000000000000000000 ) ) ;
#1925 = CARTESIAN_POINT ( 'NONE',  ( 16.00000000000000355, 20.55698864586779706, 21.54711635226611577 ) ) ;
#1926 = CARTESIAN_POINT ( 'NONE',  ( -9.291960108450199485, 8.099999999999999645, -1.599999999999994316 ) ) ;
#1927 = VECTOR ( 'NONE', #1598, 1000.000000000000000 ) ;
#1928 = EDGE_LOOP ( 'NONE', ( #2007, #788, #378, #902, #1499, #1139, #3114, #2956, #38, #2021 ) ) ;
#1929 = CARTESIAN_POINT ( 'NONE',  ( 18.30876227786207977, 21.20464809186998423, -19.09999999999999076 ) ) ;
#1930 = PLANE ( 'NONE',  #2834 ) ;
#1931 = DIRECTION ( 'NONE',  ( 0.000000000000000000, 0.000000000000000000, 1.000000000000000000 ) ) ;
#1932 = VERTEX_POINT ( 'NONE', #1923 ) ;
#1933 = DIRECTION ( 'NONE',  ( 1.501925087425806872E-16, 0.000000000000000000, 1.000000000000000000 ) ) ;
#1934 = VERTEX_POINT ( 'NONE', #1132 ) ;
#1935 = EDGE_CURVE ( 'NONE', #502, #7, #1871, .T. ) ;
#1936 = VERTEX_POINT ( 'NONE', #583 ) ;
#1937 = ADVANCED_FACE ( 'NONE', ( #60 ), #2784, .T. ) ;
#1938 = CARTESIAN_POINT ( 'NONE',  ( 17.99999999999999645, 8.200000000000002842, -14.34999999999999964 ) ) ;
#1939 = CARTESIAN_POINT ( 'NONE',  ( 17.60117391831406763, 21.59410370944288715, -20.32722607272553361 ) ) ;
#1940 = CARTESIAN_POINT ( 'NONE',  ( -6.500000000000002665, 8.099999999999999645, -18.59999999999999787 ) ) ;
#1941 = ADVANCED_FACE ( 'NONE', ( #2164 ), #3216, .F. ) ;
#1942 = ORIENTED_EDGE ( 'NONE', *, *, #1421, .T. ) ;
#1943 = CARTESIAN_POINT ( 'NONE',  ( 17.59035935566027931, 21.59410370944315716, -20.31969343701234010 ) ) ;
#1944 = DIRECTION ( 'NONE',  ( -1.000000000000000000, 0.000000000000000000, 0.000000000000000000 ) ) ;
#1945 = DIRECTION ( 'NONE',  ( 0.000000000000000000, 0.000000000000000000, 1.000000000000000000 ) ) ;
#1946 = ORIENTED_EDGE ( 'NONE', *, *, #1208, .F. ) ;
#1947 = DIRECTION ( 'NONE',  ( 0.000000000000000000, 0.000000000000000000, 1.000000000000000000 ) ) ;
#1948 = ORIENTED_EDGE ( 'NONE', *, *, #1143, .F. ) ;
#1949 = CIRCLE ( 'NONE', #1356, 2.700000000000001066 ) ;
#1950 = ORIENTED_EDGE ( 'NONE', *, *, #1194, .T. ) ;
#1951 = CARTESIAN_POINT ( 'NONE',  ( -16.00000000000000000, 22.00000000000000000, -19.09999999999999076 ) ) ;
#1952 = EDGE_CURVE ( 'NONE', #564, #1883, #2375, .T. ) ;
#1953 = CARTESIAN_POINT ( 'NONE',  ( 17.99999999999999645, 21.59410370944288360, -19.09999999999999076 ) ) ;
#1954 = CARTESIAN_POINT ( 'NONE',  ( -18.92109196514350700, 21.06119768739732834, -19.09999999999999432 ) ) ;
#1955 = VERTEX_POINT ( 'NONE', #97 ) ;
#1956 = ADVANCED_FACE ( 'NONE', ( #2237 ), #3294, .F. ) ;
#1957 = VERTEX_POINT ( 'NONE', #2510 ) ;
#1958 = DIRECTION ( 'NONE',  ( -1.000000000000000000, -0.000000000000000000, -0.000000000000000000 ) ) ;
#1959 = LINE ( 'NONE', #1154, #3323 ) ;
#1960 = LINE ( 'NONE', #625, #2917 ) ;
#1961 = LINE ( 'NONE', #2491, #2973 ) ;
#1962 = VERTEX_POINT ( 'NONE', #1819 ) ;
#1963 = DIRECTION ( 'NONE',  ( 0.000000000000000000, -1.000000000000000000, 0.000000000000000000 ) ) ;
#1964 = ORIENTED_EDGE ( 'NONE', *, *, #2576, .F. ) ;
#1965 = AXIS2_PLACEMENT_3D ( 'NONE', #3111, #771, #261 ) ;
#1966 = VECTOR ( 'NONE', #1180, 1000.000000000000000 ) ;
#1967 = ORIENTED_EDGE ( 'NONE', *, *, #905, .T. ) ;
#1968 = CARTESIAN_POINT ( 'NONE',  ( 18.07449205908235612, 21.20464809228803205, 20.12468386764486539 ) ) ;
#1969 = VECTOR ( 'NONE', #1610, 1000.000000000000000 ) ;
#1970 = CARTESIAN_POINT ( 'NONE',  ( -16.00000000000000355, 22.00000000000000000, -19.09999999999999432 ) ) ;
#1971 = CARTESIAN_POINT ( 'NONE',  ( -18.00000000000000355, 22.00000000000000000, -19.09999999999999076 ) ) ;
#1972 = STYLED_ITEM ( 'NONE', ( #175 ), #1908 ) ;
#1973 = ORIENTED_EDGE ( 'NONE', *, *, #2401, .F. ) ;
#1974 = EDGE_CURVE ( 'NONE', #2527, #3331, #750, .T. ) ;
#1975 = ORIENTED_EDGE ( 'NONE', *, *, #3179, .F. ) ;
#1976 = CARTESIAN_POINT ( 'NONE',  ( -12.25000000000000355, 3.599999999999999201, -18.59999999999999787 ) ) ;
#1977 = CARTESIAN_POINT ( 'NONE',  ( -1.800000000000005818, 3.899999999999999911, 22.60000000000000853 ) ) ;
#1978 = CARTESIAN_POINT ( 'NONE',  ( -15.99999999999999289, 22.00000000000000000, 19.10000000000000497 ) ) ;
#1979 = ADVANCED_FACE ( 'NONE', ( #494 ), #1749, .T. ) ;
#1980 = CARTESIAN_POINT ( 'NONE',  ( -17.60099575711028308, 21.59410370944289070, -20.32745848645950559 ) ) ;
#1981 = ORIENTED_EDGE ( 'NONE', *, *, #125, .T. ) ;
#1982 = CARTESIAN_POINT ( 'NONE',  ( 18.39999999999999503, 21.59999999999999787, -19.09999999999999076 ) ) ;
#1983 = EDGE_LOOP ( 'NONE', ( #1998, #746, #199, #274 ) ) ;
#1984 = DIRECTION ( 'NONE',  ( -1.000000000000000000, -1.032573497605242347E-16, 0.000000000000000000 ) ) ;
#1985 = VECTOR ( 'NONE', #43, 1000.000000000000000 ) ;
#1986 = AXIS2_PLACEMENT_3D ( 'NONE', #1136, #1721, #2985 ) ;
#1987 = EDGE_LOOP ( 'NONE', ( #392, #2334, #1695, #2900, #479, #186, #513, #2268 ) ) ;
#1988 = DIRECTION ( 'NONE',  ( 1.501925087425806872E-16, 0.000000000000000000, 1.000000000000000000 ) ) ;
#1989 = CARTESIAN_POINT ( 'NONE',  ( 0.000000000000000000, 21.24999999999999645, -21.09999999999999432 ) ) ;
#1990 = CARTESIAN_POINT ( 'NONE',  ( -7.000000000000003553, 3.600000000000000089, -2.099999999999994316 ) ) ;
#1991 = EDGE_LOOP ( 'NONE', ( #2309, #1314, #411, #3277, #3228, #2849, #2441, #302 ) ) ;
#1992 = ORIENTED_EDGE ( 'NONE', *, *, #923, .T. ) ;
#1993 = DIRECTION ( 'NONE',  ( -1.000000000000000000, 0.000000000000000000, -0.000000000000000000 ) ) ;
#1994 = CARTESIAN_POINT ( 'NONE',  ( 16.00000000000000355, 21.20464809186998423, 21.40876227786208474 ) ) ;
#1995 = DIRECTION ( 'NONE',  ( 0.000000000000000000, 0.000000000000000000, -1.000000000000000000 ) ) ;
#1996 = ORIENTED_EDGE ( 'NONE', *, *, #312, .T. ) ;
#1997 = CARTESIAN_POINT ( 'NONE',  ( -17.99999999999999645, 21.27698179471862971, -19.09999999999996945 ) ) ;
#1998 = ORIENTED_EDGE ( 'NONE', *, *, #487, .T. ) ;
#1999 = EDGE_CURVE ( 'NONE', #1529, #2608, #2348, .T. ) ;
#2000 = CARTESIAN_POINT ( 'NONE',  ( 0.000000000000000000, 20.49268122259969260, -21.50966810795326367 ) ) ;
#2001 = EDGE_CURVE ( 'NONE', #148, #2640, #3203, .T. ) ;
#2002 = ORIENTED_EDGE ( 'NONE', *, *, #2657, .T. ) ;
#2003 = VECTOR ( 'NONE', #2056, 1000.000000000000000 ) ;
#2004 = DIRECTION ( 'NONE',  ( 0.000000000000000000, 0.000000000000000000, 1.000000000000000000 ) ) ;
#2005 = DIRECTION ( 'NONE',  ( -1.501925087425806872E-16, 0.000000000000000000, -1.000000000000000000 ) ) ;
#2006 = CARTESIAN_POINT ( 'NONE',  ( -14.71503324295817272, -18.47374005464410374, -19.01666666666666572 ) ) ;
#2007 = ORIENTED_EDGE ( 'NONE', *, *, #185, .F. ) ;
#2008 = ORIENTED_EDGE ( 'NONE', *, *, #1626, .F. ) ;
#2009 = DIRECTION ( 'NONE',  ( 1.000000000000000000, 0.000000000000000000, 0.000000000000000000 ) ) ;
#2010 = DIRECTION ( 'NONE',  ( 1.000000000000000000, 0.000000000000000000, 0.000000000000000000 ) ) ;
#2011 = DIRECTION ( 'NONE',  ( -1.000000000000000000, 0.000000000000000000, 1.084202172485504434E-16 ) ) ;
#2012 = EDGE_LOOP ( 'NONE', ( #2428, #2781, #1173, #1411 ) ) ;
#2013 = CYLINDRICAL_SURFACE ( 'NONE', #2037, 2.499999999999994227 ) ;
#2014 = CARTESIAN_POINT ( 'NONE',  ( -19.99999999999999645, 3.900000000000000799, 21.10000000000000853 ) ) ;
#2015 = DIRECTION ( 'NONE',  ( 0.000000000000000000, 0.000000000000000000, 1.000000000000000000 ) ) ;
#2016 = CARTESIAN_POINT ( 'NONE',  ( -6.500000000000002665, 8.099999999999999645, -20.59999999999999432 ) ) ;
#2017 = EDGE_CURVE ( 'NONE', #2189, #159, #2585, .T. ) ;
#2018 = B_SPLINE_SURFACE_WITH_KNOTS ( 'NONE', 3, 1, ( 
 ( #551, #822 ),
 ( #1362, #2673 ),
 ( #2112, #79 ),
 ( #2127, #2949 ),
 ( #1347, #1317 ) ),
 .UNSPECIFIED., .F., .F., .F.,
 ( 4, 1, 4 ),
 ( 2, 2 ),
 ( 0.000000000000000000, 0.3063616363167692702, 1.000000000000000000 ),
 ( 0.000000000000000000, 1.000000000000000000 ),
 .UNSPECIFIED. ) ;
#2019 = VERTEX_POINT ( 'NONE', #2829 ) ;
#2020 = CARTESIAN_POINT ( 'NONE',  ( -6.500000000000002665, 8.099999999999999645, 2.900000000000020783 ) ) ;
#2021 = ORIENTED_EDGE ( 'NONE', *, *, #3204, .T. ) ;
#2022 = EDGE_CURVE ( 'NONE', #1934, #27, #74, .T. ) ;
#2023 = CARTESIAN_POINT ( 'NONE',  ( 18.30876228214927792, 21.20464809086562497, 19.40576825399718430 ) ) ;
#2024 = VECTOR ( 'NONE', #1151, 1000.000000000000000 ) ;
#2025 = DIRECTION ( 'NONE',  ( 1.501925087425806872E-16, 0.000000000000000000, 1.000000000000000000 ) ) ;
#2026 = DIRECTION ( 'NONE',  ( 0.000000000000000000, 1.000000000000000000, 0.000000000000000000 ) ) ;
#2027 = VECTOR ( 'NONE', #1963, 1000.000000000000000 ) ;
#2028 = ORIENTED_EDGE ( 'NONE', *, *, #1921, .F. ) ;
#2029 = VERTEX_POINT ( 'NONE', #2016 ) ;
#2030 = CARTESIAN_POINT ( 'NONE',  ( 17.99999999999999645, 9.100000000000001421, -14.34999999999999964 ) ) ;
#2031 = CARTESIAN_POINT ( 'NONE',  ( 15.99999999999999645, 21.20464809186999133, -21.40876227786208474 ) ) ;
#2032 = ORIENTED_EDGE ( 'NONE', *, *, #107, .F. ) ;
#2033 = CARTESIAN_POINT ( 'NONE',  ( -17.40799109904453346, 21.20464809183611621, -20.93588084441751462 ) ) ;
#2034 = ORIENTED_EDGE ( 'NONE', *, *, #301, .T. ) ;
#2035 = CARTESIAN_POINT ( 'NONE',  ( -6.500000000000005329, 3.600000000000000089, -21.09999999999999432 ) ) ;
#2036 = DIRECTION ( 'NONE',  ( -0.000000000000000000, 1.000000000000000000, -0.000000000000000000 ) ) ;
#2037 = AXIS2_PLACEMENT_3D ( 'NONE', #3119, #1781, #708 ) ;
#2038 = ORIENTED_EDGE ( 'NONE', *, *, #2699, .T. ) ;
#2039 = AXIS2_PLACEMENT_3D ( 'NONE', #657, #1155, #1931 ) ;
#2040 = ORIENTED_EDGE ( 'NONE', *, *, #2001, .T. ) ;
#2041 = LINE ( 'NONE', #1315, #447 ) ;
#2042 = EDGE_LOOP ( 'NONE', ( #2159, #1554, #980, #933 ) ) ;
#2043 = EDGE_CURVE ( 'NONE', #1589, #1275, #2811, .T. ) ;
#2044 = CARTESIAN_POINT ( 'NONE',  ( 16.26501320114143923, 21.27698179472470486, 21.10000000414856913 ) ) ;
#2045 = AXIS2_PLACEMENT_3D ( 'NONE', #2305, #1291, #2009 ) ;
#2046 = DIRECTION ( 'NONE',  ( -1.000000000000000000, 0.000000000000000000, 1.501925087425806872E-16 ) ) ;
#2047 = EDGE_CURVE ( 'NONE', #2693, #3014, #1279, .T. ) ;
#2048 = PLANE ( 'NONE',  #2238 ) ;
#2049 = ORIENTED_EDGE ( 'NONE', *, *, #966, .F. ) ;
#2050 = CARTESIAN_POINT ( 'NONE',  ( 18.00000000000000355, 22.00000000000000000, 19.10000000000000497 ) ) ;
#2051 = AXIS2_PLACEMENT_3D ( 'NONE', #1512, #709, #2827 ) ;
#2052 = DIRECTION ( 'NONE',  ( -1.000000000000000000, 0.000000000000000000, 0.000000000000000000 ) ) ;
#2053 = ADVANCED_FACE ( 'NONE', ( #3067 ), #2292, .T. ) ;
#2054 = CARTESIAN_POINT ( 'NONE',  ( -17.40816061643621637, 21.20464809183402366, 20.93575281998741389 ) ) ;
#2055 = VERTEX_POINT ( 'NONE', #2072 ) ;
#2056 = DIRECTION ( 'NONE',  ( 0.000000000000000000, 0.000000000000000000, 1.000000000000000000 ) ) ;
#2057 = CARTESIAN_POINT ( 'NONE',  ( -1.800000000000006484, 2.000000000000001776, 23.10000000000000853 ) ) ;
#2058 = ORIENTED_EDGE ( 'NONE', *, *, #1525, .T. ) ;
#2059 = FACE_OUTER_BOUND ( 'NONE', #2276, .T. ) ;
#2060 = ORIENTED_EDGE ( 'NONE', *, *, #1188, .T. ) ;
#2061 = CARTESIAN_POINT ( 'NONE',  ( 14.09999999999999432, 5.999999999999998224, 21.10000000000000853 ) ) ;
#2062 = FACE_OUTER_BOUND ( 'NONE', #2246, .T. ) ;
#2063 = DIRECTION ( 'NONE',  ( 0.000000000000000000, 0.000000000000000000, -1.000000000000000000 ) ) ;
#2064 = ORIENTED_EDGE ( 'NONE', *, *, #696, .F. ) ;
#2065 = DIRECTION ( 'NONE',  ( 0.000000000000000000, -1.000000000000000000, 0.000000000000000000 ) ) ;
#2066 = EDGE_CURVE ( 'NONE', #1128, #1219, #626, .T. ) ;
#2067 = CARTESIAN_POINT ( 'NONE',  ( -18.00000000413363921, 21.27698179472027462, 19.36501320114228974 ) ) ;
#2068 = EDGE_CURVE ( 'NONE', #3002, #1888, #511, .T. ) ;
#2069 = CARTESIAN_POINT ( 'NONE',  ( -16.26487634345210509, 21.59410370944343072, 21.10000000000000497 ) ) ;
#2070 = CARTESIAN_POINT ( 'NONE',  ( 0.000000000000000000, 21.59410370944292978, -21.49999999999977618 ) ) ;
#2071 = CARTESIAN_POINT ( 'NONE',  ( -16.00000000000003553, 19.78918494657904859, -21.09999999999999432 ) ) ;
#2072 = CARTESIAN_POINT ( 'NONE',  ( -7.000000000000006217, 3.600000000000000089, -18.59999999999999787 ) ) ;
#2073 = ORIENTED_EDGE ( 'NONE', *, *, #275, .T. ) ;
#2074 = CARTESIAN_POINT ( 'NONE',  ( -6.500000000000002665, 8.099999999999999645, -21.09999999999999432 ) ) ;
#2075 = EDGE_LOOP ( 'NONE', ( #1919, #1541, #3053, #2124 ) ) ;
#2076 = LINE ( 'NONE', #1266, #1269 ) ;
#2077 = DIRECTION ( 'NONE',  ( 0.000000000000000000, -0.000000000000000000, 1.000000000000000000 ) ) ;
#2078 = VERTEX_POINT ( 'NONE', #3347 ) ;
#2079 = CYLINDRICAL_SURFACE ( 'NONE', #518, 0.5000000000000000000 ) ;
#2080 =( BOUNDED_SURFACE ( )  B_SPLINE_SURFACE ( 3, 2, ( 
 ( #2843, #2634, #1274 ),
 ( #1339, #2604, #2069 ),
 ( #779, #1324, #2308 ),
 ( #3118, #507, #1831 ),
 ( #543, #33, #558 ),
 ( #2054, #2360, #3361 ),
 ( #268, #1548, #2586 ),
 ( #3103, #1295, #3381 ),
 ( #19, #1041, #1310 ),
 ( #1847, #3, #296 ),
 ( #2084, #2783, #3060 ),
 ( #762, #3116, #527 ),
 ( #2544, #2067, #187 ),
 ( #777, #2603, #2249 ) ),
 .UNSPECIFIED., .F., .F., .T. ) 
 B_SPLINE_SURFACE_WITH_KNOTS ( ( 4, 2, 2, 2, 2, 2, 4 ),
 ( 3, 3 ),
 ( 0.001415333446682457471, 0.002353906421088546204, 0.002823192908291590787, 0.003292479395494635371, 0.003761765882697679954, 0.004231052369900724537, 0.005169625344306813704 ),
 ( 0.000000000000000000, 1.000000000000000000 ),
 .UNSPECIFIED. ) 
 GEOMETRIC_REPRESENTATION_ITEM ( )  RATIONAL_B_SPLINE_SURFACE ( (
 ( 1.000000000000000000, 0.7836116083063030535, 1.000000000000000000),
 ( 1.000000000000000000, 0.7836116083063030535, 1.000000000000000000),
 ( 1.000000000000000000, 0.7836116083063042748, 1.000000000000000000),
 ( 1.000000000000000000, 0.7836116083063042748, 1.000000000000000000),
 ( 1.000000000000000000, 0.7836116083060634674, 1.000000000000000000),
 ( 1.000000000000000000, 0.7836116083060634674, 1.000000000000000000),
 ( 1.000000000000000000, 0.7836116083063131565, 1.000000000000000000),
 ( 1.000000000000000000, 0.7836116083063131565, 1.000000000000000000),
 ( 1.000000000000000000, 0.7836116083063088267, 1.000000000000000000),
 ( 1.000000000000000000, 0.7836116083063088267, 1.000000000000000000),
 ( 1.000000000000000000, 0.7836116083062969473, 1.000000000000000000),
 ( 1.000000000000000000, 0.7836116083062969473, 1.000000000000000000),
 ( 1.000000000000000000, 0.7836116083063003890, 1.000000000000000000),
 ( 1.000000000000000000, 0.7836116083063003890, 1.000000000000000000) ) ) 
 REPRESENTATION_ITEM ( '' )  SURFACE ( )  );
#2081 = DIRECTION ( 'NONE',  ( -9.082321863752916905E-17, 0.000000000000000000, -1.000000000000000000 ) ) ;
#2082 = AXIS2_PLACEMENT_3D ( 'NONE', #2931, #595, #1629 ) ;
#2083 = AXIS2_PLACEMENT_3D ( 'NONE', #2970, #339, #874 ) ;
#2084 = CARTESIAN_POINT ( 'NONE',  ( -18.07452970053431329, 21.20464809229786951, 20.12461193387488478 ) ) ;
#2085 = DIRECTION ( 'NONE',  ( -1.501925087425806872E-16, 0.000000000000000000, -1.000000000000000000 ) ) ;
#2086 = CARTESIAN_POINT ( 'NONE',  ( -18.00000000000001776, 19.64999999999999503, -20.27157287525377782 ) ) ;
#2087 = CARTESIAN_POINT ( 'NONE',  ( -15.99999999999999289, 21.59999999999999787, 21.10000000000000853 ) ) ;
#2088 = EDGE_CURVE ( 'NONE', #1494, #714, #1009, .T. ) ;
#2089 = AXIS2_PLACEMENT_3D ( 'NONE', #1977, #689, #429 ) ;
#2090 = ORIENTED_EDGE ( 'NONE', *, *, #1861, .T. ) ;
#2091 = DIRECTION ( 'NONE',  ( -1.000000000000000000, 0.000000000000000000, 0.000000000000000000 ) ) ;
#2092 = VERTEX_POINT ( 'NONE', #2333 ) ;
#2093 = ADVANCED_FACE ( 'NONE', ( #989 ), #1800, .F. ) ;
#2094 = AXIS2_PLACEMENT_3D ( 'NONE', #1514, #783, #271 ) ;
#2095 = FACE_OUTER_BOUND ( 'NONE', #198, .T. ) ;
#2096 = CYLINDRICAL_SURFACE ( 'NONE', #3187, 0.4000000000000010214 ) ;
#2097 = CIRCLE ( 'NONE', #1826, 2.700000000000001066 ) ;
#2098 = ORIENTED_EDGE ( 'NONE', *, *, #744, .T. ) ;
#2099 = DIRECTION ( 'NONE',  ( -0.000000000000000000, 1.000000000000000000, -0.000000000000000000 ) ) ;
#2100 = CARTESIAN_POINT ( 'NONE',  ( -17.50000000000000000, 8.099999999999999645, -18.59999999999999432 ) ) ;
#2101 = AXIS2_PLACEMENT_3D ( 'NONE', #1578, #1308, #1052 ) ;
#2102 =( BOUNDED_CURVE ( )  B_SPLINE_CURVE ( 3, ( #2856, #1559, #262, #1806 ),
 .UNSPECIFIED., .F., .F. ) 
 B_SPLINE_CURVE_WITH_KNOTS ( ( 4, 4 ),
 ( 1.621589336239187586E-15, 1.570796326794868802 ),
 .UNSPECIFIED. ) 
 CURVE ( )  GEOMETRIC_REPRESENTATION_ITEM ( )  RATIONAL_B_SPLINE_CURVE ( ( 1.000000000000000000, 0.8047378541243719319, 0.8047378541243719319, 1.000000000000000000 ) ) 
 REPRESENTATION_ITEM ( '' )  );
#2103 = CARTESIAN_POINT ( 'NONE',  ( 19.01544195096117207, 21.16400731508066357, 20.86640499832427054 ) ) ;
#2104 = CARTESIAN_POINT ( 'NONE',  ( 17.15866437604054440, 21.20464809190589150, -21.10259871168739920 ) ) ;
#2105 = CARTESIAN_POINT ( 'NONE',  ( -7.000000000000006217, 3.600000000000000089, -19.09999999999999787 ) ) ;
#2106 = CARTESIAN_POINT ( 'NONE',  ( -9.291960108450199485, 8.099999999999999645, -19.09999999999999787 ) ) ;
#2107 = EDGE_CURVE ( 'NONE', #3211, #1836, #711, .T. ) ;
#2108 = ORIENTED_EDGE ( 'NONE', *, *, #2378, .T. ) ;
#2109 = CARTESIAN_POINT ( 'NONE',  ( -17.60117391831406763, 21.59410370944288005, 20.32722607272555493 ) ) ;
#2110 = ORIENTED_EDGE ( 'NONE', *, *, #3349, .T. ) ;
#2111 = ADVANCED_FACE ( 'NONE', ( #3384 ), #3121, .F. ) ;
#2112 = CARTESIAN_POINT ( 'NONE',  ( 0.000000000000000000, 20.55698864586779706, -21.54711635226610156 ) ) ;
#2113 = CARTESIAN_POINT ( 'NONE',  ( 16.00000000000000000, 8.200000000000002842, -6.449999999999998401 ) ) ;
#2114 = AXIS2_PLACEMENT_3D ( 'NONE', #2285, #1021, #1544 ) ;
#2115 = DIRECTION ( 'NONE',  ( 1.032573497605242347E-16, -1.000000000000000000, 0.000000000000000000 ) ) ;
#2116 = DIRECTION ( 'NONE',  ( 1.000000000000000000, 0.000000000000000000, 0.000000000000000000 ) ) ;
#2117 = VECTOR ( 'NONE', #799, 1000.000000000000000 ) ;
#2118 = DIRECTION ( 'NONE',  ( -1.000000000000000000, 0.000000000000000000, 0.000000000000000000 ) ) ;
#2119 = CARTESIAN_POINT ( 'NONE',  ( 17.32080387086710971, 21.59410370944261004, -20.60763250912283340 ) ) ;
#2120 = FACE_OUTER_BOUND ( 'NONE', #1991, .T. ) ;
#2121 = LINE ( 'NONE', #3190, #737 ) ;
#2122 = ORIENTED_EDGE ( 'NONE', *, *, #216, .T. ) ;
#2123 = DIRECTION ( 'NONE',  ( -1.000000000000000000, 0.000000000000000000, 0.000000000000000000 ) ) ;
#2124 = ORIENTED_EDGE ( 'NONE', *, *, #2793, .T. ) ;
#2125 = CIRCLE ( 'NONE', #1147, 2.000000000000001776 ) ;
#2126 = EDGE_CURVE ( 'NONE', #2950, #955, #22, .T. ) ;
#2127 = CARTESIAN_POINT ( 'NONE',  ( 0.000000000000000000, 21.16400731508066002, -22.11544195096115573 ) ) ;
#2128 = FACE_OUTER_BOUND ( 'NONE', #3333, .T. ) ;
#2129 = EDGE_CURVE ( 'NONE', #3014, #1962, #592, .T. ) ;
#2130 = CARTESIAN_POINT ( 'NONE',  ( -15.99999999999999645, 19.78918494657904859, 21.10000000000001563 ) ) ;
#2131 = AXIS2_PLACEMENT_3D ( 'NONE', #460, #1191, #2816 ) ;
#2132 = CARTESIAN_POINT ( 'NONE',  ( -6.500000000000006217, 3.307106781186547106, 7.892893218813461509 ) ) ;
#2133 = LINE ( 'NONE', #1878, #2413 ) ;
#2134 = CARTESIAN_POINT ( 'NONE',  ( -18.00000000000000355, 21.24999999999999645, 19.10000000000000142 ) ) ;
#2135 = CIRCLE ( 'NONE', #2512, 0.5000000000000004441 ) ;
#2136 = LINE ( 'NONE', #815, #2557 ) ;
#2137 = CARTESIAN_POINT ( 'NONE',  ( 17.17157287525381548, 21.24999999999999645, -21.09999999999999787 ) ) ;
#2138 = CIRCLE ( 'NONE', #1110, 2.000000000000005329 ) ;
#2139 = ORIENTED_EDGE ( 'NONE', *, *, #2869, .T. ) ;
#2140 = FACE_OUTER_BOUND ( 'NONE', #3018, .T. ) ;
#2141 = ORIENTED_EDGE ( 'NONE', *, *, #1631, .F. ) ;
#2142 = VECTOR ( 'NONE', #2868, 1000.000000000000000 ) ;
#2143 = DIRECTION ( 'NONE',  ( 0.000000000000000000, 0.000000000000000000, 1.000000000000000000 ) ) ;
#2144 = EDGE_CURVE ( 'NONE', #1570, #1562, #2622, .T. ) ;
#2145 = ORIENTED_EDGE ( 'NONE', *, *, #2226, .T. ) ;
#2146 = CARTESIAN_POINT ( 'NONE',  ( 18.00000000000001066, 21.24999999999999645, 19.10000000000000497 ) ) ;
#2147 = VECTOR ( 'NONE', #1001, 1000.000000000000000 ) ;
#2148 = LINE ( 'NONE', #1890, #1064 ) ;
#2149 = EDGE_CURVE ( 'NONE', #1380, #1166, #299, .T. ) ;
#2150 = CARTESIAN_POINT ( 'NONE',  ( 18.30876227786209043, 21.20464809186998778, 19.10000000000000497 ) ) ;
#2151 = DIRECTION ( 'NONE',  ( -0.000000000000000000, 1.000000000000000000, 0.000000000000000000 ) ) ;
#2152 = DIRECTION ( 'NONE',  ( 0.000000000000000000, 0.000000000000000000, 1.000000000000000000 ) ) ;
#2153 = ADVANCED_FACE ( 'NONE', ( #849 ), #113, .T. ) ;
#2154 = ORIENTED_EDGE ( 'NONE', *, *, #824, .T. ) ;
#2155 = CARTESIAN_POINT ( 'NONE',  ( -19.01544195096116496, 21.16400731508066002, 19.10000000000000142 ) ) ;
#2156 = AXIS2_PLACEMENT_3D ( 'NONE', #2372, #859, #32 ) ;
#2157 = CARTESIAN_POINT ( 'NONE',  ( 19.99999999999999645, 8.200000000000002842, -15.75000000000000000 ) ) ;
#2158 = DIRECTION ( 'NONE',  ( -1.000000000000000000, 0.000000000000000000, 1.501925087425806872E-16 ) ) ;
#2159 = ORIENTED_EDGE ( 'NONE', *, *, #1342, .T. ) ;
#2160 = CYLINDRICAL_SURFACE ( 'NONE', #2082, 2.000000000000001776 ) ;
#2161 = ORIENTED_EDGE ( 'NONE', *, *, #1506, .F. ) ;
#2162 = LINE ( 'NONE', #29, #2740 ) ;
#2163 = VERTEX_POINT ( 'NONE', #2087 ) ;
#2164 = FACE_OUTER_BOUND ( 'NONE', #1681, .T. ) ;
#2165 = FACE_BOUND ( 'NONE', #1299, .T. ) ;
#2166 = CARTESIAN_POINT ( 'NONE',  ( 17.94826461102939774, 21.59410370944292268, -19.62305923513422456 ) ) ;
#2167 = CARTESIAN_POINT ( 'NONE',  ( 20.00000000000000000, 6.800000000000002487, -7.849999999999999645 ) ) ;
#2168 = EDGE_CURVE ( 'NONE', #2625, #2930, #2121, .T. ) ;
#2169 = EDGE_LOOP ( 'NONE', ( #2002, #2281, #2295, #968, #2997, #420, #2968, #1092 ) ) ;
#2170 = CARTESIAN_POINT ( 'NONE',  ( 18.00267931346381545, 21.20464809190393751, -20.25852189274766602 ) ) ;
#2171 = CARTESIAN_POINT ( 'NONE',  ( -15.99999999999999645, 19.64999999999999858, 21.10000000000001208 ) ) ;
#2172 = CARTESIAN_POINT ( 'NONE',  ( 15.99999999999999645, 10.50000000000000178, -14.34999999999999964 ) ) ;
#2173 = EDGE_CURVE ( 'NONE', #77, #1000, #2801, .T. ) ;
#2174 = VERTEX_POINT ( 'NONE', #2912 ) ;
#2175 = CYLINDRICAL_SURFACE ( 'NONE', #1273, 0.4000000000000010214 ) ;
#2176 = ORIENTED_EDGE ( 'NONE', *, *, #1259, .T. ) ;
#2177 = VERTEX_POINT ( 'NONE', #800 ) ;
#2178 = CARTESIAN_POINT ( 'NONE',  ( -7.000000000000006217, 3.600000000000000089, -19.09999999999999787 ) ) ;
#2179 = DIRECTION ( 'NONE',  ( 0.000000000000000000, 0.000000000000000000, 1.000000000000000000 ) ) ;
#2180 = FACE_OUTER_BOUND ( 'NONE', #1780, .T. ) ;
#2181 = ORIENTED_EDGE ( 'NONE', *, *, #1591, .T. ) ;
#2182 = CARTESIAN_POINT ( 'NONE',  ( 17.50776331444917133, 21.59410370944315716, -20.42065454811725544 ) ) ;
#2183 = CARTESIAN_POINT ( 'NONE',  ( -8.929999999999996163, 4.699999999999988631, 23.10000000000000853 ) ) ;
#2184 = EDGE_CURVE ( 'NONE', #2554, #2527, #2411, .T. ) ;
#2185 = CARTESIAN_POINT ( 'NONE',  ( -18.30876227786208332, 21.20464809186998778, 19.10000000000000142 ) ) ;
#2186 = VECTOR ( 'NONE', #2297, 1000.000000000000000 ) ;
#2187 = ORIENTED_EDGE ( 'NONE', *, *, #802, .T. ) ;
#2188 = CARTESIAN_POINT ( 'NONE',  ( 20.00000000000000000, 9.100000000000001421, -6.449999999999999289 ) ) ;
#2189 = VERTEX_POINT ( 'NONE', #1834 ) ;
#2190 = ADVANCED_FACE ( 'NONE', ( #2363 ), #300, .T. ) ;
#2191 = CIRCLE ( 'NONE', #12, 1.400000000000000133 ) ;
#2192 = EDGE_CURVE ( 'NONE', #2414, #1955, #3360, .T. ) ;
#2193 = VERTEX_POINT ( 'NONE', #816 ) ;
#2194 = AXIS2_PLACEMENT_3D ( 'NONE', #954, #1984, #3036 ) ;
#2195 = DIRECTION ( 'NONE',  ( 0.000000000000000000, 1.000000000000000000, 0.000000000000000000 ) ) ;
#2196 = CARTESIAN_POINT ( 'NONE',  ( -9.784966757041834384, 8.099999999999999645, -1.683333333333328019 ) ) ;
#2198 = DIRECTION ( 'NONE',  ( 0.000000000000000000, 1.000000000000000000, 0.000000000000000000 ) ) ;
#2197 = VECTOR ( 'NONE', #896, 1000.000000000000000 ) ;
#2199 = AXIS2_PLACEMENT_3D ( 'NONE', #52, #2882, #285 ) ;
#2200 = ORIENTED_EDGE ( 'NONE', *, *, #2294, .F. ) ;
#2201 = CARTESIAN_POINT ( 'NONE',  ( 0.000000000000000000, 22.00000000000000000, 21.50000000000000711 ) ) ;
#2202 = CARTESIAN_POINT ( 'NONE',  ( -18.00000000000000355, 22.00000000000000000, -23.09999999999999432 ) ) ;
#2203 = CARTESIAN_POINT ( 'NONE',  ( 17.99999999999999645, 22.00000000000000000, -15.75000000000000000 ) ) ;
#2204 = ORIENTED_EDGE ( 'NONE', *, *, #2342, .F. ) ;
#2205 = LINE ( 'NONE', #1663, #2239 ) ;
#2206 = ORIENTED_EDGE ( 'NONE', *, *, #3260, .T. ) ;
#2207 = ADVANCED_FACE ( 'NONE', ( #1850, #561 ), #1104, .T. ) ;
#2208 = ORIENTED_EDGE ( 'NONE', *, *, #3122, .T. ) ;
#2209 = EDGE_CURVE ( 'NONE', #1166, #3057, #2368, .T. ) ;
#2210 = CARTESIAN_POINT ( 'NONE',  ( -18.00000000000000355, 3.600000000000000089, -21.09999999999999432 ) ) ;
#2211 = LINE ( 'NONE', #875, #533 ) ;
#2212 = CYLINDRICAL_SURFACE ( 'NONE', #1697, 0.5000000000000000000 ) ;
#2213 = ORIENTED_EDGE ( 'NONE', *, *, #676, .F. ) ;
#2214 = DIRECTION ( 'NONE',  ( 0.000000000000000000, 0.000000000000000000, 1.000000000000000000 ) ) ;
#2215 = CARTESIAN_POINT ( 'NONE',  ( 18.30876227786208332, 21.20464809186998068, 19.10000000000000497 ) ) ;
#2216 = DIRECTION ( 'NONE',  ( 0.000000000000000000, 1.000000000000000000, 0.000000000000000000 ) ) ;
#2217 = VECTOR ( 'NONE', #2374, 1000.000000000000000 ) ;
#2218 = CARTESIAN_POINT ( 'NONE',  ( 17.35244163007688911, 21.20464809186971422, -21.40876227786323938 ) ) ;
#2219 = EDGE_LOOP ( 'NONE', ( #680, #2566, #399, #3159 ) ) ;
#2220 = CARTESIAN_POINT ( 'NONE',  ( 15.99999999999999289, 22.00000000000000000, -19.09999999999999076 ) ) ;
#2221 = ORIENTED_EDGE ( 'NONE', *, *, #670, .F. ) ;
#2222 = ADVANCED_FACE ( 'NONE', ( #1675 ), #3008, .F. ) ;
#2223 = ORIENTED_EDGE ( 'NONE', *, *, #416, .F. ) ;
#2224 = CARTESIAN_POINT ( 'NONE',  ( 18.00000000000000000, 8.200000000000002842, -7.849999999999999645 ) ) ;
#2225 = LINE ( 'NONE', #3218, #1665 ) ;
#2226 = EDGE_CURVE ( 'NONE', #1500, #693, #395, .T. ) ;
#2227 = CARTESIAN_POINT ( 'NONE',  ( -18.30876227786208332, 21.20464809186998778, -19.09999999999999432 ) ) ;
#2228 = VERTEX_POINT ( 'NONE', #2993 ) ;
#2229 = ORIENTED_EDGE ( 'NONE', *, *, #1361, .F. ) ;
#2230 = CARTESIAN_POINT ( 'NONE',  ( 17.79709251326001862, 21.59410370944288360, -19.98758547763793558 ) ) ;
#2231 = DIRECTION ( 'NONE',  ( -0.000000000000000000, 1.000000000000000000, -0.000000000000000000 ) ) ;
#2232 = CARTESIAN_POINT ( 'NONE',  ( 16.00000000000000000, 21.59999999999999787, 19.10000000000000497 ) ) ;
#2233 = CARTESIAN_POINT ( 'NONE',  ( -17.22722607272554285, 21.59410370944288715, -20.70117391831406195 ) ) ;
#2234 = VERTEX_POINT ( 'NONE', #430 ) ;
#2235 = LINE ( 'NONE', #3292, #2683 ) ;
#2236 = ORIENTED_EDGE ( 'NONE', *, *, #593, .T. ) ;
#2237 = FACE_OUTER_BOUND ( 'NONE', #2983, .T. ) ;
#2238 = AXIS2_PLACEMENT_3D ( 'NONE', #938, #1210, #1468 ) ;
#2239 = VECTOR ( 'NONE', #3256, 1000.000000000000000 ) ;
#2240 = ORIENTED_EDGE ( 'NONE', *, *, #162, .T. ) ;
#2241 = CARTESIAN_POINT ( 'NONE',  ( 17.74038253259880804, 21.20464809199333089, 20.62471107638339873 ) ) ;
#2242 = AXIS2_PLACEMENT_3D ( 'NONE', #1149, #1384, #84 ) ;
#2243 = DIRECTION ( 'NONE',  ( -0.000000000000000000, 1.000000000000000000, 0.000000000000000000 ) ) ;
#2244 = FACE_OUTER_BOUND ( 'NONE', #720, .T. ) ;
#2245 = PRESENTATION_LAYER_ASSIGNMENT (  '', '', ( #1972 ) ) ;
#2246 = EDGE_LOOP ( 'NONE', ( #3196, #2154, #234, #3090 ) ) ;
#2247 = EDGE_CURVE ( 'NONE', #2092, #1962, #2450, .T. ) ;
#2248 = ORIENTED_EDGE ( 'NONE', *, *, #295, .T. ) ;
#2249 = CARTESIAN_POINT ( 'NONE',  ( -17.99999999999998224, 21.59410370944288005, 19.09999999999999787 ) ) ;
#2250 = DIRECTION ( 'NONE',  ( 1.000000000000000000, 0.000000000000000000, 0.000000000000000000 ) ) ;
#2251 = EDGE_CURVE ( 'NONE', #1851, #3193, #1387, .T. ) ;
#2252 = FACE_OUTER_BOUND ( 'NONE', #1161, .T. ) ;
#2253 = ORIENTED_EDGE ( 'NONE', *, *, #3095, .T. ) ;
#2254 = FACE_OUTER_BOUND ( 'NONE', #1422, .T. ) ;
#2255 = ORIENTED_EDGE ( 'NONE', *, *, #3392, .F. ) ;
#2256 = CARTESIAN_POINT ( 'NONE',  ( 18.00000000000001066, 19.78918494657904859, 19.10000000000000497 ) ) ;
#2257 = VECTOR ( 'NONE', #1526, 1000.000000000000000 ) ;
#2258 = AXIS2_PLACEMENT_3D ( 'NONE', #1034, #1482, #2539 ) ;
#2259 = ORIENTED_EDGE ( 'NONE', *, *, #1019, .F. ) ;
#2260 = DIRECTION ( 'NONE',  ( 0.000000000000000000, 1.000000000000000000, 0.000000000000000000 ) ) ;
#2261 = CARTESIAN_POINT ( 'NONE',  ( 16.00000000000000000, 19.64999999999999858, -21.09999999999999432 ) ) ;
#2262 = DIRECTION ( 'NONE',  ( -0.000000000000000000, 1.000000000000000000, -0.000000000000000000 ) ) ;
#2263 = EDGE_LOOP ( 'NONE', ( #277, #256, #1399, #2819 ) ) ;
#2264 = ORIENTED_EDGE ( 'NONE', *, *, #3140, .T. ) ;
#2265 = CARTESIAN_POINT ( 'NONE',  ( -16.00000000000000000, 21.59999999999999787, -19.09999999999999076 ) ) ;
#2266 = EDGE_CURVE ( 'NONE', #693, #2715, #898, .T. ) ;
#2267 = DIRECTION ( 'NONE',  ( 0.000000000000000000, 0.000000000000000000, -1.000000000000000000 ) ) ;
#2268 = ORIENTED_EDGE ( 'NONE', *, *, #3307, .T. ) ;
#2269 = CARTESIAN_POINT ( 'NONE',  ( 14.09999999999999432, 6.000000000000000000, 21.10000000000000853 ) ) ;
#2270 = ORIENTED_EDGE ( 'NONE', *, *, #587, .T. ) ;
#2271 = FACE_OUTER_BOUND ( 'NONE', #2169, .T. ) ;
#2272 = CARTESIAN_POINT ( 'NONE',  ( -15.99999999999999289, 22.00000000000000000, 19.10000000000000497 ) ) ;
#2273 = EDGE_CURVE ( 'NONE', #2807, #2833, #675, .T. ) ;
#2274 = DIRECTION ( 'NONE',  ( -1.000000000000000000, 0.000000000000000000, 0.000000000000000000 ) ) ;
#2275 = VERTEX_POINT ( 'NONE', #1458 ) ;
#2276 = EDGE_LOOP ( 'NONE', ( #143, #2509, #3124, #2110 ) ) ;
#2277 = CIRCLE ( 'NONE', #817, 0.4000000000000010214 ) ;
#2278 = CARTESIAN_POINT ( 'NONE',  ( 17.21969343701261579, 21.59410370944315360, 20.69035935566013507 ) ) ;
#2279 = FACE_OUTER_BOUND ( 'NONE', #3142, .T. ) ;
#2280 = LINE ( 'NONE', #740, #834 ) ;
#2281 = ORIENTED_EDGE ( 'NONE', *, *, #3074, .T. ) ;
#2282 = ORIENTED_EDGE ( 'NONE', *, *, #3052, .T. ) ;
#2283 = APPLICATION_PROTOCOL_DEFINITION ( 'draft international standard', 'automotive_design', 1998, #2344 ) ;
#2284 = VECTOR ( 'NONE', #2291, 1000.000000000000000 ) ;
#2285 = CARTESIAN_POINT ( 'NONE',  ( -11.62999999999999723, 4.699999999999988631, 21.10000000000000853 ) ) ;
#2286 = EDGE_CURVE ( 'NONE', #2511, #1736, #1169, .T. ) ;
#2287 = CARTESIAN_POINT ( 'NONE',  ( -17.00947279642995014, 21.59410370944291557, -20.84650812517910978 ) ) ;
#2288 = EDGE_LOOP ( 'NONE', ( #103, #1758, #1012, #942, #2580, #1732, #2479, #2688 ) ) ;
#2289 = CARTESIAN_POINT ( 'NONE',  ( -17.52453870176238837, 21.20464809174644927, -20.84053353254567043 ) ) ;
#2290 = DIRECTION ( 'NONE',  ( -1.000000000000000000, 0.000000000000000000, 0.000000000000000000 ) ) ;
#2291 = DIRECTION ( 'NONE',  ( -1.188166764367676095E-16, -0.000000000000000000, -1.000000000000000000 ) ) ;
#2292 = CYLINDRICAL_SURFACE ( 'NONE', #1497, 0.4000000000000010214 ) ;
#2293 = PRODUCT_DEFINITION_SHAPE ( 'NONE', 'NONE',  #3276 ) ;
#2294 = EDGE_CURVE ( 'NONE', #3213, #1146, #1708, .T. ) ;
#2295 = ORIENTED_EDGE ( 'NONE', *, *, #227, .T. ) ;
#2296 = VECTOR ( 'NONE', #1451, 1000.000000000000000 ) ;
#2297 = DIRECTION ( 'NONE',  ( 0.000000000000000000, -1.000000000000000000, 0.000000000000000000 ) ) ;
#2298 = ORIENTED_EDGE ( 'NONE', *, *, #312, .F. ) ;
#2299 = CARTESIAN_POINT ( 'NONE',  ( -7.000000000000003553, 3.600000000000000089, -1.599999999999994316 ) ) ;
#2300 = EDGE_CURVE ( 'NONE', #3038, #1031, #793, .T. ) ;
#2301 = VECTOR ( 'NONE', #893, 1000.000000000000000 ) ;
#2302 = DIRECTION ( 'NONE',  ( -0.000000000000000000, -0.000000000000000000, 1.000000000000000000 ) ) ;
#2303 = CARTESIAN_POINT ( 'NONE',  ( -18.00000000000000355, 19.64999999999999858, 19.10000000000000142 ) ) ;
#2304 = ORIENTED_EDGE ( 'NONE', *, *, #778, .F. ) ;
#2305 = CARTESIAN_POINT ( 'NONE',  ( 0.000000000000000000, 0.000000000000000000, 0.000000000000000000 ) ) ;
#2306 = DIRECTION ( 'NONE',  ( -1.062021414152979156E-16, 0.7071067811865524577, -0.7071067811865426878 ) ) ;
#2307 = AXIS2_PLACEMENT_3D ( 'NONE', #45, #3389, #2063 ) ;
#2308 = CARTESIAN_POINT ( 'NONE',  ( -16.52269544733817241, 21.59410370944287649, 21.04837396169905617 ) ) ;
#2309 = ORIENTED_EDGE ( 'NONE', *, *, #2759, .F. ) ;
#2310 = CARTESIAN_POINT ( 'NONE',  ( -17.73478121232599491, 21.27698179471956763, -20.10371041847565721 ) ) ;
#2311 = CARTESIAN_POINT ( 'NONE',  ( 0.000000000000000000, 22.00000000000000000, -21.49999999999999645 ) ) ;
#2312 = CARTESIAN_POINT ( 'NONE',  ( -15.99999999999999289, 22.00000000000000000, 21.10000000000000853 ) ) ;
#2313 = VECTOR ( 'NONE', #2990, 1000.000000000000000 ) ;
#2314 = ORIENTED_EDGE ( 'NONE', *, *, #3078, .F. ) ;
#2315 = AXIS2_PLACEMENT_3D ( 'NONE', #1914, #381, #2751 ) ;
#2316 = ORIENTED_EDGE ( 'NONE', *, *, #1194, .F. ) ;
#2317 = DIRECTION ( 'NONE',  ( 1.000000000000000000, 0.000000000000000000, 0.000000000000000000 ) ) ;
#2318 = ORIENTED_EDGE ( 'NONE', *, *, #650, .F. ) ;
#2319 = ADVANCED_FACE ( 'NONE', ( #2719 ), #1223, .T. ) ;
#2320 = CYLINDRICAL_SURFACE ( 'NONE', #1549, 2.000000000000001776 ) ;
#2321 = AXIS2_PLACEMENT_3D ( 'NONE', #3183, #843, #1622 ) ;
#2322 = VECTOR ( 'NONE', #2085, 1000.000000000000000 ) ;
#2323 = CARTESIAN_POINT ( 'NONE',  ( -7.000000000000003553, 8.099999999999999645, -1.599999999999994316 ) ) ;
#2324 = CARTESIAN_POINT ( 'NONE',  ( -17.50000000000000000, 8.099999999999999645, -18.09999999999999432 ) ) ;
#2325 = EDGE_CURVE ( 'NONE', #2336, #1936, #461, .T. ) ;
#2326 = ORIENTED_EDGE ( 'NONE', *, *, #948, .F. ) ;
#2327 = DIRECTION ( 'NONE',  ( -0.000000000000000000, 1.000000000000000000, 0.000000000000000000 ) ) ;
#2328 = VECTOR ( 'NONE', #3325, 1000.000000000000000 ) ;
#2329 = DIRECTION ( 'NONE',  ( -0.000000000000000000, -1.000000000000000000, -0.000000000000000000 ) ) ;
#2330 = CARTESIAN_POINT ( 'NONE',  ( 17.17157287525381193, 19.78918494657904859, 21.10000000000000497 ) ) ;
#2331 = LINE ( 'NONE', #3049, #119 ) ;
#2332 = CARTESIAN_POINT ( 'NONE',  ( -17.43348757045254871, 20.55698864586780417, -21.54711635226608735 ) ) ;
#2333 = CARTESIAN_POINT ( 'NONE',  ( -18.30876227786208332, 21.20464809186998778, 19.10000000000000142 ) ) ;
#2334 = ORIENTED_EDGE ( 'NONE', *, *, #1138, .T. ) ;
#2335 = CARTESIAN_POINT ( 'NONE',  ( -18.30876227786208332, 21.20464809186998778, 19.10000000000000142 ) ) ;
#2336 = VERTEX_POINT ( 'NONE', #2474 ) ;
#2337 = CARTESIAN_POINT ( 'NONE',  ( 17.00358699025613518, 21.59410370944261359, 20.83485103493527646 ) ) ;
#2338 = EDGE_CURVE ( 'NONE', #1562, #1785, #3139, .T. ) ;
#2339 = LINE ( 'NONE', #13, #1490 ) ;
#2340 = ORIENTED_EDGE ( 'NONE', *, *, #2129, .T. ) ;
#2341 = CARTESIAN_POINT ( 'NONE',  ( -15.99999999999999289, 21.59410370944288005, 21.10000000000000853 ) ) ;
#2342 = EDGE_CURVE ( 'NONE', #1257, #2396, #136, .T. ) ;
#2343 = CARTESIAN_POINT ( 'NONE',  ( -9.784966757041834384, 3.599999999999999201, -19.01666666666666572 ) ) ;
#2344 = APPLICATION_CONTEXT ( 'automotive_design' ) ;
#2345 = CARTESIAN_POINT ( 'NONE',  ( 16.00000000000000000, 21.20464809186998423, -21.40876227786207764 ) ) ;
#2346 = CARTESIAN_POINT ( 'NONE',  ( -16.00000000000003553, 21.20464809186998068, -21.40876227786207764 ) ) ;
#2347 = FACE_OUTER_BOUND ( 'NONE', #1905, .T. ) ;
#2348 = LINE ( 'NONE', #1044, #2142 ) ;
#2349 = ORIENTED_EDGE ( 'NONE', *, *, #2066, .F. ) ;
#2350 = CARTESIAN_POINT ( 'NONE',  ( 16.00000000000000000, 8.200000000000002842, -7.849999999999999645 ) ) ;
#2351 = ORIENTED_EDGE ( 'NONE', *, *, #1447, .T. ) ;
#2352 = DIRECTION ( 'NONE',  ( 0.000000000000000000, 0.000000000000000000, 1.000000000000000000 ) ) ;
#2353 = CARTESIAN_POINT ( 'NONE',  ( -9.291960108450199485, -18.47374005464410374, -19.09999999999999787 ) ) ;
#2354 = EDGE_LOOP ( 'NONE', ( #803, #1196, #669, #2776 ) ) ;
#2355 = VECTOR ( 'NONE', #1671, 1000.000000000000000 ) ;
#2356 = CARTESIAN_POINT ( 'NONE',  ( -15.99999999999999289, 22.00000000000000000, 19.10000000000000497 ) ) ;
#2357 = CARTESIAN_POINT ( 'NONE',  ( 20.00000000000000000, 9.100000000000001421, -7.849999999999999645 ) ) ;
#2358 = CIRCLE ( 'NONE', #723, 4.000000000000000000 ) ;
#2359 = EDGE_CURVE ( 'NONE', #2608, #3267, #577, .T. ) ;
#2360 = CARTESIAN_POINT ( 'NONE',  ( -17.21984028407116440, 21.27698179471738626, 20.69024845268496904 ) ) ;
#2361 = CARTESIAN_POINT ( 'NONE',  ( -9.291960108450199485, 3.600000000000000089, -18.59999999999999787 ) ) ;
#2362 = DIRECTION ( 'NONE',  ( 0.000000000000000000, 0.000000000000000000, 1.000000000000000000 ) ) ;
#2363 = FACE_OUTER_BOUND ( 'NONE', #172, .T. ) ;
#2364 = ADVANCED_FACE ( 'NONE', ( #2768 ), #3271, .T. ) ;
#2365 = ORIENTED_EDGE ( 'NONE', *, *, #462, .T. ) ;
#2366 = DIRECTION ( 'NONE',  ( 0.000000000000000000, 8.908452710415162640E-15, -1.000000000000000000 ) ) ;
#2367 = ORIENTED_EDGE ( 'NONE', *, *, #337, .T. ) ;
#2368 = CIRCLE ( 'NONE', #127, 2.399999999999999467 ) ;
#2369 = LINE ( 'NONE', #58, #838 ) ;
#2370 = DIRECTION ( 'NONE',  ( 0.000000000000000000, -0.000000000000000000, 1.000000000000000000 ) ) ;
#2371 = DIRECTION ( 'NONE',  ( 1.000000000000000000, 0.000000000000000000, -0.000000000000000000 ) ) ;
#2372 = CARTESIAN_POINT ( 'NONE',  ( 15.99999999999999645, 8.200000000000002842, -14.34999999999999964 ) ) ;
#2373 = AXIS2_PLACEMENT_3D ( 'NONE', #960, #1755, #2779 ) ;
#2374 = DIRECTION ( 'NONE',  ( -1.000000000000000000, 0.000000000000000000, 0.000000000000000000 ) ) ;
#2375 = B_SPLINE_CURVE_WITH_KNOTS ( 'NONE', 3,
 ( #2694, #157, #1204, #357, #1400 ),
 .UNSPECIFIED., .F., .F.,
 ( 4, 1, 4 ),
 ( 0.000000000000000000, 0.3063616363167692147, 0.9162449681765223453 ),
 .UNSPECIFIED. ) ;
#2376 = CARTESIAN_POINT ( 'NONE',  ( 17.32080387052577208, 21.27698179471753193, -20.60763250878071062 ) ) ;
#2377 = DIRECTION ( 'NONE',  ( -0.000000000000000000, 1.000000000000000000, 0.000000000000000000 ) ) ;
#2378 = EDGE_CURVE ( 'NONE', #1203, #1957, #1960, .T. ) ;
#2379 = CARTESIAN_POINT ( 'NONE',  ( 17.43348757045251318, 20.55698864586780417, -21.54711635226610511 ) ) ;
#2380 = VERTEX_POINT ( 'NONE', #1409 ) ;
#2381 = CARTESIAN_POINT ( 'NONE',  ( -9.291960108450199485, 3.600000000000000089, -2.099999999999994316 ) ) ;
#2382 = ORIENTED_EDGE ( 'NONE', *, *, #2300, .F. ) ;
#2383 = ADVANCED_FACE ( 'NONE', ( #2445 ), #3306, .T. ) ;
#2384 = DIRECTION ( 'NONE',  ( -1.000000000000000000, 0.000000000000000000, 0.000000000000000000 ) ) ;
#2385 = CARTESIAN_POINT ( 'NONE',  ( -1.800000000000006040, 5.999999999999998224, 21.10000000000000853 ) ) ;
#2386 = AXIS2_PLACEMENT_3D ( 'NONE', #1487, #2329, #485 ) ;
#2387 = CYLINDRICAL_SURFACE ( 'NONE', #1886, 1.400000000000000133 ) ;
#2388 = CARTESIAN_POINT ( 'NONE',  ( 18.30876227786209043, 21.20464809186998423, -19.09999999999999076 ) ) ;
#2389 = VECTOR ( 'NONE', #624, 1000.000000000000000 ) ;
#2390 = PLANE ( 'NONE',  #344 ) ;
#2391 = LINE ( 'NONE', #1325, #2322 ) ;
#2392 = DIRECTION ( 'NONE',  ( -1.000000000000000000, 0.000000000000000000, 0.000000000000000000 ) ) ;
#2393 = EDGE_CURVE ( 'NONE', #1494, #2950, #169, .T. ) ;
#2394 = ORIENTED_EDGE ( 'NONE', *, *, #332, .T. ) ;
#2395 = CARTESIAN_POINT ( 'NONE',  ( -17.49999999999999645, 8.099999999999999645, -2.099999999999994316 ) ) ;
#2396 = VERTEX_POINT ( 'NONE', #2167 ) ;
#2397 = EDGE_CURVE ( 'NONE', #139, #714, #65, .T. ) ;
#2398 = DIRECTION ( 'NONE',  ( 5.337610695313252371E-16, -0.000000000000000000, 1.000000000000000000 ) ) ;
#2399 = ORIENTED_EDGE ( 'NONE', *, *, #1728, .T. ) ;
#2400 = CARTESIAN_POINT ( 'NONE',  ( 18.00000000000000711, 19.64999999999999858, -19.09999999999999076 ) ) ;
#2401 = EDGE_CURVE ( 'NONE', #1776, #1250, #939, .T. ) ;
#2402 = CARTESIAN_POINT ( 'NONE',  ( -18.00000000000000355, 21.24999999999999645, 19.10000000000000142 ) ) ;
#2403 = AXIS2_PLACEMENT_3D ( 'NONE', #2299, #755, #520 ) ;
#2404 = DIRECTION ( 'NONE',  ( 1.000000000000000000, 0.000000000000000000, 0.000000000000000000 ) ) ;
#2405 = LINE ( 'NONE', #1910, #1966 ) ;
#2406 = CARTESIAN_POINT ( 'NONE',  ( -18.30876227786208332, 21.20464809186998778, -19.09999999999999432 ) ) ;
#2407 = ORIENTED_EDGE ( 'NONE', *, *, #1835, .F. ) ;
#2408 = CARTESIAN_POINT ( 'NONE',  ( -16.52255677224182406, 21.27698179471861550, -21.04841791165206644 ) ) ;
#2409 = CIRCLE ( 'NONE', #289, 2.000000000000001776 ) ;
#2410 = DIRECTION ( 'NONE',  ( 0.000000000000000000, 0.000000000000000000, 1.000000000000000000 ) ) ;
#2411 = LINE ( 'NONE', #3172, #2867 ) ;
#2412 = VECTOR ( 'NONE', #1810, 1000.000000000000000 ) ;
#2413 = VECTOR ( 'NONE', #1120, 1000.000000000000000 ) ;
#2414 = VERTEX_POINT ( 'NONE', #2938 ) ;
#2415 = CARTESIAN_POINT ( 'NONE',  ( 14.09999999999999432, 3.899999999999999911, 23.10000000000000853 ) ) ;
#2416 = VERTEX_POINT ( 'NONE', #2439 ) ;
#2417 = VECTOR ( 'NONE', #640, 1000.000000000000000 ) ;
#2418 = DIRECTION ( 'NONE',  ( 0.000000000000000000, 1.000000000000000000, -0.000000000000000000 ) ) ;
#2419 = AXIS2_PLACEMENT_3D ( 'NONE', #2733, #3029, #1727 ) ;
#2420 = EDGE_CURVE ( 'NONE', #2234, #2885, #2405, .T. ) ;
#2421 = EDGE_LOOP ( 'NONE', ( #192, #809, #3282, #2638 ) ) ;
#2422 = CARTESIAN_POINT ( 'NONE',  ( -17.76640499832426556, 21.16400731508066002, 22.11544195096117704 ) ) ;
#2423 = DIRECTION ( 'NONE',  ( 0.000000000000000000, 0.7071067811865425767, 0.7071067811865524577 ) ) ;
#2424 = EDGE_CURVE ( 'NONE', #1445, #703, #1118, .T. ) ;
#2425 = CARTESIAN_POINT ( 'NONE',  ( -6.500000000000005329, 3.600000000000000089, -20.59999999999999432 ) ) ;
#2426 = CIRCLE ( 'NONE', #1561, 0.5000000000000004441 ) ;
#2427 = CARTESIAN_POINT ( 'NONE',  ( -18.00000000000000355, 19.64999999999999858, 19.10000000000000142 ) ) ;
#2428 = ORIENTED_EDGE ( 'NONE', *, *, #1323, .F. ) ;
#2429 = CARTESIAN_POINT ( 'NONE',  ( 17.73485103493508674, 21.59410370944261714, -20.10358699025636042 ) ) ;
#2430 = AXIS2_PLACEMENT_3D ( 'NONE', #2711, #1418, #2454 ) ;
#2431 = DIRECTION ( 'NONE',  ( 1.000000000000000000, 0.000000000000000000, 0.000000000000000000 ) ) ;
#2432 = ORIENTED_EDGE ( 'NONE', *, *, #2173, .F. ) ;
#2433 = CARTESIAN_POINT ( 'NONE',  ( 17.00947279642995014, 21.59410370944292623, 20.84650812517912044 ) ) ;
#2434 = ORIENTED_EDGE ( 'NONE', *, *, #3240, .F. ) ;
#2435 = ORIENTED_EDGE ( 'NONE', *, *, #2633, .F. ) ;
#2436 = CARTESIAN_POINT ( 'NONE',  ( -17.17157287525381193, 19.78918494657904859, 21.10000000000001563 ) ) ;
#2437 = EDGE_CURVE ( 'NONE', #985, #1250, #3181, .T. ) ;
#2438 = CARTESIAN_POINT ( 'NONE',  ( -15.99999999999999645, 21.24999999999999645, 21.10000000000001208 ) ) ;
#2439 = CARTESIAN_POINT ( 'NONE',  ( -18.00000000000000000, 2.000000000000000000, 8.600000000000010303 ) ) ;
#2440 = EDGE_CURVE ( 'NONE', #3331, #2163, #1108, .T. ) ;
#2441 = ORIENTED_EDGE ( 'NONE', *, *, #837, .T. ) ;
#2442 = CARTESIAN_POINT ( 'NONE',  ( 19.99999999999999645, 0.000000000000000000, -23.09999999999999432 ) ) ;
#2443 = CARTESIAN_POINT ( 'NONE',  ( 18.39999999999999858, 22.00000000000000000, -2.763542160863484723E-15 ) ) ;
#2444 = AXIS2_PLACEMENT_3D ( 'NONE', #1026, #1530, #2015 ) ;
#2445 = FACE_OUTER_BOUND ( 'NONE', #40, .T. ) ;
#2446 = EDGE_CURVE ( 'NONE', #1024, #2608, #909, .T. ) ;
#2447 = VERTEX_POINT ( 'NONE', #2712 ) ;
#2448 = DIRECTION ( 'NONE',  ( -1.188166764367676095E-16, -0.000000000000000000, -1.000000000000000000 ) ) ;
#2449 = ORIENTED_EDGE ( 'NONE', *, *, #1019, .T. ) ;
#2450 =( BOUNDED_CURVE ( )  B_SPLINE_CURVE ( 3, ( #2185, #1690, #121, #3254 ),
 .UNSPECIFIED., .F., .T. ) 
 B_SPLINE_CURVE_WITH_KNOTS ( ( 4, 4 ),
 ( -5.999999999430183195E-08, 0.003658013549184813400 ),
 .UNSPECIFIED. ) 
 CURVE ( )  GEOMETRIC_REPRESENTATION_ITEM ( )  RATIONAL_B_SPLINE_CURVE ( ( 1.000000000000000000, 0.8047378541243643824, 0.8047378541243643824, 1.000000000000000000 ) ) 
 REPRESENTATION_ITEM ( '' )  );
#2451 = ORIENTED_EDGE ( 'NONE', *, *, #2522, .F. ) ;
#2452 = DIRECTION ( 'NONE',  ( 0.000000000000000000, -1.000000000000000000, 0.000000000000000000 ) ) ;
#2453 = DIRECTION ( 'NONE',  ( 1.000000000000000000, -0.000000000000000000, -1.508455196501571429E-16 ) ) ;
#2454 = DIRECTION ( 'NONE',  ( 1.000000000000000000, 0.000000000000000000, -0.000000000000000000 ) ) ;
#2455 = DIRECTION ( 'NONE',  ( -0.000000000000000000, 1.000000000000000000, -0.000000000000000000 ) ) ;
#2456 = ORIENTED_EDGE ( 'NONE', *, *, #2440, .T. ) ;
#2457 = LINE ( 'NONE', #2201, #854 ) ;
#2458 = CARTESIAN_POINT ( 'NONE',  ( 18.40966810795327646, 20.49268122259969260, 19.10000000000000497 ) ) ;
#2459 = DIRECTION ( 'NONE',  ( 0.000000000000000000, -1.000000000000000000, 0.000000000000000000 ) ) ;
#2460 = EDGE_CURVE ( 'NONE', #2416, #7, #667, .T. ) ;
#2461 = AXIS2_PLACEMENT_3D ( 'NONE', #2763, #2519, #1228 ) ;
#2462 = ORIENTED_EDGE ( 'NONE', *, *, #1709, .T. ) ;
#2463 = DIRECTION ( 'NONE',  ( -0.000000000000000000, 1.000000000000000000, 0.000000000000000000 ) ) ;
#2464 = ORIENTED_EDGE ( 'NONE', *, *, #2969, .F. ) ;
#2465 = EDGE_CURVE ( 'NONE', #868, #363, #1637, .T. ) ;
#2466 = AXIS2_PLACEMENT_3D ( 'NONE', #2721, #1202, #1428 ) ;
#2467 = ORIENTED_EDGE ( 'NONE', *, *, #332, .F. ) ;
#2468 = CARTESIAN_POINT ( 'NONE',  ( -18.00000000000000355, 19.78918494657904859, 19.10000000000000142 ) ) ;
#2469 = CARTESIAN_POINT ( 'NONE',  ( 0.000000000000000000, 3.600000000000000089, 7.600000000000012967 ) ) ;
#2470 = CARTESIAN_POINT ( 'NONE',  ( -18.00000000000000355, 19.64999999999999858, -19.09999999999999432 ) ) ;
#2471 = ORIENTED_EDGE ( 'NONE', *, *, #56, .T. ) ;
#2472 = CARTESIAN_POINT ( 'NONE',  ( 17.99999999999999289, 21.27698179471861906, -19.09999999999999076 ) ) ;
#2473 = CARTESIAN_POINT ( 'NONE',  ( 17.99999999999999645, 8.200000000000002842, -15.75000000000000000 ) ) ;
#2474 = CARTESIAN_POINT ( 'NONE',  ( 16.00000000000000000, 21.59999999999999787, 21.10000000000000853 ) ) ;
#2475 = EDGE_CURVE ( 'NONE', #1570, #2940, #2954, .T. ) ;
#2476 = FACE_OUTER_BOUND ( 'NONE', #3068, .T. ) ;
#2477 = ORIENTED_EDGE ( 'NONE', *, *, #2999, .F. ) ;
#2478 = DIRECTION ( 'NONE',  ( 1.000000000000000000, 0.000000000000000000, -1.508455196501571429E-16 ) ) ;
#2479 = ORIENTED_EDGE ( 'NONE', *, *, #972, .F. ) ;
#2480 = EDGE_CURVE ( 'NONE', #564, #2174, #62, .T. ) ;
#2481 = CIRCLE ( 'NONE', #3372, 2.499999999999995115 ) ;
#2482 = ORIENTED_EDGE ( 'NONE', *, *, #2168, .T. ) ;
#2483 = CARTESIAN_POINT ( 'NONE',  ( 17.99999999999998934, 21.59410370944288005, 19.09999999999999787 ) ) ;
#2484 = CARTESIAN_POINT ( 'NONE',  ( -11.62999999999999723, 4.699999999999988631, 20.60000000000001208 ) ) ;
#2485 = CARTESIAN_POINT ( 'NONE',  ( -17.35244163007692464, 21.20464809186971422, -21.40876227786322161 ) ) ;
#2486 = VERTEX_POINT ( 'NONE', #1684 ) ;
#2487 = ORIENTED_EDGE ( 'NONE', *, *, #2595, .F. ) ;
#2488 = DIRECTION ( 'NONE',  ( 0.000000000000000000, -1.000000000000000000, 0.000000000000000000 ) ) ;
#2489 = CYLINDRICAL_SURFACE ( 'NONE', #3135, 0.5000000000000000000 ) ;
#2490 = DIRECTION ( 'NONE',  ( 1.000000000000000000, -0.000000000000000000, -1.508455196501571429E-16 ) ) ;
#2491 = CARTESIAN_POINT ( 'NONE',  ( 0.000000000000000000, 19.64999999999999858, -21.09999999999999432 ) ) ;
#2492 = EDGE_LOOP ( 'NONE', ( #1718, #1602, #3313, #3236 ) ) ;
#2493 = CARTESIAN_POINT ( 'NONE',  ( -18.00000000000000355, 8.099999999999999645, -18.59999999999999432 ) ) ;
#2494 = EDGE_LOOP ( 'NONE', ( #1763, #2786, #498, #2794 ) ) ;
#2495 = VERTEX_POINT ( 'NONE', #87 ) ;
#2496 = ADVANCED_FACE ( 'NONE', ( #2180 ), #2212, .F. ) ;
#2497 = DIRECTION ( 'NONE',  ( -0.000000000000000000, -0.000000000000000000, 1.000000000000000000 ) ) ;
#2498 = CARTESIAN_POINT ( 'NONE',  ( -18.00000000000000355, 8.099999999999999645, 3.400000000000008349 ) ) ;
#2499 = CARTESIAN_POINT ( 'NONE',  ( 16.00000000000000000, 2.000000000000000000, -23.09999999999999432 ) ) ;
#2500 = EDGE_CURVE ( 'NONE', #1802, #2029, #652, .T. ) ;
#2501 = ORIENTED_EDGE ( 'NONE', *, *, #966, .T. ) ;
#2502 = ORIENTED_EDGE ( 'NONE', *, *, #396, .T. ) ;
#2503 =( NAMED_UNIT ( * ) SI_UNIT ( $, .STERADIAN. ) SOLID_ANGLE_UNIT ( ) );
#2504 = CARTESIAN_POINT ( 'NONE',  ( -7.000000000000002665, 3.099999999999999645, 8.100000000000006750 ) ) ;
#2505 = DIRECTION ( 'NONE',  ( 1.032573497605242347E-16, -1.000000000000000000, 0.000000000000000000 ) ) ;
#2506 = CARTESIAN_POINT ( 'NONE',  ( -17.74643234771805567, 21.59410370944292268, -20.10959128337846735 ) ) ;
#2507 = ORIENTED_EDGE ( 'NONE', *, *, #2647, .F. ) ;
#2508 = DIRECTION ( 'NONE',  ( 0.000000000000000000, 0.000000000000000000, 1.000000000000000000 ) ) ;
#2509 = ORIENTED_EDGE ( 'NONE', *, *, #2107, .T. ) ;
#2510 = CARTESIAN_POINT ( 'NONE',  ( 20.00000000000000355, 0.000000000000000000, 19.10000000000000497 ) ) ;
#2511 = VERTEX_POINT ( 'NONE', #2972 ) ;
#2512 = AXIS2_PLACEMENT_3D ( 'NONE', #1331, #1616, #1145 ) ;
#2513 = CIRCLE ( 'NONE', #2632, 4.000000000000000000 ) ;
#2514 = ORIENTED_EDGE ( 'NONE', *, *, #1626, .T. ) ;
#2515 = CARTESIAN_POINT ( 'NONE',  ( 17.32065454811671401, 21.59410370944260649, 20.60776331444971987 ) ) ;
#2516 = CIRCLE ( 'NONE', #343, 0.5000000000000004441 ) ;
#2517 = EDGE_CURVE ( 'NONE', #919, #1469, #1137, .T. ) ;
#2518 = LINE ( 'NONE', #1267, #1420 ) ;
#2519 = DIRECTION ( 'NONE',  ( 0.000000000000000000, -1.000000000000000000, 0.000000000000000000 ) ) ;
#2520 = VECTOR ( 'NONE', #1807, 1000.000000000000000 ) ;
#2521 = ORIENTED_EDGE ( 'NONE', *, *, #972, .T. ) ;
#2522 = EDGE_CURVE ( 'NONE', #2486, #548, #375, .T. ) ;
#2523 = ORIENTED_EDGE ( 'NONE', *, *, #1361, .T. ) ;
#2524 = CARTESIAN_POINT ( 'NONE',  ( -8.929999999999996163, 4.699999999999988631, 21.10000000000000853 ) ) ;
#2525 = AXIS2_PLACEMENT_3D ( 'NONE', #729, #3365, #3089 ) ;
#2526 = DIRECTION ( 'NONE',  ( -3.016910393003142366E-16, 0.000000000000000000, -1.000000000000000000 ) ) ;
#2527 = VERTEX_POINT ( 'NONE', #115 ) ;
#2528 = CARTESIAN_POINT ( 'NONE',  ( -6.500000000000003553, 3.600000000000000089, -1.599999999999993872 ) ) ;
#2529 = CARTESIAN_POINT ( 'NONE',  ( -17.99999999999999645, 2.000000000000000000, 19.10000000000000497 ) ) ;
#2530 = CARTESIAN_POINT ( 'NONE',  ( -16.00000000000000355, 0.000000000000000000, -23.09999999999999432 ) ) ;
#2531 = DIRECTION ( 'NONE',  ( 0.000000000000000000, -1.000000000000000000, 0.000000000000000000 ) ) ;
#2532 = AXIS2_PLACEMENT_3D ( 'NONE', #3195, #659, #1692 ) ;
#2533 = ORIENTED_EDGE ( 'NONE', *, *, #3165, .F. ) ;
#2534 = CYLINDRICAL_SURFACE ( 'NONE', #1431, 0.5000000000000000000 ) ;
#2535 = VERTEX_POINT ( 'NONE', #1165 ) ;
#2536 = CIRCLE ( 'NONE', #2321, 0.4000000000000010214 ) ;
#2537 = EDGE_LOOP ( 'NONE', ( #914, #2034, #579, #2073, #2161, #1131, #2764, #644, #1157, #3085, #437, #1363, #1693, #1492, #3058, #1105, #95 ) ) ;
#2538 = LINE ( 'NONE', #1720, #2729 ) ;
#2539 = DIRECTION ( 'NONE',  ( 0.000000000000000000, 0.000000000000000000, 1.000000000000000000 ) ) ;
#2540 = DIRECTION ( 'NONE',  ( -0.000000000000000000, -0.000000000000000000, 1.000000000000000000 ) ) ;
#2541 = EDGE_LOOP ( 'NONE', ( #452, #3070, #852, #2575 ) ) ;
#2542 = EDGE_CURVE ( 'NONE', #1888, #955, #3249, .T. ) ;
#2543 = EDGE_LOOP ( 'NONE', ( #1464, #2326, #1262, #1975 ) ) ;
#2544 = CARTESIAN_POINT ( 'NONE',  ( -18.30876228238685499, 21.20464809080996815, 19.40592624102389152 ) ) ;
#2545 = EDGE_CURVE ( 'NONE', #2174, #550, #517, .T. ) ;
#2546 = DIRECTION ( 'NONE',  ( 7.999791739217659183E-17, 0.7071067811865426878, 0.7071067811865523467 ) ) ;
#2547 = ORIENTED_EDGE ( 'NONE', *, *, #2630, .F. ) ;
#2548 = CARTESIAN_POINT ( 'NONE',  ( -17.79705990575331498, 21.59410370944205937, -19.98764779133259850 ) ) ;
#2549 = CYLINDRICAL_SURFACE ( 'NONE', #2924, 0.4000000000000010214 ) ;
#2550 = CARTESIAN_POINT ( 'NONE',  ( -15.20803989154980762, -18.47374005464410374, -19.09999999999999787 ) ) ;
#2551 = CARTESIAN_POINT ( 'NONE',  ( 0.000000000000000000, 21.20464809186998423, -21.40876227786206343 ) ) ;
#2552 = AXIS2_PLACEMENT_3D ( 'NONE', #1593, #529, #3136 ) ;
#2553 = EDGE_CURVE ( 'NONE', #3038, #363, #702, .T. ) ;
#2554 = VERTEX_POINT ( 'NONE', #183 ) ;
#2555 = CARTESIAN_POINT ( 'NONE',  ( -16.00000000000000000, 21.59999999999999787, -21.49999999999999645 ) ) ;
#2556 = EDGE_LOOP ( 'NONE', ( #1454, #2456, #1895, #203 ) ) ;
#2557 = VECTOR ( 'NONE', #1074, 1000.000000000000000 ) ;
#2558 = CARTESIAN_POINT ( 'NONE',  ( 16.00000000000000355, 21.59410370944288360, 21.10000000000001563 ) ) ;
#2559 = CYLINDRICAL_SURFACE ( 'NONE', #2258, 2.000000000000001776 ) ;
#2560 = CARTESIAN_POINT ( 'NONE',  ( 17.99999999999999645, 2.000000000000000000, -19.09999999999999076 ) ) ;
#2561 = ORIENTED_EDGE ( 'NONE', *, *, #2793, .F. ) ;
#2562 =( BOUNDED_SURFACE ( )  B_SPLINE_SURFACE ( 3, 3, ( 
 ( #3247, #890, #1433, #1099 ),
 ( #2468, #617, #2436, #2130 ),
 ( #3199, #2952, #907, #841 ),
 ( #359, #2936, #2422, #1401 ),
 ( #2402, #2725, #98, #112 ) ),
 .UNSPECIFIED., .F., .F., .F. ) 
 B_SPLINE_SURFACE_WITH_KNOTS ( ( 4, 1, 4 ),
 ( 4, 4 ),
 ( 0.000000000000000000, 0.3063616363167692702, 1.000000000000000000 ),
 ( 0.000000000000000000, 1.000000000000000000 ),
 .UNSPECIFIED. ) 
 GEOMETRIC_REPRESENTATION_ITEM ( )  RATIONAL_B_SPLINE_SURFACE ( (
 ( 1.000000000000000000, 0.8047378541243643824, 0.8047378541243643824, 1.000000000000000000),
 ( 1.000000000000000000, 0.8047378541243643824, 0.8047378541243643824, 1.000000000000000000),
 ( 1.000000000000000000, 0.8047378541243643824, 0.8047378541243643824, 1.000000000000000000),
 ( 1.000000000000000000, 0.8047378541243643824, 0.8047378541243643824, 1.000000000000000000),
 ( 1.000000000000000000, 0.8047378541243643824, 0.8047378541243643824, 1.000000000000000000) ) ) 
 REPRESENTATION_ITEM ( '' )  SURFACE ( )  );
#2563 = DIRECTION ( 'NONE',  ( 0.000000000000000000, 0.000000000000000000, 1.000000000000000000 ) ) ;
#2564 = DIRECTION ( 'NONE',  ( 0.000000000000000000, 0.000000000000000000, -1.000000000000000000 ) ) ;
#2565 = CARTESIAN_POINT ( 'NONE',  ( 18.44711635226611435, 20.55698864586779706, 19.10000000000000142 ) ) ;
#2566 = ORIENTED_EDGE ( 'NONE', *, *, #2633, .T. ) ;
#2567 = DIRECTION ( 'NONE',  ( -0.000000000000000000, 1.000000000000000000, -0.000000000000000000 ) ) ;
#2568 = CARTESIAN_POINT ( 'NONE',  ( -17.76640499832430109, 21.16400731508066357, -22.11544195096113796 ) ) ;
#2569 = EDGE_CURVE ( 'NONE', #3002, #213, #1739, .T. ) ;
#2570 = CARTESIAN_POINT ( 'NONE',  ( 0.000000000000000000, 19.64999999999999858, -21.09999999999999432 ) ) ;
#2571 = ORIENTED_EDGE ( 'NONE', *, *, #144, .T. ) ;
#2572 = ORIENTED_EDGE ( 'NONE', *, *, #2647, .T. ) ;
#2573 = AXIS2_PLACEMENT_3D ( 'NONE', #2224, #682, #736 ) ;
#2574 = CYLINDRICAL_SURFACE ( 'NONE', #2628, 1.400000000000000133 ) ;
#2575 = ORIENTED_EDGE ( 'NONE', *, *, #1447, .F. ) ;
#2576 = EDGE_CURVE ( 'NONE', #2019, #2592, #3356, .T. ) ;
#2577 = DIRECTION ( 'NONE',  ( 0.000000000000000000, 0.000000000000000000, 1.000000000000000000 ) ) ;
#2578 = VECTOR ( 'NONE', #2091, 1000.000000000000000 ) ;
#2579 = DIRECTION ( 'NONE',  ( 0.000000000000000000, 1.000000000000000000, 0.000000000000000000 ) ) ;
#2580 = ORIENTED_EDGE ( 'NONE', *, *, #1402, .F. ) ;
#2581 = TOROIDAL_SURFACE ( 'NONE', #3185, 2.400000000000000355, 0.4000000000000000222 ) ;
#2582 = CARTESIAN_POINT ( 'NONE',  ( -6.500000000000002665, 8.099999999999999645, -2.099999999999994316 ) ) ;
#2583 =( LENGTH_UNIT ( ) NAMED_UNIT ( * ) SI_UNIT ( .MILLI., .METRE. ) );
#2584 = CARTESIAN_POINT ( 'NONE',  ( -16.00000000000000000, 22.00000000000000000, -21.49999999999999289 ) ) ;
#2585 = CIRCLE ( 'NONE', #1114, 4.000000000000000000 ) ;
#2586 = CARTESIAN_POINT ( 'NONE',  ( -17.32080387086670470, 21.59410370944261359, 20.60763250912327038 ) ) ;
#2587 = DIRECTION ( 'NONE',  ( 0.000000000000000000, -1.000000000000000000, 0.000000000000000000 ) ) ;
#2588 = CARTESIAN_POINT ( 'NONE',  ( -18.00000000000000355, 19.64999999999999858, -19.09999999999996589 ) ) ;
#2589 = CARTESIAN_POINT ( 'NONE',  ( 13.59999999999999432, 3.900000000000000799, 21.60000000000000853 ) ) ;
#2590 = VECTOR ( 'NONE', #134, 1000.000000000000000 ) ;
#2591 = ADVANCED_FACE ( 'NONE', ( #3041 ), #2048, .F. ) ;
#2592 = VERTEX_POINT ( 'NONE', #2560 ) ;
#2593 = DIRECTION ( 'NONE',  ( 0.000000000000000000, 0.000000000000000000, -1.000000000000000000 ) ) ;
#2594 = EDGE_LOOP ( 'NONE', ( #2913, #1827, #2058, #2240 ) ) ;
#2595 = EDGE_CURVE ( 'NONE', #1460, #1802, #3287, .T. ) ;
#2596 = CARTESIAN_POINT ( 'NONE',  ( 16.52255677096454534, 21.59410370944178226, 21.04841790856976402 ) ) ;
#2597 = AXIS2_PLACEMENT_3D ( 'NONE', #3248, #114, #86 ) ;
#2598 = DIRECTION ( 'NONE',  ( 0.000000000000000000, 0.000000000000000000, 1.000000000000000000 ) ) ;
#2599 = CYLINDRICAL_SURFACE ( 'NONE', #2307, 4.000000000000000000 ) ;
#2600 = VERTEX_POINT ( 'NONE', #1722 ) ;
#2601 = LINE ( 'NONE', #525, #945 ) ;
#2602 = AXIS2_PLACEMENT_3D ( 'NONE', #748, #473, #1782 ) ;
#2603 = CARTESIAN_POINT ( 'NONE',  ( -17.99999999999997868, 21.27698179471861550, 19.10000000000000142 ) ) ;
#2604 = CARTESIAN_POINT ( 'NONE',  ( -16.26487634250815972, 21.27698179472523776, 21.10000000393358022 ) ) ;
#2605 = CARTESIAN_POINT ( 'NONE',  ( -18.30876227786208332, 21.20464809186998778, -19.09999999999996589 ) ) ;
#2606 = CARTESIAN_POINT ( 'NONE',  ( -16.00000000000003553, 21.16400731508066002, -22.11544195096115573 ) ) ;
#2607 = CARTESIAN_POINT ( 'NONE',  ( -18.39999999999999503, 21.59410370944287649, 3.502592966296502209E-15 ) ) ;
#2608 = VERTEX_POINT ( 'NONE', #1018 ) ;
#2609 = LINE ( 'NONE', #514, #2186 ) ;
#2610 = ORIENTED_EDGE ( 'NONE', *, *, #923, .F. ) ;
#2611 = ADVANCED_FACE ( 'NONE', ( #2244 ), #684, .T. ) ;
#2612 = AXIS2_PLACEMENT_3D ( 'NONE', #2105, #3189, #2410 ) ;
#2613 = EDGE_CURVE ( 'NONE', #3339, #2930, #2735, .T. ) ;
#2614 = CARTESIAN_POINT ( 'NONE',  ( -7.000000000000002665, 7.600000000000005862, 3.400000000000007017 ) ) ;
#2615 = ORIENTED_EDGE ( 'NONE', *, *, #2966, .T. ) ;
#2616 = DIRECTION ( 'NONE',  ( 0.000000000000000000, -0.000000000000000000, 1.000000000000000000 ) ) ;
#2617 = DIRECTION ( 'NONE',  ( 0.000000000000000000, 0.000000000000000000, 1.000000000000000000 ) ) ;
#2618 = EDGE_CURVE ( 'NONE', #3267, #3350, #408, .T. ) ;
#2619 = CARTESIAN_POINT ( 'NONE',  ( 17.17157287525381193, 19.64999999999999858, 21.10000000000000497 ) ) ;
#2620 = CARTESIAN_POINT ( 'NONE',  ( -16.00000000000002842, 21.27698179471862616, -21.09999999999999432 ) ) ;
#2621 = PLANE ( 'NONE',  #825 ) ;
#2622 = LINE ( 'NONE', #1392, #1927 ) ;
#2623 = ORIENTED_EDGE ( 'NONE', *, *, #3307, .F. ) ;
#2624 = CARTESIAN_POINT ( 'NONE',  ( -6.500000000000002665, 8.099999999999999645, 2.900000000000020783 ) ) ;
#2625 = VERTEX_POINT ( 'NONE', #1990 ) ;
#2626 = CARTESIAN_POINT ( 'NONE',  ( -8.929999999999996163, 4.699999999999988631, 20.60000000000001208 ) ) ;
#2627 = CARTESIAN_POINT ( 'NONE',  ( -6.500000000000005329, 2.000000000000000000, -20.59999999999999432 ) ) ;
#2628 = AXIS2_PLACEMENT_3D ( 'NONE', #2350, #1062, #456 ) ;
#2629 = DIRECTION ( 'NONE',  ( 0.000000000000000000, 1.000000000000000000, 0.000000000000000000 ) ) ;
#2630 = EDGE_CURVE ( 'NONE', #1662, #2174, #1484, .T. ) ;
#2631 = CARTESIAN_POINT ( 'NONE',  ( -12.25000000000000178, 3.599999999999999201, -2.099999999999995648 ) ) ;
#2632 = AXIS2_PLACEMENT_3D ( 'NONE', #1444, #915, #1947 ) ;
#2633 = EDGE_CURVE ( 'NONE', #1883, #550, #377, .T. ) ;
#2634 = CARTESIAN_POINT ( 'NONE',  ( -15.99999999999999822, 21.27698179471861906, 21.10000000000000497 ) ) ;
#2635 = CARTESIAN_POINT ( 'NONE',  ( -18.00000000000000711, 21.24999999999999645, -19.09999999999999432 ) ) ;
#2636 = LINE ( 'NONE', #3171, #3168 ) ;
#2637 = CARTESIAN_POINT ( 'NONE',  ( -17.49999999999999645, 7.600000000000005862, 3.400000000000008349 ) ) ;
#2638 = ORIENTED_EDGE ( 'NONE', *, *, #28, .F. ) ;
#2639 = DIRECTION ( 'NONE',  ( -2.602085213965210642E-15, 0.000000000000000000, 1.000000000000000000 ) ) ;
#2640 = VERTEX_POINT ( 'NONE', #3056 ) ;
#2641 = VECTOR ( 'NONE', #2587, 1000.000000000000000 ) ;
#2642 = AXIS2_PLACEMENT_3D ( 'NONE', #1124, #2158, #866 ) ;
#2643 = FACE_OUTER_BOUND ( 'NONE', #2720, .T. ) ;
#2644 = CYLINDRICAL_SURFACE ( 'NONE', #3017, 0.5000000000000004441 ) ;
#2645 = CARTESIAN_POINT ( 'NONE',  ( 13.59999999999999432, 6.000000000000000000, 22.60000000000000853 ) ) ;
#2646 = DIRECTION ( 'NONE',  ( -1.000000000000000000, 0.000000000000000000, 0.000000000000000000 ) ) ;
#2647 = EDGE_CURVE ( 'NONE', #671, #1128, #836, .T. ) ;
#2648 = AXIS2_PLACEMENT_3D ( 'NONE', #2356, #1349, #1051 ) ;
#2649 = CARTESIAN_POINT ( 'NONE',  ( -19.99999999999999645, 21.59410370944288005, 21.10000000000000853 ) ) ;
#2650 = CARTESIAN_POINT ( 'NONE',  ( -18.44711635226611435, 20.55698864586779706, -19.09999999999999432 ) ) ;
#2651 = DIRECTION ( 'NONE',  ( -1.000000000000000000, -0.000000000000000000, 1.131341397376178572E-16 ) ) ;
#2652 = CARTESIAN_POINT ( 'NONE',  ( 16.00000000000000000, 21.16400731508066002, -22.11544195096115928 ) ) ;
#2653 = EDGE_CURVE ( 'NONE', #159, #919, #464, .T. ) ;
#2654 = ORIENTED_EDGE ( 'NONE', *, *, #1999, .F. ) ;
#2655 = CARTESIAN_POINT ( 'NONE',  ( 16.00000000000000355, 21.06119768739733189, 22.02109196514351197 ) ) ;
#2656 = ORIENTED_EDGE ( 'NONE', *, *, #2734, .T. ) ;
#2657 = EDGE_CURVE ( 'NONE', #1255, #1152, #2280, .T. ) ;
#2658 = DIRECTION ( 'NONE',  ( 0.000000000000000000, 0.000000000000000000, -1.000000000000000000 ) ) ;
#2659 = ORIENTED_EDGE ( 'NONE', *, *, #2728, .T. ) ;
#2660 = FACE_OUTER_BOUND ( 'NONE', #2012, .T. ) ;
#2661 = CIRCLE ( 'NONE', #812, 0.4000000000000010214 ) ;
#2662 = DIRECTION ( 'NONE',  ( -1.000000000000000000, 0.000000000000000000, 0.000000000000000000 ) ) ;
#2663 = CARTESIAN_POINT ( 'NONE',  ( -19.99999999999999645, 22.00000000000000000, 19.10000000000000497 ) ) ;
#2664 = LINE ( 'NONE', #2649, #519 ) ;
#2665 = CARTESIAN_POINT ( 'NONE',  ( 16.00000000000000000, 21.27698179471862971, -21.09999999999999432 ) ) ;
#2666 = CARTESIAN_POINT ( 'NONE',  ( -6.500000000000002665, 8.099999999999999645, -2.099999999999994316 ) ) ;
#2667 = CARTESIAN_POINT ( 'NONE',  ( 16.00000000000000000, 19.78918494657904859, -21.09999999999999787 ) ) ;
#2668 = EDGE_CURVE ( 'NONE', #7, #2693, #2409, .T. ) ;
#2669 = ORIENTED_EDGE ( 'NONE', *, *, #918, .T. ) ;
#2670 = CARTESIAN_POINT ( 'NONE',  ( -18.00000000000000000, 22.00000000000000000, -2.599999999999994760 ) ) ;
#2671 = ORIENTED_EDGE ( 'NONE', *, *, #1304, .F. ) ;
#2672 = EDGE_CURVE ( 'NONE', #124, #2380, #223, .T. ) ;
#2673 = CARTESIAN_POINT ( 'NONE',  ( -16.00000000000000000, 19.78918494657904859, -21.09999999999999432 ) ) ;
#2674 = ORIENTED_EDGE ( 'NONE', *, *, #1095, .F. ) ;
#2675 = DIRECTION ( 'NONE',  ( 1.501925087425806872E-16, 0.000000000000000000, 1.000000000000000000 ) ) ;
#2676 = DIRECTION ( 'NONE',  ( 1.000000000000000000, 0.000000000000000000, 0.000000000000000000 ) ) ;
#2677 = DIRECTION ( 'NONE',  ( -1.000000000000000000, -4.063934665350494548E-15, -1.734723475977735741E-14 ) ) ;
#2678 = CARTESIAN_POINT ( 'NONE',  ( -16.00000000000000355, 19.64999999999999858, -19.09999999999999432 ) ) ;
#2679 = VECTOR ( 'NONE', #1249, 1000.000000000000000 ) ;
#2680 = CARTESIAN_POINT ( 'NONE',  ( -1.300000000000006040, 6.000000000000000000, 20.60000000000001208 ) ) ;
#2681 = ORIENTED_EDGE ( 'NONE', *, *, #2618, .F. ) ;
#2682 = CARTESIAN_POINT ( 'NONE',  ( -16.30592624102476051, 21.20464809080911550, -21.40876228239046597 ) ) ;
#2683 = VECTOR ( 'NONE', #694, 1000.000000000000000 ) ;
#2684 = DIRECTION ( 'NONE',  ( 0.000000000000000000, 0.000000000000000000, 1.000000000000000000 ) ) ;
#2685 = CARTESIAN_POINT ( 'NONE',  ( 18.44711635226611435, 20.55698864586780417, -20.53348757045250395 ) ) ;
#2686 = VECTOR ( 'NONE', #2115, 1000.000000000000000 ) ;
#2687 = AXIS2_PLACEMENT_3D ( 'NONE', #566, #1333, #2736 ) ;
#2688 = ORIENTED_EDGE ( 'NONE', *, *, #516, .F. ) ;
#2689 = CARTESIAN_POINT ( 'NONE',  ( 17.74643234771805567, 21.59410370944292268, 20.10959128337848156 ) ) ;
#2690 = ORIENTED_EDGE ( 'NONE', *, *, #3117, .T. ) ;
#2691 = AXIS2_PLACEMENT_3D ( 'NONE', #1906, #322, #857 ) ;
#2692 = VECTOR ( 'NONE', #1552, 1000.000000000000000 ) ;
#2693 = VERTEX_POINT ( 'NONE', #1268 ) ;
#2694 = CARTESIAN_POINT ( 'NONE',  ( -16.00000000000000000, 19.64999999999999858, -21.09999999999999432 ) ) ;
#2695 = EDGE_CURVE ( 'NONE', #502, #2092, #588, .T. ) ;
#2696 = CARTESIAN_POINT ( 'NONE',  ( 20.00000000000000355, 22.00000000000000000, 19.10000000000000497 ) ) ;
#2697 = CARTESIAN_POINT ( 'NONE',  ( -1.300000000000006040, 6.000000000000000000, 23.10000000000000853 ) ) ;
#2698 = VECTOR ( 'NONE', #2384, 1000.000000000000000 ) ;
#2699 = EDGE_CURVE ( 'NONE', #940, #1570, #1915, .T. ) ;
#2700 = EDGE_LOOP ( 'NONE', ( #1486, #353, #410, #1201 ) ) ;
#2701 = DIRECTION ( 'NONE',  ( 0.000000000000000000, 1.000000000000000000, 0.000000000000000000 ) ) ;
#2702 = CIRCLE ( 'NONE', #3367, 2.000000000000001776 ) ;
#2703 = CARTESIAN_POINT ( 'NONE',  ( -19.99999999999999645, 22.00000000000000000, 21.10000000000000853 ) ) ;
#2704 = B_SPLINE_CURVE_WITH_KNOTS ( 'NONE', 3,
 ( #365, #1408, #2458, #3238, #2215 ),
 .UNSPECIFIED., .F., .F.,
 ( 4, 1, 4 ),
 ( 0.000000000000000000, 0.3063616363167692702, 0.9162449681765302278 ),
 .UNSPECIFIED. ) ;
#2705 = EDGE_LOOP ( 'NONE', ( #1230, #3284, #384, #2032 ) ) ;
#2706 = CARTESIAN_POINT ( 'NONE',  ( -15.99999999999999645, 22.00000000000000000, 19.10000000000000853 ) ) ;
#2707 = ORIENTED_EDGE ( 'NONE', *, *, #242, .T. ) ;
#2708 = ORIENTED_EDGE ( 'NONE', *, *, #2757, .F. ) ;
#2709 = CARTESIAN_POINT ( 'NONE',  ( 15.99999999999999289, 22.00000000000000000, -21.09999999999999432 ) ) ;
#2710 = EDGE_CURVE ( 'NONE', #1397, #1219, #2041, .T. ) ;
#2711 = CARTESIAN_POINT ( 'NONE',  ( -20.00000000000000355, 2.000000000000000000, -23.09999999999999432 ) ) ;
#2712 = CARTESIAN_POINT ( 'NONE',  ( -6.000000000000005329, 8.099999999999999645, -21.09999999999999432 ) ) ;
#2713 = VECTOR ( 'NONE', #267, 1000.000000000000000 ) ;
#2714 = EDGE_CURVE ( 'NONE', #1250, #3339, #1011, .T. ) ;
#2715 = VERTEX_POINT ( 'NONE', #1535 ) ;
#2716 = CARTESIAN_POINT ( 'NONE',  ( -14.71503324295817272, 8.099999999999999645, -19.01666666666666572 ) ) ;
#2717 = DIRECTION ( 'NONE',  ( -8.673617379884013384E-15, -1.000000000000000000, 0.000000000000000000 ) ) ;
#2718 = VECTOR ( 'NONE', #1215, 1000.000000000000000 ) ;
#2719 = FACE_OUTER_BOUND ( 'NONE', #1187, .T. ) ;
#2720 = EDGE_LOOP ( 'NONE', ( #331, #386, #1842, #432 ) ) ;
#2721 = CARTESIAN_POINT ( 'NONE',  ( -17.49999999999999645, 8.099999999999999645, -2.599999999999994760 ) ) ;
#2722 = ORIENTED_EDGE ( 'NONE', *, *, #2890, .T. ) ;
#2723 = VECTOR ( 'NONE', #897, 1000.000000000000000 ) ;
#2724 = ORIENTED_EDGE ( 'NONE', *, *, #2982, .F. ) ;
#2725 = CARTESIAN_POINT ( 'NONE',  ( -18.00000000000000355, 21.24999999999999645, 20.27157287525381690 ) ) ;
#2726 = CARTESIAN_POINT ( 'NONE',  ( 16.52328586973899505, 21.59410370944292268, -21.04819721875412242 ) ) ;
#2727 = DIRECTION ( 'NONE',  ( 1.501925087425806872E-16, 0.000000000000000000, 1.000000000000000000 ) ) ;
#2728 = EDGE_CURVE ( 'NONE', #820, #124, #2609, .T. ) ;
#2729 = VECTOR ( 'NONE', #1988, 1000.000000000000000 ) ;
#2730 = EDGE_LOOP ( 'NONE', ( #1704, #627, #2533, #537 ) ) ;
#2731 = DIRECTION ( 'NONE',  ( -0.000000000000000000, 1.000000000000000000, 0.000000000000000000 ) ) ;
#2732 = LINE ( 'NONE', #928, #622 ) ;
#2733 = CARTESIAN_POINT ( 'NONE',  ( -1.800000000000006040, 6.000000000000000000, 21.60000000000000853 ) ) ;
#2734 = EDGE_CURVE ( 'NONE', #2380, #210, #3092, .T. ) ;
#2735 = CIRCLE ( 'NONE', #3069, 0.5000000000000000000 ) ;
#2736 = DIRECTION ( 'NONE',  ( 0.000000000000000000, 0.000000000000000000, 1.000000000000000000 ) ) ;
#2737 = EDGE_LOOP ( 'NONE', ( #314, #1443, #2434, #2108 ) ) ;
#2738 = DIRECTION ( 'NONE',  ( 0.000000000000000000, 0.000000000000000000, 1.000000000000000000 ) ) ;
#2739 = ORIENTED_EDGE ( 'NONE', *, *, #1075, .T. ) ;
#2740 = VECTOR ( 'NONE', #3214, 1000.000000000000000 ) ;
#2741 = AXIS2_PLACEMENT_3D ( 'NONE', #539, #1574, #276 ) ;
#2742 = ORIENTED_EDGE ( 'NONE', *, *, #2088, .F. ) ;
#2743 = CARTESIAN_POINT ( 'NONE',  ( -17.79289321881345032, 3.099999999999998757, 8.100000000000006750 ) ) ;
#2744 = CARTESIAN_POINT ( 'NONE',  ( 16.00000000000000355, 19.64999999999999858, 21.10000000000000853 ) ) ;
#2746 = DIRECTION ( 'NONE',  ( 0.000000000000000000, 0.000000000000000000, 1.000000000000000000 ) ) ;
#2745 = CIRCLE ( 'NONE', #248, 2.499999999999994227 ) ;
#2747 = ORIENTED_EDGE ( 'NONE', *, *, #3009, .F. ) ;
#2748 = VERTEX_POINT ( 'NONE', #732 ) ;
#2749 = CARTESIAN_POINT ( 'NONE',  ( -9.784966757041834384, 3.599999999999999201, -1.683333333333328019 ) ) ;
#2750 = DIRECTION ( 'NONE',  ( 0.000000000000000000, -0.000000000000000000, 1.000000000000000000 ) ) ;
#2751 = DIRECTION ( 'NONE',  ( 0.000000000000000000, -0.000000000000000000, -1.000000000000000000 ) ) ;
#2752 = VECTOR ( 'NONE', #2116, 1000.000000000000000 ) ;
#2753 = CARTESIAN_POINT ( 'NONE',  ( 18.30876227786324506, 21.20464809186971422, -20.45244163007688698 ) ) ;
#2754 = ORIENTED_EDGE ( 'NONE', *, *, #1377, .F. ) ;
#2755 = CARTESIAN_POINT ( 'NONE',  ( 14.09999999999999432, 3.900000000000000799, 21.10000000000000853 ) ) ;
#2756 = ORIENTED_EDGE ( 'NONE', *, *, #713, .T. ) ;
#2757 = EDGE_CURVE ( 'NONE', #963, #1301, #475, .T. ) ;
#2758 = VERTEX_POINT ( 'NONE', #8 ) ;
#2759 = EDGE_CURVE ( 'NONE', #2447, #1222, #3351, .T. ) ;
#2760 = ORIENTED_EDGE ( 'NONE', *, *, #1573, .T. ) ;
#2761 = CARTESIAN_POINT ( 'NONE',  ( 17.99999999999998579, 21.27698179471861550, 19.10000000000000142 ) ) ;
#2762 = DIRECTION ( 'NONE',  ( 0.000000000000000000, 0.000000000000000000, -1.000000000000000000 ) ) ;
#2763 = CARTESIAN_POINT ( 'NONE',  ( -15.99999999999999645, 2.000000000000000000, 19.10000000000000853 ) ) ;
#2764 = ORIENTED_EDGE ( 'NONE', *, *, #1117, .F. ) ;
#2765 = EDGE_LOOP ( 'NONE', ( #2349, #647, #1462, #2561 ) ) ;
#2766 = DIRECTION ( 'NONE',  ( -6.938893903907244155E-16, 0.000000000000000000, 1.000000000000000000 ) ) ;
#2767 = LINE ( 'NONE', #2977, #2417 ) ;
#2768 = FACE_OUTER_BOUND ( 'NONE', #1650, .T. ) ;
#2769 = UNCERTAINTY_MEASURE_WITH_UNIT (LENGTH_MEASURE( 1.000000000000000082E-05 ), #2583, 'distance_accuracy_value', 'NONE');
#2770 = CARTESIAN_POINT ( 'NONE',  ( -7.000000000000003553, 3.600000000000000089, 2.900000000000006573 ) ) ;
#2771 = VERTEX_POINT ( 'NONE', #1803 ) ;
#2772 = LINE ( 'NONE', #123, #2027 ) ;
#2773 = ORIENTED_EDGE ( 'NONE', *, *, #3095, .F. ) ;
#2774 = DIRECTION ( 'NONE',  ( 0.000000000000000000, 0.000000000000000000, -1.000000000000000000 ) ) ;
#2775 = ADVANCED_FACE ( 'NONE', ( #2832 ), #2791, .F. ) ;
#2776 = ORIENTED_EDGE ( 'NONE', *, *, #355, .F. ) ;
#2777 = ADVANCED_FACE ( 'NONE', ( #497 ), #2574, .F. ) ;
#2778 = CARTESIAN_POINT ( 'NONE',  ( 17.52453870176195849, 21.20464809174663756, 20.84053353254497765 ) ) ;
#2779 = DIRECTION ( 'NONE',  ( 0.000000000000000000, 0.000000000000000000, -1.000000000000000000 ) ) ;
#2780 = CARTESIAN_POINT ( 'NONE',  ( 13.59999999999999432, 6.000000000000000000, 20.60000000000001208 ) ) ;
#2781 = ORIENTED_EDGE ( 'NONE', *, *, #3204, .F. ) ;
#2782 = ORIENTED_EDGE ( 'NONE', *, *, #2378, .F. ) ;
#2783 = CARTESIAN_POINT ( 'NONE',  ( -17.79709251171868445, 21.27698179471971329, 19.98758547699911858 ) ) ;
#2784 = B_SPLINE_SURFACE_WITH_KNOTS ( 'NONE', 3, 1, ( 
 ( #632, #2400 ),
 ( #2256, #1620 ),
 ( #2935, #1416 ),
 ( #615, #697 ),
 ( #2146, #600 ) ),
 .UNSPECIFIED., .F., .F., .F.,
 ( 4, 1, 4 ),
 ( 2, 2 ),
 ( 0.000000000000000000, 0.3063616363167692702, 1.000000000000000000 ),
 ( 0.000000000000000000, 1.000000000000000000 ),
 .UNSPECIFIED. ) ;
#2785 = PLANE ( 'NONE',  #1393 ) ;
#2786 = ORIENTED_EDGE ( 'NONE', *, *, #1426, .F. ) ;
#2787 = CARTESIAN_POINT ( 'NONE',  ( -6.500000000000005329, 3.600000000000000089, -19.09999999999999787 ) ) ;
#2788 = CARTESIAN_POINT ( 'NONE',  ( -18.00000000000000711, 19.64999999999999858, -19.09999999999999432 ) ) ;
#2789 = CARTESIAN_POINT ( 'NONE',  ( -7.000000000000003553, 8.099999999999999645, 3.400000000000007017 ) ) ;
#2790 = AXIS2_PLACEMENT_3D ( 'NONE', #1473, #2505, #2250 ) ;
#2791 = PLANE ( 'NONE',  #722 ) ;
#2792 = VECTOR ( 'NONE', #3034, 1000.000000000000000 ) ;
#2793 = EDGE_CURVE ( 'NONE', #1219, #3257, #1498, .T. ) ;
#2794 = ORIENTED_EDGE ( 'NONE', *, *, #1728, .F. ) ;
#2795 = CARTESIAN_POINT ( 'NONE',  ( 17.83575281998779616, 21.20464809183400234, 20.50816061643583410 ) ) ;
#2796 = FACE_OUTER_BOUND ( 'NONE', #2737, .T. ) ;
#2797 = ADVANCED_FACE ( 'NONE', ( #1282 ), #2534, .T. ) ;
#2798 = CARTESIAN_POINT ( 'NONE',  ( -6.000000000000005329, 2.000000000000001776, -20.59999999999999432 ) ) ;
#2799 = AXIS2_PLACEMENT_3D ( 'NONE', #2875, #1067, #523 ) ;
#2800 = ORIENTED_EDGE ( 'NONE', *, *, #1861, .F. ) ;
#2801 =( BOUNDED_CURVE ( )  B_SPLINE_CURVE ( 3, ( #328, #3141, #1582, #2637 ),
 .UNSPECIFIED., .F., .F. ) 
 B_SPLINE_CURVE_WITH_KNOTS ( ( 4, 4 ),
 ( 1.570796326794897890, 3.141592653589793116 ),
 .UNSPECIFIED. ) 
 CURVE ( )  GEOMETRIC_REPRESENTATION_ITEM ( )  RATIONAL_B_SPLINE_CURVE ( ( 1.000000000000000000, 0.8047378541243652705, 0.8047378541243652705, 1.000000000000000000 ) ) 
 REPRESENTATION_ITEM ( '' )  );
#2802 = ORIENTED_EDGE ( 'NONE', *, *, #376, .T. ) ;
#2803 = CARTESIAN_POINT ( 'NONE',  ( -7.000000000000006217, 8.099999999999999645, -18.59999999999999787 ) ) ;
#2804 = EDGE_CURVE ( 'NONE', #820, #974, #1207, .T. ) ;
#2805 = AXIS2_PLACEMENT_3D ( 'NONE', #233, #1260, #3051 ) ;
#2806 = CARTESIAN_POINT ( 'NONE',  ( -17.94819721875413165, 21.59410370944291913, -19.62328586973900002 ) ) ;
#2807 = VERTEX_POINT ( 'NONE', #2020 ) ;
#2808 = CARTESIAN_POINT ( 'NONE',  ( -17.83575281998707851, 21.20464809183418353, -20.50816061643561383 ) ) ;
#2809 = FACE_OUTER_BOUND ( 'NONE', #217, .T. ) ;
#2810 = LINE ( 'NONE', #2035, #2284 ) ;
#2811 = LINE ( 'NONE', #1313, #2692 ) ;
#2812 = ORIENTED_EDGE ( 'NONE', *, *, #802, .F. ) ;
#2813 = CARTESIAN_POINT ( 'NONE',  ( -1.800000000000005818, 3.899999999999999911, 21.60000000000000853 ) ) ;
#2814 = VERTEX_POINT ( 'NONE', #536 ) ;
#2815 = AXIS2_PLACEMENT_3D ( 'NONE', #2323, #1209, #3076 ) ;
#2816 = DIRECTION ( 'NONE',  ( 0.000000000000000000, 0.000000000000000000, 1.000000000000000000 ) ) ;
#2817 = CARTESIAN_POINT ( 'NONE',  ( 0.000000000000000000, 19.78918494657904859, -21.09999999999999432 ) ) ;
#2818 = DIRECTION ( 'NONE',  ( 1.000000000000000000, -0.000000000000000000, -0.000000000000000000 ) ) ;
#2819 = ORIENTED_EDGE ( 'NONE', *, *, #2068, .F. ) ;
#2820 = ADVANCED_FACE ( 'NONE', ( #1300 ), #3369, .F. ) ;
#2821 = PLANE ( 'NONE',  #1119 ) ;
#2822 = DIRECTION ( 'NONE',  ( 0.000000000000000000, 0.000000000000000000, 1.000000000000000000 ) ) ;
#2823 = ADVANCED_FACE ( 'NONE', ( #2059 ), #787, .F. ) ;
#2824 = CARTESIAN_POINT ( 'NONE',  ( 16.00000000000000355, 20.55698864586779706, 21.54711635226611577 ) ) ;
#2825 = ORIENTED_EDGE ( 'NONE', *, *, #1172, .F. ) ;
#2826 = FACE_OUTER_BOUND ( 'NONE', #59, .T. ) ;
#2827 = DIRECTION ( 'NONE',  ( 1.000000000000000000, 0.000000000000000000, 0.000000000000000000 ) ) ;
#2828 = DIRECTION ( 'NONE',  ( 0.000000000000000000, -0.000000000000000000, 1.000000000000000000 ) ) ;
#2829 = CARTESIAN_POINT ( 'NONE',  ( 18.00000000000000355, 2.000000000000000000, 19.10000000000000497 ) ) ;
#2830 = CIRCLE ( 'NONE', #1351, 0.5000000000000004441 ) ;
#2831 = ORIENTED_EDGE ( 'NONE', *, *, #1591, .F. ) ;
#2832 = FACE_OUTER_BOUND ( 'NONE', #1175, .T. ) ;
#2833 = VERTEX_POINT ( 'NONE', #1263 ) ;
#2834 = AXIS2_PLACEMENT_3D ( 'NONE', #1689, #1183, #1424 ) ;
#2835 = CARTESIAN_POINT ( 'NONE',  ( 16.52255677224402319, 21.27698179471752482, 21.04841791165535625 ) ) ;
#2836 = FACE_BOUND ( 'NONE', #596, .T. ) ;
#2837 = CARTESIAN_POINT ( 'NONE',  ( 0.000000000000000000, 8.099999999999999645, 0.000000000000000000 ) ) ;
#2838 = EDGE_LOOP ( 'NONE', ( #1664, #2669, #2206, #2707, #450, #2008, #3144 ) ) ;
#2839 = DIRECTION ( 'NONE',  ( -0.000000000000000000, 1.000000000000000000, -0.000000000000000000 ) ) ;
#2840 = FACE_BOUND ( 'NONE', #1214, .T. ) ;
#2841 = DIRECTION ( 'NONE',  ( -0.000000000000000000, 1.000000000000000000, -0.000000000000000000 ) ) ;
#2842 = ADVANCED_FACE ( 'NONE', ( #2871 ), #2175, .T. ) ;
#2843 = CARTESIAN_POINT ( 'NONE',  ( -15.99999999999999645, 21.20464809186998423, 21.40876227786209185 ) ) ;
#2844 = CARTESIAN_POINT ( 'NONE',  ( -17.00358699018357456, 21.27698179471779838, -20.83485103482496825 ) ) ;
#2845 = CARTESIAN_POINT ( 'NONE',  ( -16.00000000000003553, 20.55698864586779706, -21.54711635226610156 ) ) ;
#2846 = DIRECTION ( 'NONE',  ( 0.000000000000000000, 1.000000000000000000, 0.000000000000000000 ) ) ;
#2847 = EDGE_CURVE ( 'NONE', #3241, #1020, #2135, .T. ) ;
#2848 = B_SPLINE_SURFACE_WITH_KNOTS ( 'NONE', 3, 1, ( 
 ( #2261, #3355 ),
 ( #1774, #2817 ),
 ( #3316, #3096 ),
 ( #481, #1017 ),
 ( #756, #1989 ) ),
 .UNSPECIFIED., .F., .F., .F.,
 ( 4, 1, 4 ),
 ( 2, 2 ),
 ( 0.000000000000000000, 0.3063616363167692702, 1.000000000000000000 ),
 ( 0.000000000000000000, 1.000000000000000000 ),
 .UNSPECIFIED. ) ;
#2849 = ORIENTED_EDGE ( 'NONE', *, *, #778, .T. ) ;
#2850 = CIRCLE ( 'NONE', #2901, 0.5000000000000004441 ) ;
#2851 = CARTESIAN_POINT ( 'NONE',  ( -6.500000000000002665, 8.099999999999999645, 3.400000000000007017 ) ) ;
#2852 = ORIENTED_EDGE ( 'NONE', *, *, #1921, .T. ) ;
#2853 = AXIS2_PLACEMENT_3D ( 'NONE', #2678, #603, #101 ) ;
#2854 = CARTESIAN_POINT ( 'NONE',  ( 16.88758547763830364, 21.59410370944342716, 20.89709251325986017 ) ) ;
#2855 = VECTOR ( 'NONE', #3219, 1000.000000000000000 ) ;
#2856 = CARTESIAN_POINT ( 'NONE',  ( -7.000000000000002665, 7.600000000000005862, 3.400000000000007017 ) ) ;
#2857 = CARTESIAN_POINT ( 'NONE',  ( 0.000000000000000000, 21.20464809186999133, -21.40876227786207764 ) ) ;
#2858 = AXIS2_PLACEMENT_3D ( 'NONE', #1084, #569, #1542 ) ;
#2859 = VERTEX_POINT ( 'NONE', #39 ) ;
#2860 = CIRCLE ( 'NONE', #1700, 2.399999999999999467 ) ;
#2861 = CARTESIAN_POINT ( 'NONE',  ( 15.99999999999999289, 21.59410370944288360, -21.09999999999999432 ) ) ;
#2862 = DIRECTION ( 'NONE',  ( 0.000000000000000000, 0.000000000000000000, 1.000000000000000000 ) ) ;
#2863 = VECTOR ( 'NONE', #1539, 1000.000000000000000 ) ;
#2864 = CARTESIAN_POINT ( 'NONE',  ( 18.00000000000001066, 21.24999999999999645, 20.27157287525381335 ) ) ;
#2865 = CARTESIAN_POINT ( 'NONE',  ( -17.50763250912338620, 21.59410370944315005, -20.42080387086653559 ) ) ;
#2866 = FACE_OUTER_BOUND ( 'NONE', #1358, .T. ) ;
#2867 = VECTOR ( 'NONE', #73, 1000.000000000000000 ) ;
#2868 = DIRECTION ( 'NONE',  ( 0.000000000000000000, 1.000000000000000000, 0.000000000000000000 ) ) ;
#2869 = EDGE_CURVE ( 'NONE', #2876, #2807, #1901, .T. ) ;
#2870 = EDGE_LOOP ( 'NONE', ( #3012, #894, #3329, #1679, #387 ) ) ;
#2871 = FACE_OUTER_BOUND ( 'NONE', #2494, .T. ) ;
#2872 = VERTEX_POINT ( 'NONE', #1093 ) ;
#2873 = EDGE_CURVE ( 'NONE', #2511, #1275, #315, .T. ) ;
#2874 = AXIS2_PLACEMENT_3D ( 'NONE', #2469, #2423, #1909 ) ;
#2875 = CARTESIAN_POINT ( 'NONE',  ( 16.00000000000000000, 21.59410370944287649, 21.50000000000000711 ) ) ;
#2876 = VERTEX_POINT ( 'NONE', #1852 ) ;
#2877 = CARTESIAN_POINT ( 'NONE',  ( -12.25000000000000355, 8.099999999999999645, -18.59999999999999787 ) ) ;
#2878 = PLANE ( 'NONE',  #83 ) ;
#2879 = CARTESIAN_POINT ( 'NONE',  ( 18.00000000000000711, 21.24999999999999645, 19.10000000000000142 ) ) ;
#2880 = CARTESIAN_POINT ( 'NONE',  ( 16.26487634345139455, 21.59410370944343072, -21.09999999999999787 ) ) ;
#2881 = LINE ( 'NONE', #1340, #382 ) ;
#2882 = DIRECTION ( 'NONE',  ( 0.000000000000000000, 1.000000000000000000, 0.000000000000000000 ) ) ;
#2883 = ORIENTED_EDGE ( 'NONE', *, *, #3200, .T. ) ;
#2884 = CARTESIAN_POINT ( 'NONE',  ( 15.99999999999999645, 9.100000000000001421, -15.75000000000000000 ) ) ;
#2885 = VERTEX_POINT ( 'NONE', #2395 ) ;
#2886 = EDGE_CURVE ( 'NONE', #2771, #459, #2899, .T. ) ;
#2887 = CARTESIAN_POINT ( 'NONE',  ( 15.99999999999999645, 19.78918494657904859, -21.09999999999999787 ) ) ;
#2888 = CIRCLE ( 'NONE', #2612, 0.5000000000000004441 ) ;
#2889 = CARTESIAN_POINT ( 'NONE',  ( -17.49999999999999645, 3.600000000000000089, 3.900000000000008349 ) ) ;
#2890 = EDGE_CURVE ( 'NONE', #2554, #550, #567, .T. ) ;
#2891 = ORIENTED_EDGE ( 'NONE', *, *, #2460, .F. ) ;
#2892 = LINE ( 'NONE', #31, #2412 ) ;
#2893 = CARTESIAN_POINT ( 'NONE',  ( 16.00000000000000000, 2.000000000000001776, 19.10000000000000497 ) ) ;
#2894 = CARTESIAN_POINT ( 'NONE',  ( 18.00000000000000711, 19.78918494657904859, 19.10000000000000142 ) ) ;
#2895 = CARTESIAN_POINT ( 'NONE',  ( -18.00000000000000355, 19.64999999999999858, 19.10000000000000142 ) ) ;
#2896 = CARTESIAN_POINT ( 'NONE',  ( 19.99999999999999645, 22.00000000000000000, -21.09999999999999432 ) ) ;
#2897 = DIRECTION ( 'NONE',  ( 0.000000000000000000, 0.000000000000000000, 1.000000000000000000 ) ) ;
#2898 = ORIENTED_EDGE ( 'NONE', *, *, #1648, .F. ) ;
#2899 = LINE ( 'NONE', #549, #391 ) ;
#2900 = ORIENTED_EDGE ( 'NONE', *, *, #1426, .T. ) ;
#2901 = AXIS2_PLACEMENT_3D ( 'NONE', #1907, #2195, #1365 ) ;
#2902 = CARTESIAN_POINT ( 'NONE',  ( 19.99999999999999645, 22.00000000000000000, -23.09999999999999432 ) ) ;
#2903 = DIRECTION ( 'NONE',  ( 0.000000000000000000, 1.000000000000000000, 0.000000000000000000 ) ) ;
#2904 = AXIS2_PLACEMENT_3D ( 'NONE', #2851, #1821, #218 ) ;
#2905 = CYLINDRICAL_SURFACE ( 'NONE', #2858, 0.5000000000000000000 ) ;
#2906 = EDGE_CURVE ( 'NONE', #93, #1245, #342, .T. ) ;
#2907 = CARTESIAN_POINT ( 'NONE',  ( -18.39999999999999858, 22.00000000000000000, 2.763542160863484723E-15 ) ) ;
#2908 = DIRECTION ( 'NONE',  ( 0.000000000000000000, 1.000000000000000000, 8.673617379884013384E-15 ) ) ;
#2909 = EDGE_CURVE ( 'NONE', #1957, #459, #889, .T. ) ;
#2910 = CARTESIAN_POINT ( 'NONE',  ( 16.52269544733909612, 21.59410370944233293, -21.04837396169864761 ) ) ;
#2911 = LINE ( 'NONE', #327, #3163 ) ;
#2912 = CARTESIAN_POINT ( 'NONE',  ( -18.00000000000000355, 19.64999999999999858, -19.09999999999999432 ) ) ;
#2913 = ORIENTED_EDGE ( 'NONE', *, *, #2184, .T. ) ;
#2914 = CARTESIAN_POINT ( 'NONE',  ( -17.99999999999999645, 21.59410370944287649, 19.10000000000000497 ) ) ;
#2915 = ORIENTED_EDGE ( 'NONE', *, *, #597, .F. ) ;
#2916 = VECTOR ( 'NONE', #2567, 1000.000000000000000 ) ;
#2917 = VECTOR ( 'NONE', #1661, 1000.000000000000000 ) ;
#2918 = CARTESIAN_POINT ( 'NONE',  ( 18.00000000000000000, 22.00000000000000000, -6.449999999999997513 ) ) ;
#2919 = DIRECTION ( 'NONE',  ( 0.000000000000000000, -1.000000000000000000, 0.000000000000000000 ) ) ;
#2920 = CYLINDRICAL_SURFACE ( 'NONE', #2961, 0.5000000000000004441 ) ;
#2921 = UNCERTAINTY_MEASURE_WITH_UNIT (LENGTH_MEASURE( 1.000000000000000082E-05 ), #873, 'distance_accuracy_value', 'NONE');
#2922 = CARTESIAN_POINT ( 'NONE',  ( 16.00000000000000000, 19.64999999999999858, -21.09999999999999432 ) ) ;
#2923 = EDGE_CURVE ( 'NONE', #3038, #963, #795, .T. ) ;
#2924 = AXIS2_PLACEMENT_3D ( 'NONE', #3345, #1590, #3391 ) ;
#2925 = CARTESIAN_POINT ( 'NONE',  ( -14.71503324295816917, 8.099999999999999645, -1.683333333333328019 ) ) ;
#2926 = CARTESIAN_POINT ( 'NONE',  ( 17.40816061643619861, 21.20464809183414445, -20.93575281998682769 ) ) ;
#2927 = CARTESIAN_POINT ( 'NONE',  ( -18.00000000000000000, 22.00000000000000000, 3.900000000000007461 ) ) ;
#2928 = DIRECTION ( 'NONE',  ( -1.000000000000000000, 0.000000000000000000, 0.000000000000000000 ) ) ;
#2929 = EDGE_CURVE ( 'NONE', #1955, #3241, #1601, .T. ) ;
#2930 = VERTEX_POINT ( 'NONE', #2381 ) ;
#2931 = CARTESIAN_POINT ( 'NONE',  ( 16.00000000000000000, 22.00000000000000000, 19.10000000000000497 ) ) ;
#2932 = ORIENTED_EDGE ( 'NONE', *, *, #633, .F. ) ;
#2933 = CARTESIAN_POINT ( 'NONE',  ( 17.99999999999999645, 10.50000000000000178, -14.34999999999999964 ) ) ;
#2934 = VERTEX_POINT ( 'NONE', #611 ) ;
#2935 = CARTESIAN_POINT ( 'NONE',  ( 18.44711635226611790, 20.55698864586779706, 19.10000000000000497 ) ) ;
#2936 = CARTESIAN_POINT ( 'NONE',  ( -19.01544195096117207, 21.16400731508066002, 20.86640499832426698 ) ) ;
#2937 = DIRECTION ( 'NONE',  ( 1.000000000000000000, 0.000000000000000000, -1.508455196501571429E-16 ) ) ;
#2938 = CARTESIAN_POINT ( 'NONE',  ( -9.784966757041834384, 8.099999999999999645, -19.01666666666666572 ) ) ;
#2939 = DIRECTION ( 'NONE',  ( -1.000000000000000000, 0.000000000000000000, 1.501925087425806872E-16 ) ) ;
#2940 = VERTEX_POINT ( 'NONE', #2946 ) ;
#2941 = CARTESIAN_POINT ( 'NONE',  ( -16.52255677096438191, 21.59410370944342716, -21.04841790856982442 ) ) ;
#2942 = DIRECTION ( 'NONE',  ( -0.000000000000000000, 1.000000000000000000, -0.000000000000000000 ) ) ;
#2943 = ADVANCED_FACE ( 'NONE', ( #2140 ), #2160, .F. ) ;
#2944 = CARTESIAN_POINT ( 'NONE',  ( -15.99999999999999645, 19.78918494657904859, 21.10000000000001563 ) ) ;
#2945 = ORIENTED_EDGE ( 'NONE', *, *, #3283, .F. ) ;
#2946 = CARTESIAN_POINT ( 'NONE',  ( -1.300000000000005818, 3.899999999999999911, 22.60000000000000853 ) ) ;
#2947 = ORIENTED_EDGE ( 'NONE', *, *, #1801, .T. ) ;
#2948 = EDGE_CURVE ( 'NONE', #483, #642, #804, .T. ) ;
#2949 = CARTESIAN_POINT ( 'NONE',  ( -16.00000000000000000, 21.16400731508066002, -22.11544195096115573 ) ) ;
#2950 = VERTEX_POINT ( 'NONE', #2415 ) ;
#2951 = CARTESIAN_POINT ( 'NONE',  ( -6.000000000000005329, 22.00000000000000000, -20.59999999999999432 ) ) ;
#2952 = CARTESIAN_POINT ( 'NONE',  ( -18.44711635226611435, 20.55698864586779706, 20.53348757045251816 ) ) ;
#2953 = CARTESIAN_POINT ( 'NONE',  ( 17.99999999999999645, 21.59410370944288360, -19.09999999999999076 ) ) ;
#2954 = LINE ( 'NONE', #619, #3010 ) ;
#2955 = VECTOR ( 'NONE', #2455, 1000.000000000000000 ) ;
#2956 = ORIENTED_EDGE ( 'NONE', *, *, #3179, .T. ) ;
#2957 = FACE_OUTER_BOUND ( 'NONE', #614, .T. ) ;
#2958 = VECTOR ( 'NONE', #3227, 1000.000000000000000 ) ;
#2959 = CARTESIAN_POINT ( 'NONE',  ( 18.00000000000000355, 22.00000000000000000, 19.10000000000000497 ) ) ;
#2960 = DIRECTION ( 'NONE',  ( 0.000000000000000000, 0.000000000000000000, -1.000000000000000000 ) ) ;
#2961 = AXIS2_PLACEMENT_3D ( 'NONE', #2178, #1668, #1134 ) ;
#2962 = EDGE_LOOP ( 'NONE', ( #2462, #2739, #2507, #2610 ) ) ;
#2963 = CARTESIAN_POINT ( 'NONE',  ( 19.99999999999999645, 8.200000000000002842, -14.34999999999999964 ) ) ;
#2964 = VERTEX_POINT ( 'NONE', #76 ) ;
#2965 = CIRCLE ( 'NONE', #3295, 0.4999999999999995559 ) ;
#2966 = EDGE_CURVE ( 'NONE', #3257, #660, #3366, .T. ) ;
#2967 = AXIS2_PLACEMENT_3D ( 'NONE', #1496, #2531, #1241 ) ;
#2968 = ORIENTED_EDGE ( 'NONE', *, *, #676, .T. ) ;
#2969 = EDGE_CURVE ( 'NONE', #1397, #3057, #1812, .T. ) ;
#2970 = CARTESIAN_POINT ( 'NONE',  ( -17.49999999999999645, 3.599999999999999201, -2.599999999999994760 ) ) ;
#2971 = FACE_OUTER_BOUND ( 'NONE', #3250, .T. ) ;
#2972 = CARTESIAN_POINT ( 'NONE',  ( 17.99999999999999645, 9.100000000000001421, -15.75000000000000000 ) ) ;
#2973 = VECTOR ( 'NONE', #2011, 1000.000000000000000 ) ;
#2974 = VERTEX_POINT ( 'NONE', #3242 ) ;
#2975 = CYLINDRICAL_SURFACE ( 'NONE', #403, 2.000000000000001776 ) ;
#2976 = AXIS2_PLACEMENT_3D ( 'NONE', #1366, #2617, #2404 ) ;
#2977 = CARTESIAN_POINT ( 'NONE',  ( 16.00000000000000000, 9.100000000000001421, -6.449999999999998401 ) ) ;
#2978 = DIRECTION ( 'NONE',  ( 1.000000000000000000, -0.000000000000000000, -1.508455196501571429E-16 ) ) ;
#2979 = ORIENTED_EDGE ( 'NONE', *, *, #125, .F. ) ;
#2980 = CARTESIAN_POINT ( 'NONE',  ( 19.99999999999999645, 9.100000000000001421, -14.34999999999999964 ) ) ;
#2981 = ORIENTED_EDGE ( 'NONE', *, *, #2542, .F. ) ;
#2982 = EDGE_CURVE ( 'NONE', #2447, #1460, #2772, .T. ) ;
#2983 = EDGE_LOOP ( 'NONE', ( #2394, #1981, #1330, #1212 ) ) ;
#2984 = DIRECTION ( 'NONE',  ( -1.000000000000000000, 0.000000000000000000, 1.501925087425806872E-16 ) ) ;
#2985 = DIRECTION ( 'NONE',  ( 1.000000000000000000, 0.000000000000000000, 0.000000000000000000 ) ) ;
#2986 = EDGE_CURVE ( 'NONE', #2758, #3025, #2205, .T. ) ;
#2987 = DIRECTION ( 'NONE',  ( -0.000000000000000000, 1.000000000000000000, -0.000000000000000000 ) ) ;
#2988 = CIRCLE ( 'NONE', #1519, 1.400000000000000133 ) ;
#2989 = ORIENTED_EDGE ( 'NONE', *, *, #842, .T. ) ;
#2990 = DIRECTION ( 'NONE',  ( -0.000000000000000000, 1.000000000000000000, -0.000000000000000000 ) ) ;
#2991 = LINE ( 'NONE', #1438, #2718 ) ;
#2992 = CIRCLE ( 'NONE', #1523, 2.499999999999995115 ) ;
#2993 = CARTESIAN_POINT ( 'NONE',  ( -18.39999999999999858, 22.00000000000000000, -19.09999999999999076 ) ) ;
#2994 = EDGE_LOOP ( 'NONE', ( #2122, #2407, #1948, #2623 ) ) ;
#2995 = CYLINDRICAL_SURFACE ( 'NONE', #1647, 2.000000000000001776 ) ;
#2996 = EDGE_LOOP ( 'NONE', ( #370, #2852, #2223, #1942, #422, #1572, #3255, #594 ) ) ;
#2997 = ORIENTED_EDGE ( 'NONE', *, *, #3240, .T. ) ;
#2998 = CARTESIAN_POINT ( 'NONE',  ( 17.79705990575334695, 21.59410370944232938, 19.98764779133254876 ) ) ;
#2999 = EDGE_CURVE ( 'NONE', #671, #786, #616, .T. ) ;
#3000 = FACE_OUTER_BOUND ( 'NONE', #1583, .T. ) ;
#3001 = DIRECTION ( 'NONE',  ( -1.000000000000000000, -0.000000000000000000, -0.000000000000000000 ) ) ;
#3002 = VERTEX_POINT ( 'NONE', #1694 ) ;
#3003 = EDGE_CURVE ( 'NONE', #3226, #1203, #2513, .T. ) ;
#3004 = AXIS2_PLACEMENT_3D ( 'NONE', #3019, #1501, #3278 ) ;
#3005 = EDGE_LOOP ( 'NONE', ( #335, #3273, #1716, #1432 ) ) ;
#3006 = CARTESIAN_POINT ( 'NONE',  ( -14.32999999999999829, 4.699999999999988631, 23.10000000000000853 ) ) ;
#3007 = CARTESIAN_POINT ( 'NONE',  ( -15.99999999999999289, 21.59410370944288005, 21.50000000000000711 ) ) ;
#3008 = PLANE ( 'NONE',  #2315 ) ;
#3009 = EDGE_CURVE ( 'NONE', #1255, #2964, #1158, .T. ) ;
#3010 = VECTOR ( 'NONE', #1892, 1000.000000000000000 ) ;
#3011 = CARTESIAN_POINT ( 'NONE',  ( -19.99999999999999645, 21.59999999999999787, 21.50000000000000711 ) ) ;
#3012 = ORIENTED_EDGE ( 'NONE', *, *, #846, .F. ) ;
#3013 = CARTESIAN_POINT ( 'NONE',  ( -6.500000000000002665, 2.000000000000000000, 7.600000000000005862 ) ) ;
#3014 = VERTEX_POINT ( 'NONE', #140 ) ;
#3015 = VECTOR ( 'NONE', #2099, 1000.000000000000000 ) ;
#3016 = VECTOR ( 'NONE', #1368, 1000.000000000000000 ) ;
#3017 = AXIS2_PLACEMENT_3D ( 'NONE', #2324, #306, #1288 ) ;
#3018 = EDGE_LOOP ( 'NONE', ( #2915, #3215, #329, #2615 ) ) ;
#3019 = CARTESIAN_POINT ( 'NONE',  ( -17.49999999999999645, 8.099999999999999645, 3.900000000000008349 ) ) ;
#3020 = DIRECTION ( 'NONE',  ( 1.000000000000000000, 0.000000000000000000, 0.000000000000000000 ) ) ;
#3022 = DIRECTION ( 'NONE',  ( -1.501925087425806872E-16, 0.000000000000000000, -1.000000000000000000 ) ) ;
#3021 = AXIS2_PLACEMENT_3D ( 'NONE', #2070, #3086, #193 ) ;
#3023 = PRODUCT_RELATED_PRODUCT_CATEGORY ( 'part', '', ( #1234 ) ) ;
#3024 = VERTEX_POINT ( 'NONE', #1918 ) ;
#3025 = VERTEX_POINT ( 'NONE', #3013 ) ;
#3026 = CARTESIAN_POINT ( 'NONE',  ( 14.09999999999999432, 6.000000000000000000, 22.60000000000000853 ) ) ;
#3027 = DIRECTION ( 'NONE',  ( 1.000000000000000000, 0.000000000000000000, -0.000000000000000000 ) ) ;
#3028 = AXIS2_PLACEMENT_3D ( 'NONE', #1729, #2526, #398 ) ;
#3029 = DIRECTION ( 'NONE',  ( -0.000000000000000000, 1.000000000000000000, 0.000000000000000000 ) ) ;
#3030 = EDGE_CURVE ( 'NONE', #1911, #1257, #679, .T. ) ;
#3031 = VECTOR ( 'NONE', #1337, 1000.000000000000000 ) ;
#3032 = CARTESIAN_POINT ( 'NONE',  ( 18.30876227786209043, 21.20464809186998423, -19.09999999999999076 ) ) ;
#3033 = ORIENTED_EDGE ( 'NONE', *, *, #1773, .T. ) ;
#3034 = DIRECTION ( 'NONE',  ( 0.000000000000000000, -1.000000000000000000, 0.000000000000000000 ) ) ;
#3035 = ORIENTED_EDGE ( 'NONE', *, *, #2869, .F. ) ;
#3036 = DIRECTION ( 'NONE',  ( 1.032573497605242347E-16, -1.000000000000000000, 0.000000000000000000 ) ) ;
#3037 = ADVANCED_FACE ( 'NONE', ( #155 ), #2995, .F. ) ;
#3038 = VERTEX_POINT ( 'NONE', #109 ) ;
#3039 = CARTESIAN_POINT ( 'NONE',  ( 15.99999999999999289, 2.000000000000001776, -19.09999999999999076 ) ) ;
#3040 = DIRECTION ( 'NONE',  ( -0.000000000000000000, -1.000000000000000000, -0.000000000000000000 ) ) ;
#3041 = FACE_OUTER_BOUND ( 'NONE', #2996, .T. ) ;
#3042 = ORIENTED_EDGE ( 'NONE', *, *, #3009, .T. ) ;
#3043 = EDGE_LOOP ( 'NONE', ( #3132, #2187, #69, #1126 ) ) ;
#3044 = LINE ( 'NONE', #705, #3160 ) ;
#3045 = EDGE_CURVE ( 'NONE', #108, #1589, #2191, .T. ) ;
#3046 = DIRECTION ( 'NONE',  ( -1.000000000000000000, 0.000000000000000000, 0.000000000000000000 ) ) ;
#3047 = EDGE_LOOP ( 'NONE', ( #1177, #2255, #2318, #3191 ) ) ;
#3048 = VECTOR ( 'NONE', #2392, 1000.000000000000000 ) ;
#3049 = CARTESIAN_POINT ( 'NONE',  ( -18.00000000000000000, 8.099999999999999645, 2.900000000000022116 ) ) ;
#3050 = DIRECTION ( 'NONE',  ( -1.000000000000000000, 0.000000000000000000, -0.000000000000000000 ) ) ;
#3051 = DIRECTION ( 'NONE',  ( 0.000000000000000000, 0.000000000000000000, 1.000000000000000000 ) ) ;
#3052 = EDGE_CURVE ( 'NONE', #548, #1776, #1920, .T. ) ;
#3053 = ORIENTED_EDGE ( 'NONE', *, *, #2710, .T. ) ;
#3054 = FACE_OUTER_BOUND ( 'NONE', #1485, .T. ) ;
#3055 = LINE ( 'NONE', #976, #1830 ) ;
#3056 = CARTESIAN_POINT ( 'NONE',  ( 0.000000000000000000, 21.20464809186998423, -21.40876227786206343 ) ) ;
#3057 = VERTEX_POINT ( 'NONE', #1186 ) ;
#3058 = ORIENTED_EDGE ( 'NONE', *, *, #2847, .T. ) ;
#3059 = APPLICATION_PROTOCOL_DEFINITION ( 'draft international standard', 'automotive_design', 1998, #1410 ) ;
#3060 = CARTESIAN_POINT ( 'NONE',  ( -17.79709251325974506, 21.59410370944343072, 19.98758547763852178 ) ) ;
#3061 = B_SPLINE_SURFACE_WITH_KNOTS ( 'NONE', 3, 1, ( 
 ( #864, #2895 ),
 ( #1595, #1624 ),
 ( #2650, #4 ),
 ( #1580, #2155 ),
 ( #2635, #2134 ) ),
 .UNSPECIFIED., .F., .F., .F.,
 ( 4, 1, 4 ),
 ( 2, 2 ),
 ( 0.000000000000000000, 0.3063616363167692702, 1.000000000000000000 ),
 ( 0.000000000000000000, 1.000000000000000000 ),
 .UNSPECIFIED. ) ;
#3062 = DIRECTION ( 'NONE',  ( 0.000000000000000000, 0.000000000000000000, -1.000000000000000000 ) ) ;
#3063 = ORIENTED_EDGE ( 'NONE', *, *, #2397, .T. ) ;
#3064 = CARTESIAN_POINT ( 'NONE',  ( -18.00000000000000000, 21.59410370944288005, -19.09999999999996945 ) ) ;
#3065 = ORIENTED_EDGE ( 'NONE', *, *, #516, .T. ) ;
#3066 = FACE_OUTER_BOUND ( 'NONE', #2219, .T. ) ;
#3067 = FACE_OUTER_BOUND ( 'NONE', #1983, .T. ) ;
#3068 = EDGE_LOOP ( 'NONE', ( #489, #1224, #2221, #2200 ) ) ;
#3069 = AXIS2_PLACEMENT_3D ( 'NONE', #3300, #482, #1193 ) ;
#3070 = ORIENTED_EDGE ( 'NONE', *, *, #2714, .F. ) ;
#3071 = CARTESIAN_POINT ( 'NONE',  ( -18.92109196514350700, 21.06119768739732834, 19.10000000000000142 ) ) ;
#3072 = ORIENTED_EDGE ( 'NONE', *, *, #1893, .T. ) ;
#3073 = VECTOR ( 'NONE', #1678, 1000.000000000000000 ) ;
#3074 = EDGE_CURVE ( 'NONE', #1152, #1714, #2358, .T. ) ;
#3075 = CARTESIAN_POINT ( 'NONE',  ( 17.99999999999998934, 21.59410370944563695, 19.36487634345249376 ) ) ;
#3076 = DIRECTION ( 'NONE',  ( 0.000000000000000000, 0.000000000000000000, 1.000000000000000000 ) ) ;
#3077 = DIRECTION ( 'NONE',  ( 0.000000000000000000, 0.000000000000000000, 1.000000000000000000 ) ) ;
#3078 = EDGE_CURVE ( 'NONE', #3025, #1802, #932, .T. ) ;
#3079 = ORIENTED_EDGE ( 'NONE', *, *, #1609, .T. ) ;
#3080 = ORIENTED_EDGE ( 'NONE', *, *, #1801, .F. ) ;
#3081 = AXIS2_PLACEMENT_3D ( 'NONE', #1437, #1182, #2214 ) ;
#3082 = DIRECTION ( 'NONE',  ( -1.000000000000000000, 0.000000000000000000, 1.501925087425806872E-16 ) ) ;
#3083 = VECTOR ( 'NONE', #2978, 1000.000000000000000 ) ;
#3084 = FACE_OUTER_BOUND ( 'NONE', #2994, .T. ) ;
#3085 = ORIENTED_EDGE ( 'NONE', *, *, #2168, .F. ) ;
#3086 = DIRECTION ( 'NONE',  ( -1.000000000000000000, 0.000000000000000000, 0.000000000000000000 ) ) ;
#3087 = DIRECTION ( 'NONE',  ( 0.000000000000000000, 1.000000000000000000, 0.000000000000000000 ) ) ;
#3088 = CARTESIAN_POINT ( 'NONE',  ( -18.44711635226612856, 20.55698864586780417, -20.53348757045247552 ) ) ;
#3089 = DIRECTION ( 'NONE',  ( -1.000000000000000000, 0.000000000000000000, 0.000000000000000000 ) ) ;
#3090 = ORIENTED_EDGE ( 'NONE', *, *, #1111, .F. ) ;
#3091 = ORIENTED_EDGE ( 'NONE', *, *, #1190, .T. ) ;
#3092 = LINE ( 'NONE', #273, #1643 ) ;
#3093 = ORIENTED_EDGE ( 'NONE', *, *, #3003, .F. ) ;
#3094 = FACE_OUTER_BOUND ( 'NONE', #2765, .T. ) ;
#3095 = EDGE_CURVE ( 'NONE', #1705, #1264, #400, .T. ) ;
#3096 = CARTESIAN_POINT ( 'NONE',  ( 0.000000000000000000, 20.55698864586779706, -21.54711635226610156 ) ) ;
#3097 = CARTESIAN_POINT ( 'NONE',  ( -18.00000000000000355, 19.78918494657904859, 19.10000000000000142 ) ) ;
#3098 = ORIENTED_EDGE ( 'NONE', *, *, #1631, .T. ) ;
#3099 = CARTESIAN_POINT ( 'NONE',  ( 14.09999999999999432, 6.000000000000000000, 23.10000000000000853 ) ) ;
#3100 = EDGE_CURVE ( 'NONE', #1275, #2715, #785, .T. ) ;
#3101 = FACE_BOUND ( 'NONE', #496, .T. ) ;
#3102 = DIRECTION ( 'NONE',  ( -0.000000000000000000, 1.000000000000000000, 0.000000000000000000 ) ) ;
#3103 = CARTESIAN_POINT ( 'NONE',  ( -17.74053353254607046, 21.20464809174628940, 20.62453870176305060 ) ) ;
#3104 = ORIENTED_EDGE ( 'NONE', *, *, #884, .T. ) ;
#3105 = CYLINDRICAL_SURFACE ( 'NONE', #1294, 0.4000000000000010214 ) ;
#3106 = DIRECTION ( 'NONE',  ( 0.000000000000000000, 0.000000000000000000, -1.000000000000000000 ) ) ;
#3107 = DIRECTION ( 'NONE',  ( -1.032573497605242347E-16, 1.000000000000000000, -0.000000000000000000 ) ) ;
#3108 = VERTEX_POINT ( 'NONE', #2755 ) ;
#3109 = CARTESIAN_POINT ( 'NONE',  ( 18.00000000000000355, 21.59410370944288360, 23.10000000000000853 ) ) ;
#3110 = ORIENTED_EDGE ( 'NONE', *, *, #983, .T. ) ;
#3111 = CARTESIAN_POINT ( 'NONE',  ( 18.40000000000000213, 21.59410370944288360, 6.938893903907228378E-15 ) ) ;
#3112 = CARTESIAN_POINT ( 'NONE',  ( 18.00000000000000000, 9.100000000000001421, -7.849999999999999645 ) ) ;
#3113 = CARTESIAN_POINT ( 'NONE',  ( -15.20803989154980407, 8.099999999999999645, -2.099999999999994316 ) ) ;
#3114 = ORIENTED_EDGE ( 'NONE', *, *, #3260, .F. ) ;
#3115 = PLANE ( 'NONE',  #620 ) ;
#3116 = CARTESIAN_POINT ( 'NONE',  ( -17.94841791165204370, 21.27698179471643058, 19.62255677224293038 ) ) ;
#3117 = EDGE_CURVE ( 'NONE', #1662, #2934, #1461, .T. ) ;
#3118 = CARTESIAN_POINT ( 'NONE',  ( -17.02468386764478581, 21.20464809228796099, 21.17449205908271992 ) ) ;
#3119 = CARTESIAN_POINT ( 'NONE',  ( -12.25000000000000178, -18.47374005464410374, -2.099999999999995648 ) ) ;
#3120 = CARTESIAN_POINT ( 'NONE',  ( -17.17157287525384390, 19.78918494657904859, -21.09999999999998366 ) ) ;
#3121 = PLANE ( 'NONE',  #2094 ) ;
#3122 = EDGE_CURVE ( 'NONE', #2885, #483, #1329, .T. ) ;
#3123 = B_SPLINE_SURFACE_WITH_KNOTS ( 'NONE', 3, 1, ( 
 ( #618, #2744 ),
 ( #1655, #1403 ),
 ( #360, #1925 ),
 ( #407, #1452 ),
 ( #2438, #3280 ) ),
 .UNSPECIFIED., .F., .F., .F.,
 ( 4, 1, 4 ),
 ( 2, 2 ),
 ( 0.000000000000000000, 0.3063616363167692702, 1.000000000000000000 ),
 ( 0.000000000000000000, 1.000000000000000000 ),
 .UNSPECIFIED. ) ;
#3124 = ORIENTED_EDGE ( 'NONE', *, *, #1594, .T. ) ;
#3125 = DIRECTION ( 'NONE',  ( 1.188166764367676095E-16, 0.000000000000000000, 1.000000000000000000 ) ) ;
#3126 = ORIENTED_EDGE ( 'NONE', *, *, #3145, .T. ) ;
#3127 = AXIS2_PLACEMENT_3D ( 'NONE', #2798, #1503, #163 ) ;
#3128 = CARTESIAN_POINT ( 'NONE',  ( 16.00000000000000355, 21.27698179471863327, 21.10000000000001208 ) ) ;
#3129 = VECTOR ( 'NONE', #1933, 1000.000000000000000 ) ;
#3130 = DIRECTION ( 'NONE',  ( 0.000000000000000000, -0.000000000000000000, 1.000000000000000000 ) ) ;
#3131 = AXIS2_PLACEMENT_3D ( 'NONE', #3232, #2662, #3182 ) ;
#3132 = ORIENTED_EDGE ( 'NONE', *, *, #2184, .F. ) ;
#3133 = CARTESIAN_POINT ( 'NONE',  ( -1.300000000000006040, 6.000000000000000000, 22.60000000000000853 ) ) ;
#3134 = CYLINDRICAL_SURFACE ( 'NONE', #1022, 0.4000000000000010214 ) ;
#3135 = AXIS2_PLACEMENT_3D ( 'NONE', #1198, #2231, #3286 ) ;
#3136 = DIRECTION ( 'NONE',  ( 0.000000000000000000, 0.000000000000000000, -1.000000000000000000 ) ) ;
#3137 = DIRECTION ( 'NONE',  ( -0.000000000000000000, 1.000000000000000000, -0.000000000000000000 ) ) ;
#3138 = FACE_BOUND ( 'NONE', #1987, .T. ) ;
#3139 = CIRCLE ( 'NONE', #2419, 0.5000000000000004441 ) ;
#3140 = EDGE_CURVE ( 'NONE', #1785, #940, #2235, .T. ) ;
#3141 = CARTESIAN_POINT ( 'NONE',  ( -18.00000000000000000, 7.392893218813454403, 3.607106781186555811 ) ) ;
#3142 = EDGE_LOOP ( 'NONE', ( #2674, #1185, #850, #1375 ) ) ;
#3143 = DIRECTION ( 'NONE',  ( -1.000000000000000000, 0.000000000000000000, 1.508455196501571429E-16 ) ) ;
#3144 = ORIENTED_EDGE ( 'NONE', *, *, #2192, .T. ) ;
#3145 = EDGE_CURVE ( 'NONE', #77, #2876, #2331, .T. ) ;
#3146 = LINE ( 'NONE', #1887, #1985 ) ;
#3147 = AXIS2_PLACEMENT_3D ( 'NONE', #717, #1520, #2762 ) ;
#3148 = DIRECTION ( 'NONE',  ( 1.000000000000000000, -0.000000000000000000, -1.508455196501571429E-16 ) ) ;
#3149 = ORIENTED_EDGE ( 'NONE', *, *, #670, .T. ) ;
#3150 = LINE ( 'NONE', #776, #1813 ) ;
#3151 = CARTESIAN_POINT ( 'NONE',  ( -18.00000000000000355, 2.000000000000000000, 8.100000000000006750 ) ) ;
#3152 = LINE ( 'NONE', #228, #2217 ) ;
#3153 = CYLINDRICAL_SURFACE ( 'NONE', #78, 2.700000000000001066 ) ;
#3154 = CARTESIAN_POINT ( 'NONE',  ( 15.99999999999999289, 21.59999999999999787, -19.09999999999999076 ) ) ;
#3155 = DIRECTION ( 'NONE',  ( 0.000000000000000000, 1.000000000000000000, 0.000000000000000000 ) ) ;
#3156 = ADVANCED_FACE ( 'NONE', ( #2254 ), #2013, .F. ) ;
#3157 = ORIENTED_EDGE ( 'NONE', *, *, #216, .F. ) ;
#3158 = CARTESIAN_POINT ( 'NONE',  ( 16.00000000000000355, 19.64999999999999858, 21.10000000000000853 ) ) ;
#3159 = ORIENTED_EDGE ( 'NONE', *, *, #2480, .F. ) ;
#3160 = VECTOR ( 'NONE', #1253, 1000.000000000000000 ) ;
#3161 = EDGE_CURVE ( 'NONE', #1883, #124, #1719, .T. ) ;
#3162 = CARTESIAN_POINT ( 'NONE',  ( 20.00000000000000000, 10.50000000000000178, -7.849999999999999645 ) ) ;
#3163 = VECTOR ( 'NONE', #3209, 1000.000000000000000 ) ;
#3164 = CYLINDRICAL_SURFACE ( 'NONE', #949, 0.5000000000000004441 ) ;
#3165 = EDGE_CURVE ( 'NONE', #2640, #2380, #1170, .T. ) ;
#3166 = DIRECTION ( 'NONE',  ( 0.000000000000000000, 0.000000000000000000, 1.000000000000000000 ) ) ;
#3167 = CARTESIAN_POINT ( 'NONE',  ( 0.000000000000000000, 21.59410370944288360, -21.50000000000000000 ) ) ;
#3168 = VECTOR ( 'NONE', #35, 1000.000000000000000 ) ;
#3169 = CARTESIAN_POINT ( 'NONE',  ( 18.44711635226611790, 20.55698864586779706, 20.53348757045251816 ) ) ;
#3170 = CARTESIAN_POINT ( 'NONE',  ( 17.00371041847484577, 21.27698179471956053, -20.83478121232595726 ) ) ;
#3171 = CARTESIAN_POINT ( 'NONE',  ( -6.500000000000002665, 8.099999999999999645, -21.09999999999999432 ) ) ;
#3172 = CARTESIAN_POINT ( 'NONE',  ( -18.00000000000000355, 22.00000000000000000, -19.09999999999999076 ) ) ;
#3173 = ORIENTED_EDGE ( 'NONE', *, *, #37, .F. ) ;
#3174 = DIRECTION ( 'NONE',  ( 0.000000000000000000, 1.000000000000000000, 8.673617379884013384E-15 ) ) ;
#3175 = ORIENTED_EDGE ( 'NONE', *, *, #1213, .F. ) ;
#3176 =( BOUNDED_CURVE ( )  B_SPLINE_CURVE ( 3, ( #1635, #439, #2743, #994 ),
 .UNSPECIFIED., .F., .F. ) 
 B_SPLINE_CURVE_WITH_KNOTS ( ( 4, 4 ),
 ( 1.570796326794896558, 3.141592653589793116 ),
 .UNSPECIFIED. ) 
 CURVE ( )  GEOMETRIC_REPRESENTATION_ITEM ( )  RATIONAL_B_SPLINE_CURVE ( ( 1.000000000000000000, 0.8047378541243649375, 0.8047378541243649375, 1.000000000000000000 ) ) 
 REPRESENTATION_ITEM ( '' )  );
#3177 = AXIS2_PLACEMENT_3D ( 'NONE', #145, #665, #958 ) ;
#3178 = CARTESIAN_POINT ( 'NONE',  ( 15.99999999999999645, 21.06119768739732834, -22.02109196514350486 ) ) ;
#3179 = EDGE_CURVE ( 'NONE', #2275, #703, #1746, .T. ) ;
#3180 = FACE_OUTER_BOUND ( 'NONE', #53, .T. ) ;
#3181 = CIRCLE ( 'NONE', #10, 0.5000000000000000000 ) ;
#3182 = DIRECTION ( 'NONE',  ( 0.000000000000000000, 0.000000000000000000, 1.000000000000000000 ) ) ;
#3183 = CARTESIAN_POINT ( 'NONE',  ( -15.99999999999999289, 21.59999999999999787, 21.50000000000000711 ) ) ;
#3184 = ADVANCED_FACE ( 'NONE', ( #2826 ), #3105, .T. ) ;
#3185 = AXIS2_PLACEMENT_3D ( 'NONE', #1619, #1109, #2143 ) ;
#3186 = FACE_OUTER_BOUND ( 'NONE', #2075, .T. ) ;
#3187 = AXIS2_PLACEMENT_3D ( 'NONE', #1381, #2675, #3231 ) ;
#3188 = CARTESIAN_POINT ( 'NONE',  ( 16.52269544858738826, 21.27698179471807194, -21.04837396471070932 ) ) ;
#3189 = DIRECTION ( 'NONE',  ( -0.000000000000000000, -1.000000000000000000, -0.000000000000000000 ) ) ;
#3190 = CARTESIAN_POINT ( 'NONE',  ( -6.500000000000002665, 3.600000000000000089, -2.099999999999994316 ) ) ;
#3191 = ORIENTED_EDGE ( 'NONE', *, *, #2653, .F. ) ;
#3192 = CARTESIAN_POINT ( 'NONE',  ( -16.26427947397064599, 21.59410370944288005, 21.10000000000001563 ) ) ;
#3193 = VERTEX_POINT ( 'NONE', #3309 ) ;
#3194 = AXIS2_PLACEMENT_3D ( 'NONE', #3268, #1688, #1153 ) ;
#3195 = CARTESIAN_POINT ( 'NONE',  ( 16.00000000000000000, 0.000000000000000000, -19.09999999999999432 ) ) ;
#3196 = ORIENTED_EDGE ( 'NONE', *, *, #696, .T. ) ;
#3197 = CARTESIAN_POINT ( 'NONE',  ( -7.000000000000003553, 8.099999999999999645, -1.599999999999994316 ) ) ;
#3198 = VECTOR ( 'NONE', #1150, 1000.000000000000000 ) ;
#3199 = CARTESIAN_POINT ( 'NONE',  ( -18.44711635226611079, 20.55698864586779706, 19.10000000000000142 ) ) ;
#3200 = EDGE_CURVE ( 'NONE', #3108, #434, #451, .T. ) ;
#3201 = CARTESIAN_POINT ( 'NONE',  ( -17.49999999999999645, 7.600000000000005862, 3.400000000000008349 ) ) ;
#3202 = DIRECTION ( 'NONE',  ( 0.000000000000000000, 0.000000000000000000, 1.000000000000000000 ) ) ;
#3203 = B_SPLINE_CURVE_WITH_KNOTS ( 'NONE', 3,
 ( #2570, #1784, #2000, #1569, #2551 ),
 .UNSPECIFIED., .F., .F.,
 ( 4, 1, 4 ),
 ( 0.000000000000000000, 0.3063616363167692702, 0.9162449681765320042 ),
 .UNSPECIFIED. ) ;
#3204 = EDGE_CURVE ( 'NONE', #1445, #177, #3382, .T. ) ;
#3205 = AXIS2_PLACEMENT_3D ( 'NONE', #492, #727, #3050 ) ;
#3206 = FACE_OUTER_BOUND ( 'NONE', #3377, .T. ) ;
#3207 = ORIENTED_EDGE ( 'NONE', *, *, #3332, .F. ) ;
#3208 = FACE_OUTER_BOUND ( 'NONE', #707, .T. ) ;
#3209 = DIRECTION ( 'NONE',  ( -0.000000000000000000, 1.000000000000000000, -0.000000000000000000 ) ) ;
#3210 = CARTESIAN_POINT ( 'NONE',  ( 18.00000000000000355, 19.64999999999999858, -19.09999999999999076 ) ) ;
#3211 = VERTEX_POINT ( 'NONE', #969 ) ;
#3212 = CARTESIAN_POINT ( 'NONE',  ( 18.00000000000000355, 21.59410370944288715, 19.36427947397065452 ) ) ;
#3213 = VERTEX_POINT ( 'NONE', #3324 ) ;
#3214 = DIRECTION ( 'NONE',  ( 0.000000000000000000, -1.000000000000000000, 0.000000000000000000 ) ) ;
#3215 = ORIENTED_EDGE ( 'NONE', *, *, #2325, .T. ) ;
#3216 = CYLINDRICAL_SURFACE ( 'NONE', #294, 0.5000000000000004441 ) ;
#3217 = CARTESIAN_POINT ( 'NONE',  ( 16.00000000000000711, 2.000000000000000000, 23.10000000000000853 ) ) ;
#3218 = CARTESIAN_POINT ( 'NONE',  ( 15.99999999999999289, 22.00000000000000000, -21.09999999999999432 ) ) ;
#3219 = DIRECTION ( 'NONE',  ( -1.188166764367676095E-16, -0.000000000000000000, -1.000000000000000000 ) ) ;
#3220 = ADVANCED_FACE ( 'NONE', ( #986 ), #584, .T. ) ;
#3221 = ORIENTED_EDGE ( 'NONE', *, *, #1059, .F. ) ;
#3222 = FACE_OUTER_BOUND ( 'NONE', #581, .T. ) ;
#3223 = DIRECTION ( 'NONE',  ( -1.000000000000000000, 0.000000000000000000, 0.000000000000000000 ) ) ;
#3224 = DIRECTION ( 'NONE',  ( 0.000000000000000000, 1.000000000000000000, 0.000000000000000000 ) ) ;
#3225 = ADVANCED_FACE ( 'NONE', ( #544 ), #3061, .T. ) ;
#3226 = VERTEX_POINT ( 'NONE', #34 ) ;
#3227 = DIRECTION ( 'NONE',  ( 0.000000000000000000, -1.000000000000000000, 0.000000000000000000 ) ) ;
#3228 = ORIENTED_EDGE ( 'NONE', *, *, #1111, .T. ) ;
#3229 = ADVANCED_FACE ( 'NONE', ( #1640 ), #3153, .F. ) ;
#3230 = VERTEX_POINT ( 'NONE', #297 ) ;
#3231 = DIRECTION ( 'NONE',  ( 1.000000000000000000, 0.000000000000000000, 0.000000000000000000 ) ) ;
#3232 = CARTESIAN_POINT ( 'NONE',  ( 16.00000000000000000, 21.59999999999999787, 21.50000000000000355 ) ) ;
#3233 = DIRECTION ( 'NONE',  ( 1.000000000000000000, -0.000000000000000000, -1.508455196501571429E-16 ) ) ;
#3234 = CARTESIAN_POINT ( 'NONE',  ( -17.49999999999999645, 22.00000000000000000, -2.599999999999994760 ) ) ;
#3235 = VECTOR ( 'NONE', #3022, 1000.000000000000000 ) ;
#3236 = ORIENTED_EDGE ( 'NONE', *, *, #1098, .F. ) ;
#3237 = CARTESIAN_POINT ( 'NONE',  ( 17.73485103482525105, 21.27698179471808260, -20.10358699018247108 ) ) ;
#3238 = CARTESIAN_POINT ( 'NONE',  ( 18.92109196514352121, 21.06119768739733189, 19.10000000000000497 ) ) ;
#3239 = DIRECTION ( 'NONE',  ( -1.501925087425806872E-16, 0.000000000000000000, -1.000000000000000000 ) ) ;
#3240 = EDGE_CURVE ( 'NONE', #1203, #2189, #2391, .T. ) ;
#3241 = VERTEX_POINT ( 'NONE', #2361 ) ;
#3242 = CARTESIAN_POINT ( 'NONE',  ( -14.32999999999999829, 4.699999999999988631, 21.10000000000000853 ) ) ;
#3243 = ORIENTED_EDGE ( 'NONE', *, *, #1735, .F. ) ;
#3244 = ADVANCED_FACE ( 'NONE', ( #3208 ), #828, .F. ) ;
#3245 = VECTOR ( 'NONE', #1027, 1000.000000000000000 ) ;
#3246 = ORIENTED_EDGE ( 'NONE', *, *, #1463, .F. ) ;
#3247 = CARTESIAN_POINT ( 'NONE',  ( -18.00000000000000355, 19.64999999999999858, 19.10000000000000142 ) ) ;
#3248 = CARTESIAN_POINT ( 'NONE',  ( -17.50000000000000000, 8.099999999999999645, -18.09999999999999432 ) ) ;
#3249 = LINE ( 'NONE', #390, #886 ) ;
#3250 = EDGE_LOOP ( 'NONE', ( #239, #1436, #2213, #3390 ) ) ;
#3251 = CARTESIAN_POINT ( 'NONE',  ( 18.30876228238987835, 21.20464809080925406, -19.40592624102400165 ) ) ;
#3252 = CIRCLE ( 'NONE', #254, 1.400000000000000133 ) ;
#3253 = CARTESIAN_POINT ( 'NONE',  ( -18.00000000000000355, 8.099999999999999645, -19.09999999999999076 ) ) ;
#3254 = CARTESIAN_POINT ( 'NONE',  ( -15.99999999999999645, 21.20464809186998423, 21.40876227786208830 ) ) ;
#3255 = ORIENTED_EDGE ( 'NONE', *, *, #3327, .F. ) ;
#3256 = DIRECTION ( 'NONE',  ( 0.000000000000000000, -1.000000000000000000, 0.000000000000000000 ) ) ;
#3257 = VERTEX_POINT ( 'NONE', #798 ) ;
#3258 = ADVANCED_FACE ( 'NONE', ( #1832 ), #730, .T. ) ;
#3259 = ORIENTED_EDGE ( 'NONE', *, *, #1670, .F. ) ;
#3260 = EDGE_CURVE ( 'NONE', #2275, #2029, #412, .T. ) ;
#3261 = CARTESIAN_POINT ( 'NONE',  ( 17.94837396471291413, 21.27698179472135109, 19.62269544858740744 ) ) ;
#3262 = CARTESIAN_POINT ( 'NONE',  ( -12.25000000000000355, 8.099999999999999645, -21.09999999999999432 ) ) ;
#3263 = CARTESIAN_POINT ( 'NONE',  ( -18.40966810795326936, 20.49268122259968905, -19.09999999999999432 ) ) ;
#3264 = CIRCLE ( 'NONE', #1789, 0.4000000000000010214 ) ;
#3265 = ADVANCED_FACE ( 'NONE', ( #3222 ), #1706, .F. ) ;
#3266 = ORIENTED_EDGE ( 'NONE', *, *, #1405, .T. ) ;
#3267 = VERTEX_POINT ( 'NONE', #2716 ) ;
#3268 = CARTESIAN_POINT ( 'NONE',  ( -1.300000000000005818, 3.899999999999999911, 20.60000000000001208 ) ) ;
#3269 = PLANE ( 'NONE',  #397 ) ;
#3270 = AXIS2_PLACEMENT_3D ( 'NONE', #3383, #1799, #2828 ) ;
#3271 = CYLINDRICAL_SURFACE ( 'NONE', #181, 4.000000000000000000 ) ;
#3272 = FACE_OUTER_BOUND ( 'NONE', #229, .T. ) ;
#3273 = ORIENTED_EDGE ( 'NONE', *, *, #2247, .T. ) ;
#3274 = CARTESIAN_POINT ( 'NONE',  ( -12.25000000000000178, 8.099999999999999645, -2.099999999999995648 ) ) ;
#3275 = ORIENTED_EDGE ( 'NONE', *, *, #739, .F. ) ;
#3276 = PRODUCT_DEFINITION ( 'UNKNOWN', '', #1395, #47 ) ;
#3277 = ORIENTED_EDGE ( 'NONE', *, *, #264, .T. ) ;
#3278 = DIRECTION ( 'NONE',  ( 0.000000000000000000, 0.000000000000000000, -1.000000000000000000 ) ) ;
#3279 = ADVANCED_FACE ( 'NONE', ( #623 ), #2975, .F. ) ;
#3280 = CARTESIAN_POINT ( 'NONE',  ( 16.00000000000000355, 21.24999999999999645, 21.10000000000000853 ) ) ;
#3281 = CARTESIAN_POINT ( 'NONE',  ( -18.30876227786208332, 21.20464809186998778, -19.09999999999999432 ) ) ;
#3282 = ORIENTED_EDGE ( 'NONE', *, *, #2695, .F. ) ;
#3283 = EDGE_CURVE ( 'NONE', #1469, #1600, #911, .T. ) ;
#3284 = ORIENTED_EDGE ( 'NONE', *, *, #713, .F. ) ;
#3285 = CARTESIAN_POINT ( 'NONE',  ( -15.20803989154980407, 3.600000000000000089, -2.099999999999994316 ) ) ;
#3286 = DIRECTION ( 'NONE',  ( 0.000000000000000000, 0.000000000000000000, 1.000000000000000000 ) ) ;
#3287 = CIRCLE ( 'NONE', #3127, 0.5000000000000004441 ) ;
#3288 = CARTESIAN_POINT ( 'NONE',  ( 16.00000000000000000, 6.800000000000002487, -7.849999999999999645 ) ) ;
#3289 = VECTOR ( 'NONE', #1374, 1000.000000000000000 ) ;
#3290 = CYLINDRICAL_SURFACE ( 'NONE', #80, 0.5000000000000004441 ) ;
#3291 = ORIENTED_EDGE ( 'NONE', *, *, #227, .F. ) ;
#3292 = CARTESIAN_POINT ( 'NONE',  ( -1.800000000000005818, 3.899999999999999911, 21.10000000000000853 ) ) ;
#3293 = ORIENTED_EDGE ( 'NONE', *, *, #2595, .T. ) ;
#3294 = PLANE ( 'NONE',  #2194 ) ;
#3295 = AXIS2_PLACEMENT_3D ( 'NONE', #2889, #2903, #30 ) ;
#3296 = VERTEX_POINT ( 'NONE', #3285 ) ;
#3297 = CARTESIAN_POINT ( 'NONE',  ( 17.50763250878401678, 21.27698179471972040, 20.42080387052715196 ) ) ;
#3298 = VECTOR ( 'NONE', #2459, 1000.000000000000000 ) ;
#3299 = LINE ( 'NONE', #1790, #320 ) ;
#3300 = CARTESIAN_POINT ( 'NONE',  ( -9.291960108450199485, 3.599999999999999201, -1.599999999999994316 ) ) ;
#3301 = ORIENTED_EDGE ( 'NONE', *, *, #2618, .T. ) ;
#3302 = EDGE_CURVE ( 'NONE', #3303, #2758, #943, .T. ) ;
#3303 = VERTEX_POINT ( 'NONE', #1423 ) ;
#3304 = CARTESIAN_POINT ( 'NONE',  ( -7.000000000000006217, 8.099999999999999645, -19.09999999999999787 ) ) ;
#3305 = VECTOR ( 'NONE', #2118, 1000.000000000000000 ) ;
#3306 = CYLINDRICAL_SURFACE ( 'NONE', #2790, 0.5000000000000000000 ) ;
#3307 = EDGE_CURVE ( 'NONE', #27, #1851, #2457, .T. ) ;
#3308 = ORIENTED_EDGE ( 'NONE', *, *, #1839, .F. ) ;
#3309 = CARTESIAN_POINT ( 'NONE',  ( -18.39999999999999147, 22.00000000000000000, 19.10000000000000497 ) ) ;
#3310 = ORIENTED_EDGE ( 'NONE', *, *, #1877, .F. ) ;
#3311 = CARTESIAN_POINT ( 'NONE',  ( 17.99999999999999645, 6.800000000000002487, -14.35000000000000142 ) ) ;
#3312 = ADVANCED_FACE ( 'NONE', ( #2957 ), #364, .T. ) ;
#3313 = ORIENTED_EDGE ( 'NONE', *, *, #85, .F. ) ;
#3314 = ORIENTED_EDGE ( 'NONE', *, *, #2630, .T. ) ;
#3315 = CARTESIAN_POINT ( 'NONE',  ( 17.79705990424652029, 21.27698179471724416, 19.98764779070768327 ) ) ;
#3316 = CARTESIAN_POINT ( 'NONE',  ( 16.00000000000000000, 20.55698864586779706, -21.54711635226610156 ) ) ;
#3317 = ORIENTED_EDGE ( 'NONE', *, *, #2251, .F. ) ;
#3318 = ORIENTED_EDGE ( 'NONE', *, *, #2500, .F. ) ;
#3319 = CARTESIAN_POINT ( 'NONE',  ( 0.000000000000000000, 8.099999999999999645, 0.000000000000000000 ) ) ;
#3320 = CARTESIAN_POINT ( 'NONE',  ( -18.39999999999999147, 21.59999999999999787, 19.10000000000000497 ) ) ;
#3321 = CARTESIAN_POINT ( 'NONE',  ( -11.62999999999999723, 4.699999999999988631, 21.10000000000000853 ) ) ;
#3322 = ORIENTED_EDGE ( 'NONE', *, *, #2657, .F. ) ;
#3323 = VECTOR ( 'NONE', #151, 1000.000000000000000 ) ;
#3324 = CARTESIAN_POINT ( 'NONE',  ( -17.49999999999999645, 3.099999999999999645, 8.100000000000006750 ) ) ;
#3325 = DIRECTION ( 'NONE',  ( 9.082321863752916905E-17, 0.000000000000000000, 1.000000000000000000 ) ) ;
#3326 = CARTESIAN_POINT ( 'NONE',  ( -6.500000000000003553, 3.600000000000000089, -1.599999999999994316 ) ) ;
#3327 = EDGE_CURVE ( 'NONE', #1957, #3024, #1725, .T. ) ;
#3328 = DIRECTION ( 'NONE',  ( 0.000000000000000000, 1.000000000000000000, 0.000000000000000000 ) ) ;
#3329 = ORIENTED_EDGE ( 'NONE', *, *, #3302, .F. ) ;
#3330 = CARTESIAN_POINT ( 'NONE',  ( 18.30876227786324861, 21.20464809186971777, 20.45244163007688698 ) ) ;
#3331 = VERTEX_POINT ( 'NONE', #393 ) ;
#3332 = EDGE_CURVE ( 'NONE', #213, #139, #1710, .T. ) ;
#3333 = EDGE_LOOP ( 'NONE', ( #204, #742, #1745, #426, #1475, #2690, #2060 ) ) ;
#3334 = CIRCLE ( 'NONE', #1854, 1.400000000000000133 ) ;
#3335 = CARTESIAN_POINT ( 'NONE',  ( 17.15852189274795236, 21.20464809190390554, 21.10267931346382397 ) ) ;
#3336 = FACE_OUTER_BOUND ( 'NONE', #3047, .T. ) ;
#3337 = DIRECTION ( 'NONE',  ( 1.501925087425806872E-16, 0.000000000000000000, 1.000000000000000000 ) ) ;
#3338 = VERTEX_POINT ( 'NONE', #3006 ) ;
#3339 = VERTEX_POINT ( 'NONE', #2749 ) ;
#3340 = CARTESIAN_POINT ( 'NONE',  ( -18.00000000000000000, 3.599999999999998757, 7.600000000000014744 ) ) ;
#3341 = VECTOR ( 'NONE', #2497, 1000.000000000000000 ) ;
#3342 = CARTESIAN_POINT ( 'NONE',  ( -16.26427947397065665, 21.59410370944287294, -21.09999999999999076 ) ) ;
#3343 = EDGE_LOOP ( 'NONE', ( #951, #1394, #2298, #1477, #111, #179, #2754, #2932 ) ) ;
#3344 = CARTESIAN_POINT ( 'NONE',  ( -17.32065454845828256, 21.27698179471915907, -20.60776331479131329 ) ) ;
#3345 = CARTESIAN_POINT ( 'NONE',  ( 18.40000000000000213, 21.59999999999999787, 23.10000000000000853 ) ) ;
#3346 = DIRECTION ( 'NONE',  ( -0.000000000000000000, 1.000000000000000000, 0.000000000000000000 ) ) ;
#3347 = CARTESIAN_POINT ( 'NONE',  ( 18.00000000000000000, 9.100000000000001421, -6.449999999999998401 ) ) ;
#3348 = AXIS2_PLACEMENT_3D ( 'NONE', #1702, #341, #2746 ) ;
#3349 = EDGE_CURVE ( 'NONE', #1000, #2177, #688, .T. ) ;
#3350 = VERTEX_POINT ( 'NONE', #1197 ) ;
#3351 = LINE ( 'NONE', #2074, #2578 ) ;
#3352 = ORIENTED_EDGE ( 'NONE', *, *, #3030, .T. ) ;
#3353 = EDGE_CURVE ( 'NONE', #3350, #1020, #844, .T. ) ;
#3354 = CARTESIAN_POINT ( 'NONE',  ( 17.02461193387464533, 21.20464809229804359, 21.17452970053360772 ) ) ;
#3355 = CARTESIAN_POINT ( 'NONE',  ( 0.000000000000000000, 19.64999999999999858, -21.09999999999999432 ) ) ;
#3356 = LINE ( 'NONE', #1453, #3235 ) ;
#3357 = ORIENTED_EDGE ( 'NONE', *, *, #185, .T. ) ;
#3358 = AXIS2_PLACEMENT_3D ( 'NONE', #981, #504, #1993 ) ;
#3359 = CARTESIAN_POINT ( 'NONE',  ( 16.00000000000000000, 9.100000000000001421, -6.449999999999998401 ) ) ;
#3360 = CIRCLE ( 'NONE', #526, 0.5000000000000004441 ) ;
#3361 = CARTESIAN_POINT ( 'NONE',  ( -17.21984028399360867, 21.59410370944216595, 20.69024845256858569 ) ) ;
#3362 = ORIENTED_EDGE ( 'NONE', *, *, #613, .T. ) ;
#3363 = CARTESIAN_POINT ( 'NONE',  ( -17.73478121244121297, 21.59410370944298307, -20.10371041855279017 ) ) ;
#3364 = CARTESIAN_POINT ( 'NONE',  ( -19.01544195096116496, 21.16400731508066002, -19.09999999999996589 ) ) ;
#3365 = DIRECTION ( 'NONE',  ( 0.000000000000000000, 0.000000000000000000, -1.000000000000000000 ) ) ;
#3366 = B_SPLINE_CURVE_WITH_KNOTS ( 'NONE', 3,
 ( #1127, #3212, #869, #2689, #352, #1396, #2433, #1412, #385, #1174 ),
 .UNSPECIFIED., .F., .F.,
 ( 4, 2, 2, 2, 4 ),
 ( 0.000000000000000000, 0.0007921336859806375145, 0.001584267371961275029, 0.002376401057941912760, 0.003168534743922550058 ),
 .UNSPECIFIED. ) ;
#3367 = AXIS2_PLACEMENT_3D ( 'NONE', #2893, #1592, #1350 ) ;
#3368 = ORIENTED_EDGE ( 'NONE', *, *, #2668, .T. ) ;
#3369 = PLANE ( 'NONE',  #168 ) ;
#3370 = ORIENTED_EDGE ( 'NONE', *, *, #2710, .F. ) ;
#3371 = ADVANCED_FACE ( 'NONE', ( #2840, #3101, #428 ), #1742, .F. ) ;
#3372 = AXIS2_PLACEMENT_3D ( 'NONE', #2877, #2629, #3166 ) ;
#3373 = CARTESIAN_POINT ( 'NONE',  ( 16.00000000000000000, 22.00000000000000000, 19.10000000000000497 ) ) ;
#3374 = CARTESIAN_POINT ( 'NONE',  ( -20.00000000000000355, 22.00000000000000000, -19.09999999999999432 ) ) ;
#3375 = ADVANCED_FACE ( 'NONE', ( #1039 ), #2821, .T. ) ;
#3376 = DIRECTION ( 'NONE',  ( 0.000000000000000000, 0.000000000000000000, 1.000000000000000000 ) ) ;
#3377 = EDGE_LOOP ( 'NONE', ( #1047, #471, #524, #133, #3063, #818, #2467, #1820 ) ) ;
#3378 = CARTESIAN_POINT ( 'NONE',  ( 19.99999999999999645, 6.800000000000002487, -14.34999999999999964 ) ) ;
#3379 = PLANE ( 'NONE',  #41 ) ;
#3380 = EDGE_CURVE ( 'NONE', #3339, #2814, #2745, .T. ) ;
#3381 = CARTESIAN_POINT ( 'NONE',  ( -17.50776331444959055, 21.59410370944316071, 20.42065454811687530 ) ) ;
#3382 = LINE ( 'NONE', #2528, #2916 ) ;
#3383 = CARTESIAN_POINT ( 'NONE',  ( 16.00000000000000000, 10.50000000000000178, -7.849999999999999645 ) ) ;
#3384 = FACE_OUTER_BOUND ( 'NONE', #751, .T. ) ;
#3385 = EDGE_LOOP ( 'NONE', ( #699, #1063, #999, #1658 ) ) ;
#3386 = DIRECTION ( 'NONE',  ( -1.508455196501571429E-16, 0.000000000000000000, -1.000000000000000000 ) ) ;
#3387 = ORIENTED_EDGE ( 'NONE', *, *, #2923, .F. ) ;
#3388 = CARTESIAN_POINT ( 'NONE',  ( 16.26501320210979173, 21.59410370944453916, 21.10000000000001563 ) ) ;
#3389 = DIRECTION ( 'NONE',  ( 0.000000000000000000, -1.000000000000000000, 0.000000000000000000 ) ) ;
#3390 = ORIENTED_EDGE ( 'NONE', *, *, #2653, .T. ) ;
#3391 = DIRECTION ( 'NONE',  ( -1.000000000000000000, 0.000000000000000000, 0.000000000000000000 ) ) ;
#3392 = EDGE_CURVE ( 'NONE', #3024, #2189, #1471, .T. ) ;
ENDSEC;
END-ISO-10303-21;
