ISO-10303-21;
HEADER;
FILE_DESCRIPTION (( 'STEP AP214' ),
    '1' );
FILE_NAME ('cover1.SLDPRT.STEP',
    '2025-10-08T16:17:07',
    ( '' ),
    ( '' ),
    'SwSTEP 2.0',
    'SolidWorks 2025',
    '' );
FILE_SCHEMA (( 'AUTOMOTIVE_DESIGN' ));
ENDSEC;

DATA;
#1 = CARTESIAN_POINT ( 'NONE',  ( -17.68537097729297258, -2.624592728049848667, -15.87151442144819491 ) ) ;
#2 = CARTESIAN_POINT ( 'NONE',  ( -15.99999999999998934, -1.318477165402296203, 21.57537424984309027 ) ) ;
#3 = CARTESIAN_POINT ( 'NONE',  ( -17.74330295098943466, -2.535326479272286715, 18.05386244708807197 ) ) ;
#4 = CARTESIAN_POINT ( 'NONE',  ( -17.41430376235674160, -2.761276782429340937, -18.01563114906627305 ) ) ;
#5 = FACE_OUTER_BOUND ( 'NONE', #856, .T. ) ;
#6 = CARTESIAN_POINT ( 'NONE',  ( -17.06852840518267911, -1.932663599452904446, -0.5375160378165312336 ) ) ;
#7 = ORIENTED_EDGE ( 'NONE', *, *, #2835, .F. ) ;
#8 = CIRCLE ( 'NONE', #2951, 4.000000000000000000 ) ;
#9 = CARTESIAN_POINT ( 'NONE',  ( 5.010509432216910142, -2.586121458626625458, -19.30141084883080893 ) ) ;
#10 = EDGE_CURVE ( 'NONE', #4735, #3479, #1201, .T. ) ;
#11 = AXIS2_PLACEMENT_3D ( 'NONE', #4768, #501, #2130 ) ;
#12 = CARTESIAN_POINT ( 'NONE',  ( -16.47586025187433378, -2.461276782429340670, -19.09999999999999787 ) ) ;
#13 = EDGE_LOOP ( 'NONE', ( #4848, #1916, #5013, #5385 ) ) ;
#14 = ORIENTED_EDGE ( 'NONE', *, *, #1104, .T. ) ;
#15 = VECTOR ( 'NONE', #4055, 1000.000000000000000 ) ;
#16 = ADVANCED_FACE ( 'NONE', ( #792 ), #5481, .F. ) ;
#17 = CIRCLE ( 'NONE', #4833, 0.3000000000000005995 ) ;
#18 = CARTESIAN_POINT ( 'NONE',  ( -18.06100422277080142, -2.045786783760104033, -16.79650524111310972 ) ) ;
#19 = CIRCLE ( 'NONE', #2508, 0.3000000000000016542 ) ;
#20 = ORIENTED_EDGE ( 'NONE', *, *, #2089, .F. ) ;
#21 = DIRECTION ( 'NONE',  ( -1.000000000000000000, -0.000000000000000000, -1.084202172485504434E-16 ) ) ;
#22 = EDGE_CURVE ( 'NONE', #3815, #3757, #380, .T. ) ;
#23 = AXIS2_PLACEMENT_3D ( 'NONE', #626, #3098, #4812 ) ;
#24 = CARTESIAN_POINT ( 'NONE',  ( -16.00000000000000355, -1.481793111022802201, -21.52702460630235848 ) ) ;
#25 = DIRECTION ( 'NONE',  ( 0.000000000000000000, -0.000000000000000000, 1.000000000000000000 ) ) ;
#26 = CARTESIAN_POINT ( 'NONE',  ( -17.05310072699634105, -1.965240329655401963, 0.5076922432516991490 ) ) ;
#27 = CARTESIAN_POINT ( 'NONE',  ( -16.36815602831012129, -2.295410210120421901, -18.22727069604599848 ) ) ;
#28 = ORIENTED_EDGE ( 'NONE', *, *, #5037, .F. ) ;
#29 = CARTESIAN_POINT ( 'NONE',  ( -16.41373097297527650, -2.354612538280353995, -1.202774506031980550 ) ) ;
#30 = CARTESIAN_POINT ( 'NONE',  ( -17.03798588938055403, -2.478550394424815284, -16.32558111557323599 ) ) ;
#31 = CARTESIAN_POINT ( 'NONE',  ( 16.00000000000000355, -0.9057063555672495436, -21.16682382297187459 ) ) ;
#32 = CARTESIAN_POINT ( 'NONE',  ( -15.99999999999999645, -0.9766393502342392008, 19.10000000000000497 ) ) ;
#33 = ORIENTED_EDGE ( 'NONE', *, *, #1875, .F. ) ;
#34 = CARTESIAN_POINT ( 'NONE',  ( 15.80000000000000071, -2.761276782429340937, -17.00000000000011369 ) ) ;
#35 = DIRECTION ( 'NONE',  ( -0.000000000000000000, -1.000000000000000000, -0.000000000000000000 ) ) ;
#36 = PLANE ( 'NONE',  #3824 ) ;
#37 = VERTEX_POINT ( 'NONE', #3464 ) ;
#38 = DIRECTION ( 'NONE',  ( -1.000000000000000000, -0.000000000000000000, -1.084202172485504434E-16 ) ) ;
#39 = EDGE_LOOP ( 'NONE', ( #4303, #2995, #1425, #5496 ) ) ;
#40 = CIRCLE ( 'NONE', #2259, 1.349999999999996980 ) ;
#41 = ORIENTED_EDGE ( 'NONE', *, *, #2886, .F. ) ;
#42 = CARTESIAN_POINT ( 'NONE',  ( -16.91290387186580091, -2.261276782429340493, -16.23583707758994166 ) ) ;
#43 = EDGE_LOOP ( 'NONE', ( #1813, #2752, #1556, #4209 ) ) ;
#44 = EDGE_LOOP ( 'NONE', ( #874, #1517, #4085, #260 ) ) ;
#45 = FACE_OUTER_BOUND ( 'NONE', #3028, .T. ) ;
#46 = ORIENTED_EDGE ( 'NONE', *, *, #5445, .F. ) ;
#47 = DIRECTION ( 'NONE',  ( -0.000000000000000000, 1.000000000000000000, -0.000000000000000000 ) ) ;
#48 = ADVANCED_FACE ( 'NONE', ( #1691 ), #4572, .T. ) ;
#49 = CARTESIAN_POINT ( 'NONE',  ( -16.00000000000000355, -1.318477165402296203, -21.27537424984308601 ) ) ;
#50 = ORIENTED_EDGE ( 'NONE', *, *, #3671, .F. ) ;
#51 = PLANE ( 'NONE',  #3861 ) ;
#52 = LINE ( 'NONE', #1330, #3051 ) ;
#53 = EDGE_CURVE ( 'NONE', #1160, #4676, #471, .T. ) ;
#54 = FACE_OUTER_BOUND ( 'NONE', #2778, .T. ) ;
#55 = LINE ( 'NONE', #3405, #2568 ) ;
#56 = VECTOR ( 'NONE', #2582, 1000.000000000000000 ) ;
#57 = CARTESIAN_POINT ( 'NONE',  ( -17.66421921914103876, -2.657185059793394366, -1.018596580921944605 ) ) ;
#58 = DIRECTION ( 'NONE',  ( -1.000000000000000000, 0.000000000000000000, 0.000000000000000000 ) ) ;
#59 = CARTESIAN_POINT ( 'NONE',  ( -17.36694975814085495, -2.461276782429340226, 17.98344723064404249 ) ) ;
#60 = EDGE_CURVE ( 'NONE', #91, #3475, #3228, .T. ) ;
#61 = TOROIDAL_SURFACE ( 'NONE', #3723, 2.164429848847713167, 0.2999999999999983791 ) ;
#62 = DIRECTION ( 'NONE',  ( 0.000000000000000000, -0.000000000000000000, 1.000000000000000000 ) ) ;
#63 = EDGE_LOOP ( 'NONE', ( #3302, #4331, #2032, #1724 ) ) ;
#64 = EDGE_CURVE ( 'NONE', #1843, #3707, #3403, .T. ) ;
#65 = AXIS2_PLACEMENT_3D ( 'NONE', #3243, #2000, #2818 ) ;
#66 = CARTESIAN_POINT ( 'NONE',  ( 4.500000000000000888, -2.461276782429340670, 19.27586025187433449 ) ) ;
#67 = EDGE_LOOP ( 'NONE', ( #2048, #1375, #2234, #3899 ) ) ;
#68 = DIRECTION ( 'NONE',  ( -1.000000000000000000, -0.000000000000000000, -1.084202172485504434E-16 ) ) ;
#69 = EDGE_LOOP ( 'NONE', ( #2241, #735, #2150, #2944 ) ) ;
#70 = CARTESIAN_POINT ( 'NONE',  ( -18.27298027571892547, -0.9766393502342392008, 19.10000000000000497 ) ) ;
#71 = VERTEX_POINT ( 'NONE', #4318 ) ;
#72 = DIRECTION ( 'NONE',  ( 0.000000000000000000, 0.000000000000000000, 1.000000000000000000 ) ) ;
#73 = CARTESIAN_POINT ( 'NONE',  ( -17.25135937711358736, -2.761276782429340937, -17.90852906081490303 ) ) ;
#74 = LINE ( 'NONE', #2272, #951 ) ;
#75 = VERTEX_POINT ( 'NONE', #5123 ) ;
#76 = CARTESIAN_POINT ( 'NONE',  ( -16.43914126488121852, -2.261276782429340493, -1.189116665229087211 ) ) ;
#77 = EDGE_CURVE ( 'NONE', #1401, #942, #4261, .T. ) ;
#78 = VECTOR ( 'NONE', #689, 1000.000000000000000 ) ;
#79 = EDGE_CURVE ( 'NONE', #3378, #1249, #651, .T. ) ;
#80 = CARTESIAN_POINT ( 'NONE',  ( 16.00000000000000355, -0.9766393502342392008, -21.37298027571892689 ) ) ;
#81 = CARTESIAN_POINT ( 'NONE',  ( 15.80000000000017835, -7.000000000000000000, -1.350000000000113332 ) ) ;
#82 = CARTESIAN_POINT ( 'NONE',  ( -18.06941726076527743, -2.032823297542202035, 1.108161866824613597E-13 ) ) ;
#83 = ADVANCED_FACE ( 'NONE', ( #489 ), #173, .T. ) ;
#84 = CARTESIAN_POINT ( 'NONE',  ( -17.16836100029477308, -3.421243321537744464, 16.86467623130518589 ) ) ;
#85 = CARTESIAN_POINT ( 'NONE',  ( 18.06682382297187672, -0.9057063555672495436, -19.09999999999999787 ) ) ;
#86 = DIRECTION ( 'NONE',  ( -0.000000000000000000, 1.000000000000000000, -0.000000000000000000 ) ) ;
#87 = CARTESIAN_POINT ( 'NONE',  ( 15.99999999999999645, -1.260317096475860321, -21.27537424984308245 ) ) ;
#88 = VERTEX_POINT ( 'NONE', #2566 ) ;
#89 = ADVANCED_FACE ( 'NONE', ( #2965 ), #3918, .T. ) ;
#90 = DIRECTION ( 'NONE',  ( -1.501925087425806872E-16, 0.000000000000000000, -1.000000000000000000 ) ) ;
#91 = VERTEX_POINT ( 'NONE', #85 ) ;
#92 = ORIENTED_EDGE ( 'NONE', *, *, #1548, .F. ) ;
#93 = CARTESIAN_POINT ( 'NONE',  ( -17.31849011043944486, -3.189912302761116702, 17.15928504503393626 ) ) ;
#94 = FACE_OUTER_BOUND ( 'NONE', #4159, .T. ) ;
#95 = EDGE_LOOP ( 'NONE', ( #396, #1808, #4549, #4075 ) ) ;
#96 = CARTESIAN_POINT ( 'NONE',  ( -17.25557228288820255, -2.761276782429341381, 16.08874054867545667 ) ) ;
#97 = AXIS2_PLACEMENT_3D ( 'NONE', #1885, #1140, #4560 ) ;
#98 = VECTOR ( 'NONE', #1317, 1000.000000000000000 ) ;
#99 = ADVANCED_FACE ( 'NONE', ( #4729 ), #3945, .T. ) ;
#100 = ORIENTED_EDGE ( 'NONE', *, *, #1884, .T. ) ;
#101 = CARTESIAN_POINT ( 'NONE',  ( -16.17586025187432242, -2.441904586412974698, -1.629530244943605322 ) ) ;
#102 = CARTESIAN_POINT ( 'NONE',  ( -16.97059815863692833, -2.514001906062101277, -17.76608985632369198 ) ) ;
#103 = CIRCLE ( 'NONE', #1524, 0.4999999999999985012 ) ;
#104 = VECTOR ( 'NONE', #4669, 1000.000000000000000 ) ;
#105 = CONICAL_SURFACE ( 'NONE', #1871, 2.272980275718924137, 1.239410868079301009 ) ;
#106 = ORIENTED_EDGE ( 'NONE', *, *, #2369, .T. ) ;
#107 = DIRECTION ( 'NONE',  ( -1.000000000000000000, 0.000000000000000000, 0.000000000000000000 ) ) ;
#108 = EDGE_LOOP ( 'NONE', ( #3960, #4324, #2469, #1592, #4151, #5486, #482, #1267 ) ) ;
#109 = CARTESIAN_POINT ( 'NONE',  ( -16.91290387186580091, -2.261276782429340493, -16.23583707758994166 ) ) ;
#110 = CARTESIAN_POINT ( 'NONE',  ( -17.68537097729297614, -2.624592728049846002, 15.87151442144887170 ) ) ;
#111 = CIRCLE ( 'NONE', #476, 0.1758602518743233867 ) ;
#112 = VECTOR ( 'NONE', #4078, 1000.000000000000000 ) ;
#113 = EDGE_CURVE ( 'NONE', #1576, #2791, #540, .T. ) ;
#114 = DIRECTION ( 'NONE',  ( 0.000000000000000000, -0.8388345215309135350, 0.5443864854016887689 ) ) ;
#115 = CARTESIAN_POINT ( 'NONE',  ( -16.17586025187432597, -2.461276782429340670, -19.09999999999999787 ) ) ;
#116 = CARTESIAN_POINT ( 'NONE',  ( 5.000000000000004441, -2.718064063718550472, -18.81819258583060162 ) ) ;
#117 = PLANE ( 'NONE',  #2468 ) ;
#118 = CARTESIAN_POINT ( 'NONE',  ( -18.47537424984308529, -1.260317096475860321, 19.10000000000000497 ) ) ;
#119 = DIRECTION ( 'NONE',  ( -9.082321863752915673E-17, -0.000000000000000000, 1.000000000000000000 ) ) ;
#120 = ADVANCED_FACE ( 'NONE', ( #4402 ), #824, .T. ) ;
#121 = CARTESIAN_POINT ( 'NONE',  ( -16.17586025187432597, 0.000000000000000000, 19.10000000000000497 ) ) ;
#122 = FACE_OUTER_BOUND ( 'NONE', #4295, .T. ) ;
#123 = ORIENTED_EDGE ( 'NONE', *, *, #3887, .F. ) ;
#124 = LINE ( 'NONE', #3955, #2201 ) ;
#125 = CARTESIAN_POINT ( 'NONE',  ( -16.47586025187433023, -2.761276782429340493, -1.722124536709162879 ) ) ;
#126 = VERTEX_POINT ( 'NONE', #3211 ) ;
#127 = CARTESIAN_POINT ( 'NONE',  ( -16.92177160231886290, -2.390842763386494152, 16.24875177322228126 ) ) ;
#128 = CIRCLE ( 'NONE', #5306, 1.864429848847715121 ) ;
#129 = ORIENTED_EDGE ( 'NONE', *, *, #2400, .T. ) ;
#130 = CARTESIAN_POINT ( 'NONE',  ( 4.672955020777167512, -2.761276782429342269, -19.53891367591707606 ) ) ;
#131 = DIRECTION ( 'NONE',  ( -1.000000000000000000, -0.000000000000000000, -1.084202172485504434E-16 ) ) ;
#132 = DIRECTION ( 'NONE',  ( 0.000000000000000000, 1.000000000000000000, 0.000000000000000000 ) ) ;
#133 = ORIENTED_EDGE ( 'NONE', *, *, #1765, .T. ) ;
#134 = CARTESIAN_POINT ( 'NONE',  ( -17.59666581547118014, -2.761276782429340493, -15.87151442144819491 ) ) ;
#135 = LINE ( 'NONE', #5252, #4325 ) ;
#136 = CARTESIAN_POINT ( 'NONE',  ( -18.16442984884771406, -0.6220286093256309767, 19.10000000000000497 ) ) ;
#137 = CARTESIAN_POINT ( 'NONE',  ( -16.17586025187432952, -2.745442934920200084, 1.650742131667737755 ) ) ;
#138 = DIRECTION ( 'NONE',  ( 0.000000000000000000, 0.3253534195861428335, 0.9455924874720629258 ) ) ;
#139 = DIRECTION ( 'NONE',  ( -1.000000000000000000, 0.000000000000000000, -9.082321863752915673E-17 ) ) ;
#140 = CARTESIAN_POINT ( 'NONE',  ( 4.580994390579947506, -2.741480316167528741, 19.46403163900323818 ) ) ;
#141 = FACE_OUTER_BOUND ( 'NONE', #5214, .T. ) ;
#142 = EDGE_CURVE ( 'NONE', #4014, #1576, #1527, .T. ) ;
#143 = FACE_OUTER_BOUND ( 'NONE', #242, .T. ) ;
#144 = DIRECTION ( 'NONE',  ( -0.000000000000000000, -1.000000000000000000, -0.000000000000000000 ) ) ;
#145 = EDGE_CURVE ( 'NONE', #3751, #3977, #3580, .T. ) ;
#146 = EDGE_LOOP ( 'NONE', ( #249, #3180, #4411, #500 ) ) ;
#147 = CIRCLE ( 'NONE', #4788, 0.2999999999999981570 ) ;
#148 = EDGE_CURVE ( 'NONE', #492, #3380, #3847, .T. ) ;
#149 = VERTEX_POINT ( 'NONE', #2283 ) ;
#150 = EDGE_CURVE ( 'NONE', #1249, #3378, #5195, .T. ) ;
#151 = DIRECTION ( 'NONE',  ( 0.000000000000000000, 0.000000000000000000, 1.000000000000000000 ) ) ;
#152 = DIRECTION ( 'NONE',  ( -0.000000000000000000, 1.000000000000000000, -0.000000000000000000 ) ) ;
#153 = CIRCLE ( 'NONE', #957, 0.3000000000000016542 ) ;
#154 = ORIENTED_EDGE ( 'NONE', *, *, #5281, .F. ) ;
#155 = FACE_OUTER_BOUND ( 'NONE', #4299, .T. ) ;
#156 = ADVANCED_FACE ( 'NONE', ( #1505 ), #4926, .T. ) ;
#157 = EDGE_LOOP ( 'NONE', ( #325, #3773, #496, #5080, #523, #1755, #162 ) ) ;
#158 = DIRECTION ( 'NONE',  ( -0.000000000000000000, 1.000000000000000000, -0.000000000000000000 ) ) ;
#159 = CYLINDRICAL_SURFACE ( 'NONE', #2512, 1.864429848847715121 ) ;
#160 = ORIENTED_EDGE ( 'NONE', *, *, #1175, .T. ) ;
#161 = DIRECTION ( 'NONE',  ( -1.000000000000000000, 0.000000000000000000, 0.000000000000000000 ) ) ;
#162 = ORIENTED_EDGE ( 'NONE', *, *, #2151, .T. ) ;
#163 = FACE_OUTER_BOUND ( 'NONE', #2069, .T. ) ;
#164 = CIRCLE ( 'NONE', #4365, 1.864429848847715121 ) ;
#165 = CYLINDRICAL_SURFACE ( 'NONE', #1360, 1.350000000000002309 ) ;
#166 = CARTESIAN_POINT ( 'NONE',  ( 0.000000000000000000, -2.761276782429341381, -19.57586025187432810 ) ) ;
#167 = CIRCLE ( 'NONE', #3739, 1.350000000000000533 ) ;
#168 = CARTESIAN_POINT ( 'NONE',  ( -16.17586025187432597, -2.461276672937103172, 1.690246120939460805 ) ) ;
#169 = DIRECTION ( 'NONE',  ( -1.759699861102127435E-17, -0.000000000000000000, -1.000000000000000000 ) ) ;
#170 = CARTESIAN_POINT ( 'NONE',  ( 16.00000000000000000, -1.318477165402296203, -19.09999999999999787 ) ) ;
#171 = CARTESIAN_POINT ( 'NONE',  ( -17.41329830943925572, -2.761276782429340493, 18.01494724033682004 ) ) ;
#172 = CARTESIAN_POINT ( 'NONE',  ( -20.00000000000000355, 0.000000000000000000, -23.09999999999999787 ) ) ;
#173 =( BOUNDED_SURFACE ( )  B_SPLINE_SURFACE ( 3, 2, ( 
 ( #1283, #514, #3523 ),
 ( #5150, #875, #3836 ),
 ( #4, #1746, #4756 ),
 ( #2992, #458, #1362 ) ),
 .UNSPECIFIED., .F., .F., .T. ) 
 B_SPLINE_SURFACE_WITH_KNOTS ( ( 4, 4 ),
 ( 3, 3 ),
 ( 1.355252715606880543E-20, 0.0001654608312809407078 ),
 ( 0.000000000000000000, 1.000000000000000000 ),
 .UNSPECIFIED. ) 
 GEOMETRIC_REPRESENTATION_ITEM ( )  RATIONAL_B_SPLINE_SURFACE ( (
 ( 1.000000000000000000, 0.8787452661043732016, 1.000000000000000000),
 ( 1.000000000000000000, 0.9096091172871390018, 1.000000000000000000),
 ( 1.000000000000000000, 0.9339119250438717712, 1.000000000000000000),
 ( 1.000000000000000000, 0.9323756345168580095, 1.000000000000000000) ) ) 
 REPRESENTATION_ITEM ( '' )  SURFACE ( )  );
#174 = CARTESIAN_POINT ( 'NONE',  ( -17.13710406055801982, -2.703303305887819530, -16.15478546032798590 ) ) ;
#175 = AXIS2_PLACEMENT_3D ( 'NONE', #2019, #2368, #705 ) ;
#176 = DIRECTION ( 'NONE',  ( -0.000000000000000000, 1.000000000000000000, -0.000000000000000000 ) ) ;
#177 = ORIENTED_EDGE ( 'NONE', *, *, #1256, .F. ) ;
#178 = EDGE_LOOP ( 'NONE', ( #3858, #356, #2153, #3075 ) ) ;
#179 = ADVANCED_FACE ( 'NONE', ( #2351 ), #4060, .F. ) ;
#180 = DIRECTION ( 'NONE',  ( -9.082321863752915673E-17, -0.000000000000000000, 1.000000000000000000 ) ) ;
#181 = CARTESIAN_POINT ( 'NONE',  ( -17.35719857694667922, -3.130267181413667110, -0.04183604436827013939 ) ) ;
#182 = ADVANCED_FACE ( 'NONE', ( #687 ), #1098, .F. ) ;
#183 = EDGE_LOOP ( 'NONE', ( #1049, #2338, #133, #1656, #2358, #1515 ) ) ;
#184 = DIRECTION ( 'NONE',  ( 0.000000000000000000, 0.000000000000000000, 1.000000000000000000 ) ) ;
#185 = ORIENTED_EDGE ( 'NONE', *, *, #142, .T. ) ;
#186 = CARTESIAN_POINT ( 'NONE',  ( 1.877765552635376824E-13, 0.5999999999999937605, 0.000000000000000000 ) ) ;
#187 = CARTESIAN_POINT ( 'NONE',  ( -16.41434023305452072, -2.688838202686070211, 15.53907037667215718 ) ) ;
#188 = B_SPLINE_CURVE_WITH_KNOTS ( 'NONE', 3,
 ( #3864, #5038, #30, #1716, #3830, #2510 ),
 .UNSPECIFIED., .F., .F.,
 ( 4, 2, 4 ),
 ( -4.743336450950999308E-06, 0.0003861583939549435894, 0.0007770601243608382409 ),
 .UNSPECIFIED. ) ;
#189 = EDGE_CURVE ( 'NONE', #457, #2771, #2233, .T. ) ;
#190 = VERTEX_POINT ( 'NONE', #980 ) ;
#191 = DIRECTION ( 'NONE',  ( 0.9455924874720629258, -0.3253534195861428335, 0.000000000000000000 ) ) ;
#192 = ORIENTED_EDGE ( 'NONE', *, *, #3992, .T. ) ;
#193 = DIRECTION ( 'NONE',  ( -0.000000000000000000, 1.000000000000000000, -0.000000000000000000 ) ) ;
#194 = CARTESIAN_POINT ( 'NONE',  ( -17.66171820424964523, -2.661038824877619557, 1.005603465140079367 ) ) ;
#195 = AXIS2_PLACEMENT_3D ( 'NONE', #306, #1182, #2436 ) ;
#196 = FACE_OUTER_BOUND ( 'NONE', #4603, .T. ) ;
#197 = CIRCLE ( 'NONE', #2143, 0.3000000000000007105 ) ;
#198 = AXIS2_PLACEMENT_3D ( 'NONE', #2225, #4678, #1335 ) ;
#199 = CYLINDRICAL_SURFACE ( 'NONE', #1040, 1.350000000000002309 ) ;
#200 = FACE_OUTER_BOUND ( 'NONE', #3164, .T. ) ;
#201 = EDGE_LOOP ( 'NONE', ( #5387, #4787, #4635, #858 ) ) ;
#202 = CIRCLE ( 'NONE', #4314, 2.475374249843086183 ) ;
#203 = CARTESIAN_POINT ( 'NONE',  ( 16.00000000000000355, -1.260317096475860321, -21.57537424984309027 ) ) ;
#204 = VECTOR ( 'NONE', #5416, 1000.000000000000000 ) ;
#205 = CARTESIAN_POINT ( 'NONE',  ( 18.47537424984308529, -1.318477165402296203, -19.09999999999999787 ) ) ;
#206 = FACE_OUTER_BOUND ( 'NONE', #2610, .T. ) ;
#207 = VECTOR ( 'NONE', #2548, 1000.000000000000000 ) ;
#208 = CARTESIAN_POINT ( 'NONE',  ( -16.91290387186581512, -2.261276782429337828, -16.23583707758996297 ) ) ;
#209 = CARTESIAN_POINT ( 'NONE',  ( 4.999999999999999112, -44.23524452124112827, 18.81913644042592892 ) ) ;
#210 = EDGE_LOOP ( 'NONE', ( #887, #911, #3087, #5032, #2760, #3120, #4004 ) ) ;
#211 = ORIENTED_EDGE ( 'NONE', *, *, #5172, .T. ) ;
#212 = DIRECTION ( 'NONE',  ( 1.000000000000000000, 0.000000000000000000, 0.000000000000000000 ) ) ;
#213 = EDGE_LOOP ( 'NONE', ( #5404, #1896 ) ) ;
#214 = DIRECTION ( 'NONE',  ( 0.000000000000000000, 0.000000000000000000, 1.000000000000000000 ) ) ;
#215 = ORIENTED_EDGE ( 'NONE', *, *, #10, .F. ) ;
#216 = CARTESIAN_POINT ( 'NONE',  ( -17.03798588938055047, -2.478550394424814840, -17.67441888442654729 ) ) ;
#217 = CONICAL_SURFACE ( 'NONE', #4224, 1.350000000000000089, 0.7853981633974509435 ) ;
#218 = EDGE_LOOP ( 'NONE', ( #2627, #444, #3003, #4973 ) ) ;
#219 = CARTESIAN_POINT ( 'NONE',  ( -16.47586025187433023, -2.761276782429340493, 15.27787546329090773 ) ) ;
#220 = CARTESIAN_POINT ( 'NONE',  ( -16.18449000709804864, -2.420224362160606102, 15.47479939305655527 ) ) ;
#221 = B_SPLINE_CURVE_WITH_KNOTS ( 'NONE', 3,
 ( #1216, #2472, #4161, #1707 ),
 .UNSPECIFIED., .F., .F.,
 ( 4, 4 ),
 ( 0.000000000000000000, 0.0001656344525718002466 ),
 .UNSPECIFIED. ) ;
#222 = VERTEX_POINT ( 'NONE', #205 ) ;
#223 = CARTESIAN_POINT ( 'NONE',  ( 18.47537424984308885, -1.260317096475860321, 19.09999999999999432 ) ) ;
#224 = ORIENTED_EDGE ( 'NONE', *, *, #2560, .F. ) ;
#225 = CARTESIAN_POINT ( 'NONE',  ( -17.36694975814089048, -2.761276782429340937, -16.01655276935544947 ) ) ;
#226 = CARTESIAN_POINT ( 'NONE',  ( 15.80000000000017835, 0.000000000000000000, -1.110223024625156540E-13 ) ) ;
#227 = CARTESIAN_POINT ( 'NONE',  ( -16.45952028543841905, -2.761276782429340493, -18.64845767290601231 ) ) ;
#228 = EDGE_CURVE ( 'NONE', #1793, #3010, #1365, .T. ) ;
#229 = AXIS2_PLACEMENT_3D ( 'NONE', #616, #1114, #4886 ) ;
#230 = DIRECTION ( 'NONE',  ( 0.000000000000000000, 0.000000000000000000, 1.000000000000000000 ) ) ;
#231 = CARTESIAN_POINT ( 'NONE',  ( -16.00000000000000355, -2.461276782429340670, -19.09999999999999787 ) ) ;
#232 = ORIENTED_EDGE ( 'NONE', *, *, #3671, .T. ) ;
#233 = CARTESIAN_POINT ( 'NONE',  ( -16.47586025187433023, -2.761276782429341381, 18.72212453670931609 ) ) ;
#234 =( BOUNDED_SURFACE ( )  B_SPLINE_SURFACE ( 3, 2, ( 
 ( #3312, #3659, #4918 ),
 ( #1600, #5408, #2042 ),
 ( #5028, #1190, #4141 ),
 ( #4610, #284, #680 ) ),
 .UNSPECIFIED., .F., .F., .F. ) 
 B_SPLINE_SURFACE_WITH_KNOTS ( ( 4, 4 ),
 ( 3, 3 ),
 ( 0.0002236592279505993900, 0.0003184753319594207563 ),
 ( 0.000000000000000000, 1.000000000000000000 ),
 .UNSPECIFIED. ) 
 GEOMETRIC_REPRESENTATION_ITEM ( )  RATIONAL_B_SPLINE_SURFACE ( (
 ( 1.000000000000000000, 0.7071067811865475727, 1.000000000000000000),
 ( 1.000000000000000000, 0.7262877011042977449, 1.000000000000000000),
 ( 1.000000000000000000, 0.7452025455529547315, 1.000000000000000000),
 ( 1.000000000000000000, 0.7630493574722989614, 1.000000000000000000) ) ) 
 REPRESENTATION_ITEM ( '' )  SURFACE ( )  );
#235 = DIRECTION ( 'NONE',  ( 3.721724315986313647E-15, 0.000000000000000000, 1.000000000000000000 ) ) ;
#236 = EDGE_CURVE ( 'NONE', #1418, #635, #1389, .T. ) ;
#237 = DIRECTION ( 'NONE',  ( 0.000000000000000000, 0.000000000000000000, -1.000000000000000000 ) ) ;
#238 = CARTESIAN_POINT ( 'NONE',  ( -16.18449000709804153, -2.420224362160639853, -15.47479939305613250 ) ) ;
#239 = LINE ( 'NONE', #121, #2478 ) ;
#240 = EDGE_CURVE ( 'NONE', #2348, #3555, #4384, .T. ) ;
#241 = LINE ( 'NONE', #1924, #5130 ) ;
#242 = EDGE_LOOP ( 'NONE', ( #4570, #2833, #1630, #4561 ) ) ;
#243 = ORIENTED_EDGE ( 'NONE', *, *, #4009, .F. ) ;
#244 = CARTESIAN_POINT ( 'NONE',  ( 18.27298027571892902, -0.9766393502342392008, 19.09999999999999432 ) ) ;
#245 = ORIENTED_EDGE ( 'NONE', *, *, #3756, .F. ) ;
#246 = DIRECTION ( 'NONE',  ( -0.000000000000000000, 1.000000000000000000, -0.000000000000000000 ) ) ;
#247 = ORIENTED_EDGE ( 'NONE', *, *, #4834, .T. ) ;
#248 = AXIS2_PLACEMENT_3D ( 'NONE', #1167, #1501, #340 ) ;
#249 = ORIENTED_EDGE ( 'NONE', *, *, #1217, .T. ) ;
#250 = CARTESIAN_POINT ( 'NONE',  ( 4.500000000000000888, 0.000000000000000000, 18.77586025187433094 ) ) ;
#251 = CARTESIAN_POINT ( 'NONE',  ( 16.00000000000000000, -1.318477165402296203, -19.09999999999999787 ) ) ;
#252 = ORIENTED_EDGE ( 'NONE', *, *, #358, .F. ) ;
#253 = DIRECTION ( 'NONE',  ( 1.000000000000000000, -0.000000000000000000, 2.168404344971008868E-16 ) ) ;
#254 = VECTOR ( 'NONE', #4622, 1000.000000000000000 ) ;
#255 = CARTESIAN_POINT ( 'NONE',  ( 16.00000000000000355, 0.000000000000000000, -20.96442984884771832 ) ) ;
#256 = DIRECTION ( 'NONE',  ( 1.000000000000000000, 0.000000000000000000, 0.000000000000000000 ) ) ;
#257 = DIRECTION ( 'NONE',  ( 0.000000000000000000, -0.000000000000000000, 1.000000000000000000 ) ) ;
#258 = EDGE_CURVE ( 'NONE', #3555, #4713, #2777, .T. ) ;
#259 = CARTESIAN_POINT ( 'NONE',  ( -17.64999999999964686, -1.760630054841627379, 17.00000000000011369 ) ) ;
#260 = ORIENTED_EDGE ( 'NONE', *, *, #2336, .F. ) ;
#261 = CARTESIAN_POINT ( 'NONE',  ( 0.000000000000000000, -0.9057063555672495436, -21.16682382297187104 ) ) ;
#262 = ADVANCED_FACE ( 'NONE', ( #3972 ), #3609, .F. ) ;
#263 = CARTESIAN_POINT ( 'NONE',  ( 5.799999999999999822, -2.761276782429343601, 18.81913644042592892 ) ) ;
#264 = CARTESIAN_POINT ( 'NONE',  ( 5.000000000000004441, -2.461276782429340670, -18.77586025187432384 ) ) ;
#265 = CARTESIAN_POINT ( 'NONE',  ( -16.25306072083161979, -2.519137458356897508, -15.65904594057383115 ) ) ;
#266 = AXIS2_PLACEMENT_3D ( 'NONE', #4703, #2619, #2119 ) ;
#267 = DIRECTION ( 'NONE',  ( 0.000000000000000000, 0.000000000000000000, 1.000000000000000000 ) ) ;
#268 = B_SPLINE_CURVE_WITH_KNOTS ( 'NONE', 3,
 ( #506, #2302, #4418, #3514 ),
 .UNSPECIFIED., .F., .F.,
 ( 4, 4 ),
 ( 0.000000000000000000, 0.0002261942365849318852 ),
 .UNSPECIFIED. ) ;
#269 = ADVANCED_FACE ( 'NONE', ( #448 ), #624, .T. ) ;
#270 = DIRECTION ( 'NONE',  ( -1.084202172485504434E-16, 0.000000000000000000, -1.000000000000000000 ) ) ;
#271 = ORIENTED_EDGE ( 'NONE', *, *, #3878, .T. ) ;
#272 = CARTESIAN_POINT ( 'NONE',  ( -17.93668362669944827, -2.237349966385774103, -16.19798089954055698 ) ) ;
#273 = ORIENTED_EDGE ( 'NONE', *, *, #1981, .T. ) ;
#274 = CARTESIAN_POINT ( 'NONE',  ( -17.36694975814085495, -2.761276782429341381, 17.98344723064404249 ) ) ;
#275 = CIRCLE ( 'NONE', #1761, 0.3000000000000016542 ) ;
#276 = ORIENTED_EDGE ( 'NONE', *, *, #5519, .F. ) ;
#277 = ORIENTED_EDGE ( 'NONE', *, *, #597, .F. ) ;
#278 = DIRECTION ( 'NONE',  ( -0.000000000000000000, 1.000000000000000000, -0.000000000000000000 ) ) ;
#279 = CARTESIAN_POINT ( 'NONE',  ( -16.18667063810959661, -2.637089349345663525, 15.53698098802697025 ) ) ;
#280 = ORIENTED_EDGE ( 'NONE', *, *, #3896, .T. ) ;
#281 = LINE ( 'NONE', #803, #4742 ) ;
#282 = EDGE_CURVE ( 'NONE', #1053, #5237, #1297, .T. ) ;
#283 = CARTESIAN_POINT ( 'NONE',  ( -15.80000000000000071, -7.000000000000000000, -16.99999999999988987 ) ) ;
#284 = CARTESIAN_POINT ( 'NONE',  ( -16.17586025187432952, -2.674574700801710225, 18.52735929366980017 ) ) ;
#285 = AXIS2_PLACEMENT_3D ( 'NONE', #4462, #1043, #578 ) ;
#286 = CARTESIAN_POINT ( 'NONE',  ( -16.43914126488116878, -2.261276782429340493, 15.81088333477098296 ) ) ;
#287 = DIRECTION ( 'NONE',  ( -1.000000000000000000, 0.000000000000000000, 1.759699861102128667E-17 ) ) ;
#288 = ORIENTED_EDGE ( 'NONE', *, *, #2253, .T. ) ;
#289 = LINE ( 'NONE', #761, #4658 ) ;
#290 = AXIS2_PLACEMENT_3D ( 'NONE', #2267, #1016, #964 ) ;
#291 = AXIS2_PLACEMENT_3D ( 'NONE', #1900, #2205, #214 ) ;
#292 = CARTESIAN_POINT ( 'NONE',  ( -16.00000000000000355, 0.000000000000000000, -19.27586025187433094 ) ) ;
#293 = VECTOR ( 'NONE', #3919, 1000.000000000000000 ) ;
#294 = CARTESIAN_POINT ( 'NONE',  ( -17.89570055624925971, -2.300499980601484751, 0.7892572261911973142 ) ) ;
#295 = DIRECTION ( 'NONE',  ( 0.000000000000000000, 1.000000000000000000, 0.000000000000000000 ) ) ;
#296 = EDGE_CURVE ( 'NONE', #1044, #3266, #3863, .T. ) ;
#297 = CIRCLE ( 'NONE', #5368, 2.475374249843089736 ) ;
#298 = CARTESIAN_POINT ( 'NONE',  ( -17.16836100029533796, -3.421243321536723059, -16.86467623130381810 ) ) ;
#299 = AXIS2_PLACEMENT_3D ( 'NONE', #900, #2617, #3492 ) ;
#300 = CARTESIAN_POINT ( 'NONE',  ( 16.00000000000000711, 1.000000000000000000, 23.10000000000000497 ) ) ;
#301 = ORIENTED_EDGE ( 'NONE', *, *, #2852, .F. ) ;
#302 = ADVANCED_FACE ( 'NONE', ( #1219 ), #105, .T. ) ;
#303 = LINE ( 'NONE', #3352, #2562 ) ;
#304 = VERTEX_POINT ( 'NONE', #4691 ) ;
#305 = CARTESIAN_POINT ( 'NONE',  ( 0.000000000000000000, -1.260317096475860321, -21.57537424984308672 ) ) ;
#306 = CARTESIAN_POINT ( 'NONE',  ( -17.86442984884771334, -0.6220286093256309767, -19.09999999999999787 ) ) ;
#307 = ORIENTED_EDGE ( 'NONE', *, *, #1639, .T. ) ;
#308 = DIRECTION ( 'NONE',  ( -0.000000000000000000, 1.000000000000000000, -0.000000000000000000 ) ) ;
#309 = ORIENTED_EDGE ( 'NONE', *, *, #3462, .F. ) ;
#310 = DIRECTION ( 'NONE',  ( 0.000000000000000000, 0.000000000000000000, -1.000000000000000000 ) ) ;
#311 = DIRECTION ( 'NONE',  ( 0.000000000000000000, 0.000000000000000000, 1.000000000000000000 ) ) ;
#312 = EDGE_CURVE ( 'NONE', #1543, #3169, #2104, .T. ) ;
#313 = DIRECTION ( 'NONE',  ( -1.000000000000000000, 0.000000000000000000, 0.000000000000000000 ) ) ;
#314 = CARTESIAN_POINT ( 'NONE',  ( -16.47586025187432668, -2.761276782429340493, -15.27787546329054535 ) ) ;
#315 = DIRECTION ( 'NONE',  ( 1.000000000000000000, 0.000000000000000000, 0.000000000000000000 ) ) ;
#316 = ORIENTED_EDGE ( 'NONE', *, *, #2905, .F. ) ;
#317 = CARTESIAN_POINT ( 'NONE',  ( -16.25306072083168729, -2.519137458356885517, 1.340954059426116896 ) ) ;
#318 = CIRCLE ( 'NONE', #229, 0.2999999999999981570 ) ;
#319 = CARTESIAN_POINT ( 'NONE',  ( -15.99999999999999645, 1.000000000000000000, 19.10000000000000497 ) ) ;
#320 = CARTESIAN_POINT ( 'NONE',  ( -17.48062216692525084, -2.682871376733770852, -16.18380832010404546 ) ) ;
#321 = ADVANCED_FACE ( 'NONE', ( #1628 ), #3338, .T. ) ;
#322 = PLANE ( 'NONE',  #4357 ) ;
#323 = ORIENTED_EDGE ( 'NONE', *, *, #53, .F. ) ;
#324 = DIRECTION ( 'NONE',  ( 0.000000000000000000, 0.000000000000000000, 1.000000000000000000 ) ) ;
#325 = ORIENTED_EDGE ( 'NONE', *, *, #602, .F. ) ;
#326 = DIRECTION ( 'NONE',  ( -0.000000000000000000, -0.000000000000000000, -1.000000000000000000 ) ) ;
#327 = FACE_OUTER_BOUND ( 'NONE', #4759, .T. ) ;
#328 = EDGE_CURVE ( 'NONE', #4527, #1238, #3310, .T. ) ;
#329 = EDGE_LOOP ( 'NONE', ( #154, #2881, #4376, #2070 ) ) ;
#330 = ADVANCED_FACE ( 'NONE', ( #2498 ), #1357, .T. ) ;
#331 = LINE ( 'NONE', #4244, #1785 ) ;
#332 = CIRCLE ( 'NONE', #3635, 0.3000000000000016542 ) ;
#333 = EDGE_LOOP ( 'NONE', ( #3813, #2387, #33, #1668 ) ) ;
#334 = CARTESIAN_POINT ( 'NONE',  ( -16.20779129528796147, -2.596317454525741919, -1.415668929445790036 ) ) ;
#335 = EDGE_CURVE ( 'NONE', #4241, #1160, #3114, .T. ) ;
#336 = DIRECTION ( 'NONE',  ( 1.860862157993160374E-15, 0.000000000000000000, -1.000000000000000000 ) ) ;
#337 = DIRECTION ( 'NONE',  ( 0.000000000000000000, 0.000000000000000000, 1.000000000000000000 ) ) ;
#338 = VECTOR ( 'NONE', #815, 1000.000000000000000 ) ;
#339 = CARTESIAN_POINT ( 'NONE',  ( -17.68537097729297614, -2.624592728049848667, 1.128485578551573276 ) ) ;
#340 = DIRECTION ( 'NONE',  ( 0.000000000000000000, 0.000000000000000000, 1.000000000000000000 ) ) ;
#341 = ORIENTED_EDGE ( 'NONE', *, *, #4371, .T. ) ;
#342 = CYLINDRICAL_SURFACE ( 'NONE', #1433, 0.5000000000000004441 ) ;
#343 = CIRCLE ( 'NONE', #518, 1.349999999999996980 ) ;
#344 = CARTESIAN_POINT ( 'NONE',  ( 16.00000000000000355, -0.6220286093256309767, -20.96442984884771832 ) ) ;
#345 = CARTESIAN_POINT ( 'NONE',  ( -16.91202532835215067, -2.263131894695636248, -17.76903393985170609 ) ) ;
#346 = EDGE_CURVE ( 'NONE', #3439, #2450, #4772, .T. ) ;
#347 = LINE ( 'NONE', #2455, #3094 ) ;
#348 = ORIENTED_EDGE ( 'NONE', *, *, #5353, .T. ) ;
#349 = ORIENTED_EDGE ( 'NONE', *, *, #4046, .T. ) ;
#350 = AXIS2_PLACEMENT_3D ( 'NONE', #4068, #5346, #5239 ) ;
#351 = CARTESIAN_POINT ( 'NONE',  ( 5.000060956746284369, -2.761276782429340493, -18.82806816572862374 ) ) ;
#352 = ORIENTED_EDGE ( 'NONE', *, *, #1643, .T. ) ;
#353 = CARTESIAN_POINT ( 'NONE',  ( -17.48062216692513715, -2.682871376733817925, 16.18380832010477022 ) ) ;
#355 = ORIENTED_EDGE ( 'NONE', *, *, #4542, .T. ) ;
#354 = DIRECTION ( 'NONE',  ( 0.000000000000000000, 0.000000000000000000, 1.000000000000000000 ) ) ;
#356 = ORIENTED_EDGE ( 'NONE', *, *, #2908, .F. ) ;
#357 = DIRECTION ( 'NONE',  ( 0.000000000000000000, 0.000000000000000000, 1.000000000000000000 ) ) ;
#358 = EDGE_CURVE ( 'NONE', #1193, #4206, #1176, .T. ) ;
#359 = ORIENTED_EDGE ( 'NONE', *, *, #2271, .T. ) ;
#360 = LINE ( 'NONE', #4531, #3576 ) ;
#361 = TOROIDAL_SURFACE ( 'NONE', #4557, 2.164429848847709614, 0.2999999999999983791 ) ;
#362 = FACE_OUTER_BOUND ( 'NONE', #4850, .T. ) ;
#363 = CARTESIAN_POINT ( 'NONE',  ( -16.17586025187432597, -2.441904586412964928, 18.62953024494373366 ) ) ;
#364 = EDGE_CURVE ( 'NONE', #791, #3618, #111, .T. ) ;
#365 = CARTESIAN_POINT ( 'NONE',  ( -16.95269420987087727, -2.177256420440826012, 16.29338206613022066 ) ) ;
#366 = ORIENTED_EDGE ( 'NONE', *, *, #3156, .F. ) ;
#367 = CARTESIAN_POINT ( 'NONE',  ( -16.40215748671857554, -2.433509384184520563, -18.23283289166093724 ) ) ;
#368 = ORIENTED_EDGE ( 'NONE', *, *, #3914, .F. ) ;
#369 = CARTESIAN_POINT ( 'NONE',  ( -16.23359033370486415, -2.377535297380075185, 1.392279498846933139 ) ) ;
#370 = CARTESIAN_POINT ( 'NONE',  ( 18.42702460630235706, -1.481793111022802201, 19.09999999999999787 ) ) ;
#371 = CARTESIAN_POINT ( 'NONE',  ( -16.44282970718990455, -2.745023667718109017, 15.42293753234357467 ) ) ;
#372 = CYLINDRICAL_SURFACE ( 'NONE', #4721, 0.2999999999999981570 ) ;
#373 = CIRCLE ( 'NONE', #817, 0.3000000000000016542 ) ;
#374 = VECTOR ( 'NONE', #596, 1000.000000000000000 ) ;
#375 = DIRECTION ( 'NONE',  ( -3.383204316370511956E-15, 0.3253534195861428335, -0.9455924874720629258 ) ) ;
#376 = ORIENTED_EDGE ( 'NONE', *, *, #3878, .F. ) ;
#377 = CIRCLE ( 'NONE', #3487, 1.350000000000000089 ) ;
#378 = LINE ( 'NONE', #1934, #452 ) ;
#379 = VECTOR ( 'NONE', #5439, 1000.000000000000000 ) ;
#380 = CIRCLE ( 'NONE', #4839, 0.1758602518743268561 ) ;
#381 = FACE_OUTER_BOUND ( 'NONE', #4537, .T. ) ;
#382 = CARTESIAN_POINT ( 'NONE',  ( 5.082719889640032740, -2.638121858381051954, -19.32302963860708545 ) ) ;
#383 = VERTEX_POINT ( 'NONE', #919 ) ;
#384 = VECTOR ( 'NONE', #2182, 1000.000000000000000 ) ;
#385 = VERTEX_POINT ( 'NONE', #5163 ) ;
#386 = AXIS2_PLACEMENT_3D ( 'NONE', #2307, #590, #1913 ) ;
#387 = CARTESIAN_POINT ( 'NONE',  ( 15.99999999999999645, -1.481793111022802201, -21.52702460630235493 ) ) ;
#388 = CIRCLE ( 'NONE', #662, 1.350000000000000533 ) ;
#389 = ORIENTED_EDGE ( 'NONE', *, *, #1741, .F. ) ;
#390 = LINE ( 'NONE', #1136, #1088 ) ;
#391 = LINE ( 'NONE', #3766, #2528 ) ;
#392 = CARTESIAN_POINT ( 'NONE',  ( -17.68537097729297614, -2.624592728049848667, 15.87151442144886460 ) ) ;
#393 = CARTESIAN_POINT ( 'NONE',  ( -16.95252793982354333, -2.367902030709879924, -17.70645562288505204 ) ) ;
#394 = CARTESIAN_POINT ( 'NONE',  ( -17.68091756879050536, -2.631454898383843055, 15.86575273875516423 ) ) ;
#395 = CARTESIAN_POINT ( 'NONE',  ( -16.27687583000903615, -2.483026951957372219, -18.31324664775071298 ) ) ;
#396 = ORIENTED_EDGE ( 'NONE', *, *, #3978, .F. ) ;
#397 = CARTESIAN_POINT ( 'NONE',  ( -16.34466875105971440, -2.384519795513965423, 1.246333860662163451 ) ) ;
#398 = EDGE_CURVE ( 'NONE', #2767, #1490, #3538, .T. ) ;
#399 = AXIS2_PLACEMENT_3D ( 'NONE', #4722, #1659, #844 ) ;
#400 = CARTESIAN_POINT ( 'NONE',  ( -16.93682217975372239, -2.376865701274042841, 0.7293291007240344515 ) ) ;
#401 = CARTESIAN_POINT ( 'NONE',  ( -16.93682217145315150, -2.376865701205813419, 16.27067090499519608 ) ) ;
#402 = CARTESIAN_POINT ( 'NONE',  ( -16.42651365871101632, -2.712846292388427116, -1.510553332450941699 ) ) ;
#403 = EDGE_CURVE ( 'NONE', #4739, #4968, #5440, .T. ) ;
#404 = CARTESIAN_POINT ( 'NONE',  ( -18.47537424984308174, -1.260317096475860321, -19.09999999999999787 ) ) ;
#405 = ORIENTED_EDGE ( 'NONE', *, *, #398, .T. ) ;
#406 = ORIENTED_EDGE ( 'NONE', *, *, #1308, .F. ) ;
#407 = DIRECTION ( 'NONE',  ( -9.082321863752915673E-17, -0.000000000000000000, 1.000000000000000000 ) ) ;
#408 = DIRECTION ( 'NONE',  ( -1.000000000000000000, -0.000000000000000000, -1.084202172485504434E-16 ) ) ;
#409 = ORIENTED_EDGE ( 'NONE', *, *, #2843, .F. ) ;
#410 = CARTESIAN_POINT ( 'NONE',  ( -17.68537097729297258, -2.624592728049848667, -19.09999999999999787 ) ) ;
#411 = ADVANCED_FACE ( 'NONE', ( #5192 ), #5456, .T. ) ;
#412 = ORIENTED_EDGE ( 'NONE', *, *, #5144, .T. ) ;
#413 =( BOUNDED_SURFACE ( )  B_SPLINE_SURFACE ( 3, 2, ( 
 ( #1099, #1416, #2674 ),
 ( #661, #5314, #3212 ),
 ( #688, #2352, #238 ),
 ( #2377, #265, #981 ),
 ( #1947, #5367, #3099 ),
 ( #5287, #4403, #1830 ),
 ( #1859, #3549, #5259 ),
 ( #3128, #4842, #1008 ) ),
 .UNSPECIFIED., .F., .F., .F. ) 
 B_SPLINE_SURFACE_WITH_KNOTS ( ( 4, 2, 2, 4 ),
 ( 3, 3 ),
 ( 0.000000000000000000, 7.043057940912227229E-05, 0.0001408611588182445446, 0.0002817223176364890892 ),
 ( 0.000000000000000000, 1.000000000000000000 ),
 .UNSPECIFIED. ) 
 GEOMETRIC_REPRESENTATION_ITEM ( )  RATIONAL_B_SPLINE_SURFACE ( (
 ( 1.000000000000000000, 0.7630493574722415628, 1.000000000000000000),
 ( 1.000000000000000000, 0.7907442192148329552, 1.000000000000000000),
 ( 1.000000000000000000, 0.8222421583422478975, 1.000000000000000000),
 ( 1.000000000000000000, 0.8819230614695887649, 1.000000000000000000),
 ( 1.000000000000000000, 0.9091139688530560647, 1.000000000000000000),
 ( 1.000000000000000000, 0.9756671857385263991, 1.000000000000000000),
 ( 1.000000000000000000, 1.000481776875512097, 1.000000000000000000),
 ( 1.000000000000000000, 1.000000000000000000, 1.000000000000000000) ) ) 
 REPRESENTATION_ITEM ( '' )  SURFACE ( )  );
#414 = EDGE_LOOP ( 'NONE', ( #5269, #2094, #416, #2600 ) ) ;
#415 = CARTESIAN_POINT ( 'NONE',  ( -17.89570055624935563, -2.300499980601322658, -16.21074277380861872 ) ) ;
#416 = ORIENTED_EDGE ( 'NONE', *, *, #2852, .T. ) ;
#417 = CYLINDRICAL_SURFACE ( 'NONE', #463, 0.3000000000000016542 ) ;
#418 = DIRECTION ( 'NONE',  ( -1.501925087425806872E-16, -0.000000000000000000, -1.000000000000000000 ) ) ;
#419 = LINE ( 'NONE', #2554, #629 ) ;
#420 = CARTESIAN_POINT ( 'NONE',  ( -17.43372062083370011, -2.461276782429340670, 19.10000000000000497 ) ) ;
#421 = CARTESIAN_POINT ( 'NONE',  ( -16.42651365871102342, -2.712846292388428449, 1.510553332451165520 ) ) ;
#422 = ORIENTED_EDGE ( 'NONE', *, *, #2008, .T. ) ;
#423 = CARTESIAN_POINT ( 'NONE',  ( -16.17586025187432597, -2.441904586412965816, 15.37046975505648838 ) ) ;
#424 = VECTOR ( 'NONE', #2759, 1000.000000000000000 ) ;
#425 = DIRECTION ( 'NONE',  ( 0.000000000000000000, 0.8388345215309135350, 0.5443864854016888799 ) ) ;
#426 = ADVANCED_FACE ( 'NONE', ( #2660 ), #1350, .T. ) ;
#427 = CARTESIAN_POINT ( 'NONE',  ( -16.17586025187432597, -2.461276782429339782, 15.27787546329090951 ) ) ;
#429 = EDGE_CURVE ( 'NONE', #1490, #3479, #657, .T. ) ;
#428 = CARTESIAN_POINT ( 'NONE',  ( -16.00000000000000355, -2.761276782429340493, -19.57586025187433165 ) ) ;
#430 = CARTESIAN_POINT ( 'NONE',  ( -17.10121926213782118, -1.863634338260519163, 17.36720740419782061 ) ) ;
#431 = ORIENTED_EDGE ( 'NONE', *, *, #4320, .F. ) ;
#432 = CARTESIAN_POINT ( 'NONE',  ( -17.48062216692514426, -2.682871376733814373, 17.81619167989545360 ) ) ;
#433 = CARTESIAN_POINT ( 'NONE',  ( 1.877765552635376824E-13, 0.5999999999999937605, 0.000000000000000000 ) ) ;
#434 = EDGE_CURVE ( 'NONE', #4193, #726, #555, .T. ) ;
#435 = CARTESIAN_POINT ( 'NONE',  ( 16.00000000000000711, -0.6220286093256309767, 20.96442984884772542 ) ) ;
#436 = VERTEX_POINT ( 'NONE', #2270 ) ;
#437 = CARTESIAN_POINT ( 'NONE',  ( 4.695505343527125675, -2.761442191793489265, -19.55096990378523003 ) ) ;
#438 = AXIS2_PLACEMENT_3D ( 'NONE', #1984, #324, #4523 ) ;
#439 = LINE ( 'NONE', #906, #3758 ) ;
#440 = ORIENTED_EDGE ( 'NONE', *, *, #1034, .T. ) ;
#441 = ORIENTED_EDGE ( 'NONE', *, *, #5220, .T. ) ;
#442 = CARTESIAN_POINT ( 'NONE',  ( -17.15000000000000213, -1.760630054847299286, -16.92575103825916116 ) ) ;
#443 = EDGE_LOOP ( 'NONE', ( #1566, #2091, #2096, #211 ) ) ;
#444 = ORIENTED_EDGE ( 'NONE', *, *, #3485, .F. ) ;
#445 = CARTESIAN_POINT ( 'NONE',  ( -17.03798588938047942, -2.478550394424821945, 0.6744188844265652794 ) ) ;
#446 = CARTESIAN_POINT ( 'NONE',  ( 16.00000000000000355, -0.6220286093256309767, -20.96442984884771832 ) ) ;
#447 = FACE_OUTER_BOUND ( 'NONE', #5126, .T. ) ;
#448 = FACE_OUTER_BOUND ( 'NONE', #5328, .T. ) ;
#449 = CARTESIAN_POINT ( 'NONE',  ( -16.17586025187432242, -2.674574700801792826, -18.52735929366980017 ) ) ;
#450 = EDGE_LOOP ( 'NONE', ( #301, #1394, #3289, #3110 ) ) ;
#451 = CARTESIAN_POINT ( 'NONE',  ( -17.59783774043581417, -2.684519876906178215, 0.8980393390832633882 ) ) ;
#452 = VECTOR ( 'NONE', #4204, 1000.000000000000000 ) ;
#453 = CARTESIAN_POINT ( 'NONE',  ( -16.99451589930857409, -2.497524331345295945, 0.7140707660491921738 ) ) ;
#454 = CARTESIAN_POINT ( 'NONE',  ( -16.17586025187432952, -2.745442934920179656, 15.34925786833247940 ) ) ;
#455 = DIRECTION ( 'NONE',  ( -1.000000000000000000, 0.000000000000000000, 0.000000000000000000 ) ) ;
#456 = DIRECTION ( 'NONE',  ( 1.501925087425806872E-16, 0.000000000000000000, 1.000000000000000000 ) ) ;
#457 = VERTEX_POINT ( 'NONE', #992 ) ;
#458 = CARTESIAN_POINT ( 'NONE',  ( -17.43232950518521918, -2.761276782429341381, -17.88724863930062270 ) ) ;
#459 = CARTESIAN_POINT ( 'NONE',  ( 16.00000000000000711, -2.624592728049849111, 20.78537097729298466 ) ) ;
#460 = CARTESIAN_POINT ( 'NONE',  ( 17.86442984884771690, -0.6220286093256309767, 19.09999999999999787 ) ) ;
#461 = ORIENTED_EDGE ( 'NONE', *, *, #3811, .T. ) ;
#462 = AXIS2_PLACEMENT_3D ( 'NONE', #1535, #4960, #1122 ) ;
#463 = AXIS2_PLACEMENT_3D ( 'NONE', #5135, #3004, #2976 ) ;
#464 = CYLINDRICAL_SURFACE ( 'NONE', #3851, 0.3000000000000016542 ) ;
#465 = ORIENTED_EDGE ( 'NONE', *, *, #3613, .T. ) ;
#466 = EDGE_CURVE ( 'NONE', #4883, #3793, #3495, .T. ) ;
#467 = ORIENTED_EDGE ( 'NONE', *, *, #1918, .F. ) ;
#468 = AXIS2_PLACEMENT_3D ( 'NONE', #2869, #757, #2788 ) ;
#469 = CIRCLE ( 'NONE', #4744, 4.000000000000000000 ) ;
#470 = DIRECTION ( 'NONE',  ( 1.526386739478530336E-15, 0.000000000000000000, -1.000000000000000000 ) ) ;
#471 = CIRCLE ( 'NONE', #2959, 0.1758602518743268561 ) ;
#472 = ORIENTED_EDGE ( 'NONE', *, *, #312, .T. ) ;
#473 = B_SPLINE_CURVE_WITH_KNOTS ( 'NONE', 3,
 ( #3264, #5333, #4980, #1500, #3206, #3660 ),
 .UNSPECIFIED., .F., .F.,
 ( 4, 2, 4 ),
 ( -4.743336451016325030E-06, 0.0003861583939548691590, 0.0007770601243607546489 ),
 .UNSPECIFIED. ) ;
#474 = VERTEX_POINT ( 'NONE', #3985 ) ;
#475 = DIRECTION ( 'NONE',  ( -0.000000000000000000, 1.000000000000000000, -0.000000000000000000 ) ) ;
#476 = AXIS2_PLACEMENT_3D ( 'NONE', #1818, #2607, #4383 ) ;
#477 = ADVANCED_FACE ( 'NONE', ( #1019 ), #159, .T. ) ;
#478 = ORIENTED_EDGE ( 'NONE', *, *, #574, .T. ) ;
#479 = CARTESIAN_POINT ( 'NONE',  ( -17.93668362669922089, -2.237349966386129818, 16.19798089954115383 ) ) ;
#480 = CARTESIAN_POINT ( 'NONE',  ( -18.00256958295461374, -2.135827580961146221, 0.5032101464933461665 ) ) ;
#481 = CARTESIAN_POINT ( 'NONE',  ( -17.14999999999982094, -1.760630054841357595, 0.2749323656209570754 ) ) ;
#482 = ORIENTED_EDGE ( 'NONE', *, *, #2886, .T. ) ;
#483 = DIRECTION ( 'NONE',  ( 1.000000000000000000, 0.000000000000000000, 0.000000000000000000 ) ) ;
#484 = EDGE_CURVE ( 'NONE', #560, #5324, #1532, .T. ) ;
#485 = LINE ( 'NONE', #4750, #5473 ) ;
#486 = CARTESIAN_POINT ( 'NONE',  ( -16.97059815863674004, -2.514001906062056868, 16.23391014367663843 ) ) ;
#487 = DIRECTION ( 'NONE',  ( -1.000000000000000000, 0.000000000000000000, -2.168404344971008868E-16 ) ) ;
#488 = CARTESIAN_POINT ( 'NONE',  ( 15.80000000000000071, -2.761276782429340937, -15.65000000000011582 ) ) ;
#489 = FACE_OUTER_BOUND ( 'NONE', #1727, .T. ) ;
#490 = DIRECTION ( 'NONE',  ( -5.902250101442593284E-17, 0.8388345215309135350, 0.5443864854016887689 ) ) ;
#491 = LINE ( 'NONE', #4345, #2928 ) ;
#492 = VERTEX_POINT ( 'NONE', #3591 ) ;
#493 = CARTESIAN_POINT ( 'NONE',  ( -16.44278606269901033, -2.744937662367513909, 15.42311528724605019 ) ) ;
#494 = ORIENTED_EDGE ( 'NONE', *, *, #5144, .F. ) ;
#495 = AXIS2_PLACEMENT_3D ( 'NONE', #2288, #575, #2798 ) ;
#496 = ORIENTED_EDGE ( 'NONE', *, *, #1041, .T. ) ;
#497 = EDGE_LOOP ( 'NONE', ( #1186, #5073, #4154 ) ) ;
#498 = EDGE_CURVE ( 'NONE', #222, #4877, #202, .T. ) ;
#499 = EDGE_CURVE ( 'NONE', #4871, #864, #1975, .T. ) ;
#500 = ORIENTED_EDGE ( 'NONE', *, *, #282, .T. ) ;
#501 = DIRECTION ( 'NONE',  ( -0.000000000000000000, 1.000000000000000000, -0.000000000000000000 ) ) ;
#502 = ORIENTED_EDGE ( 'NONE', *, *, #1918, .T. ) ;
#503 = DIRECTION ( 'NONE',  ( 0.8270675766993541567, 0.000000000000000000, 0.5621025027276234098 ) ) ;
#504 = CARTESIAN_POINT ( 'NONE',  ( -15.99999999999999289, -1.481793111022802201, 21.52702460630235848 ) ) ;
#505 = ADVANCED_FACE ( 'NONE', ( #3683 ), #699, .T. ) ;
#506 = CARTESIAN_POINT ( 'NONE',  ( -16.42651365871104474, -2.712846292388454206, -15.48944666754871058 ) ) ;
#507 = ORIENTED_EDGE ( 'NONE', *, *, #3217, .F. ) ;
#508 = CARTESIAN_POINT ( 'NONE',  ( -17.43372062083369656, -2.761276782429340493, -18.12848557855159015 ) ) ;
#509 = CARTESIAN_POINT ( 'NONE',  ( -16.92158439726856756, -2.388095029567928407, 0.7515208665768532414 ) ) ;
#510 = CYLINDRICAL_SURFACE ( 'NONE', #1220, 0.3000000000000016542 ) ;
#511 = CARTESIAN_POINT ( 'NONE',  ( -16.45959915732567325, -2.761276782429340049, 1.648813279937005216 ) ) ;
#512 = AXIS2_PLACEMENT_3D ( 'NONE', #49, #4280, #5140 ) ;
#513 = CARTESIAN_POINT ( 'NONE',  ( -17.59783774043582483, -2.684519876906084068, -0.8980393390829252143 ) ) ;
#514 = CARTESIAN_POINT ( 'NONE',  ( -17.59666581547117659, -2.761276782429341825, -18.12848557855159015 ) ) ;
#515 = CARTESIAN_POINT ( 'NONE',  ( -17.43372062083369656, -2.461276782429342003, -1.128485578551357671 ) ) ;
#516 = AXIS2_PLACEMENT_3D ( 'NONE', #1331, #2277, #2251 ) ;
#517 = DIRECTION ( 'NONE',  ( -3.527488843408839146E-17, -0.9455924874720629258, 0.3253534195861428335 ) ) ;
#518 = AXIS2_PLACEMENT_3D ( 'NONE', #1564, #3295, #1228 ) ;
#519 = CARTESIAN_POINT ( 'NONE',  ( 15.99999999999999645, -2.461276782429340670, -19.27586025187432739 ) ) ;
#520 = ORIENTED_EDGE ( 'NONE', *, *, #3422, .T. ) ;
#521 = CARTESIAN_POINT ( 'NONE',  ( -17.34091168500232527, -3.155363335667358271, 17.10449170374905492 ) ) ;
#522 = CARTESIAN_POINT ( 'NONE',  ( -17.10121926213795618, -1.863634338260319989, -0.3672074041977327341 ) ) ;
#523 = ORIENTED_EDGE ( 'NONE', *, *, #4698, .T. ) ;
#524 = CARTESIAN_POINT ( 'NONE',  ( 0.000000000000000000, -0.6220286093256309767, -20.96442984884771477 ) ) ;
#525 = ORIENTED_EDGE ( 'NONE', *, *, #4931, .F. ) ;
#526 = DIRECTION ( 'NONE',  ( 0.000000000000000000, 0.000000000000000000, 1.000000000000000000 ) ) ;
#527 = CARTESIAN_POINT ( 'NONE',  ( 5.001724036847531529, -2.761276782429341381, -18.96278052882967202 ) ) ;
#528 = EDGE_CURVE ( 'NONE', #190, #2694, #1094, .T. ) ;
#529 = FACE_OUTER_BOUND ( 'NONE', #329, .T. ) ;
#530 = ORIENTED_EDGE ( 'NONE', *, *, #4460, .T. ) ;
#531 = CARTESIAN_POINT ( 'NONE',  ( -17.43372062083370722, -2.761276782429340493, -18.07274638585092319 ) ) ;
#532 = CARTESIAN_POINT ( 'NONE',  ( -16.44278606269904230, -2.744937662367530784, -18.57688471275416475 ) ) ;
#533 = ADVANCED_FACE ( 'NONE', ( #1573 ), #3231, .F. ) ;
#534 = CARTESIAN_POINT ( 'NONE',  ( -20.00000000000000355, 1.000000000000000000, -23.09999999999999787 ) ) ;
#535 = B_SPLINE_CURVE_WITH_KNOTS ( 'NONE', 3,
 ( #1669, #2912, #3384, #5127, #5098, #1265 ),
 .UNSPECIFIED., .F., .F.,
 ( 4, 2, 4 ),
 ( -4.529101847664085690E-06, 0.0002885454276274436783, 0.0005816199571025514178 ),
 .UNSPECIFIED. ) ;
#536 = DIRECTION ( 'NONE',  ( 0.000000000000000000, 1.000000000000000000, 0.000000000000000000 ) ) ;
#537 = CARTESIAN_POINT ( 'NONE',  ( -17.93668362669922800, -2.237349966386124489, 17.80201910045906644 ) ) ;
#538 = EDGE_CURVE ( 'NONE', #963, #842, #5021, .T. ) ;
#539 = FACE_OUTER_BOUND ( 'NONE', #829, .T. ) ;
#540 = LINE ( 'NONE', #118, #4932 ) ;
#541 = FACE_OUTER_BOUND ( 'NONE', #3615, .T. ) ;
#542 = CARTESIAN_POINT ( 'NONE',  ( 16.00000000000000000, 0.000000000000000000, -19.09999999999999787 ) ) ;
#543 = DIRECTION ( 'NONE',  ( 1.000000000000000000, 0.000000000000000000, 0.000000000000000000 ) ) ;
#544 = VERTEX_POINT ( 'NONE', #4996 ) ;
#545 = EDGE_CURVE ( 'NONE', #5025, #126, #1989, .T. ) ;
#546 = VECTOR ( 'NONE', #851, 1000.000000000000000 ) ;
#547 = PLANE ( 'NONE',  #1666 ) ;
#548 = CARTESIAN_POINT ( 'NONE',  ( -17.25557228288826295, -2.761276782429341381, -17.91125945132502295 ) ) ;
#549 = ORIENTED_EDGE ( 'NONE', *, *, #53, .T. ) ;
#550 = CARTESIAN_POINT ( 'NONE',  ( -16.25306072083159847, -2.519137458356885961, 18.34095405942608892 ) ) ;
#551 = AXIS2_PLACEMENT_3D ( 'NONE', #1619, #3096, #3413 ) ;
#552 = AXIS2_PLACEMENT_3D ( 'NONE', #3052, #4733, #5210 ) ;
#553 = ORIENTED_EDGE ( 'NONE', *, *, #2960, .F. ) ;
#554 = CARTESIAN_POINT ( 'NONE',  ( -17.14272612737121193, -2.707035054904091798, 0.8482349303298734045 ) ) ;
#555 = LINE ( 'NONE', #3962, #3949 ) ;
#556 = AXIS2_PLACEMENT_3D ( 'NONE', #1346, #2603, #3794 ) ;
#557 = AXIS2_PLACEMENT_3D ( 'NONE', #3148, #4447, #615 ) ;
#558 = VECTOR ( 'NONE', #2819, 1000.000000000000000 ) ;
#559 = CARTESIAN_POINT ( 'NONE',  ( 15.80000000000035598, 0.000000000000000000, 15.64999999999989377 ) ) ;
#560 = VERTEX_POINT ( 'NONE', #4103 ) ;
#561 = LINE ( 'NONE', #3966, #648 ) ;
#562 = EDGE_CURVE ( 'NONE', #2938, #3329, #915, .T. ) ;
#563 = CARTESIAN_POINT ( 'NONE',  ( 15.99999999999999645, -0.6220286093256309767, -20.96442984884771477 ) ) ;
#564 = DIRECTION ( 'NONE',  ( -0.000000000000000000, 1.000000000000000000, -0.000000000000000000 ) ) ;
#565 = CARTESIAN_POINT ( 'NONE',  ( -16.17586025187432952, -2.761276782429340493, 1.722124536709382481 ) ) ;
#566 = DIRECTION ( 'NONE',  ( 0.8388345215309136460, 0.5443864854016888799, 7.618565114970933291E-17 ) ) ;
#567 = ADVANCED_FACE ( 'NONE', ( #4554 ), #3502, .T. ) ;
#568 = ADVANCED_FACE ( 'NONE', ( #2335 ), #3622, .F. ) ;
#569 = EDGE_CURVE ( 'NONE', #5237, #2263, #1611, .T. ) ;
#570 = CARTESIAN_POINT ( 'NONE',  ( 16.00000000000000355, -1.260317096475860321, -21.57537424984309027 ) ) ;
#571 = DIRECTION ( 'NONE',  ( -1.000000000000000000, 0.000000000000000000, 1.501925087425806872E-16 ) ) ;
#572 = CARTESIAN_POINT ( 'NONE',  ( -16.17586025187432242, -2.461276672937103172, -1.690246120939252084 ) ) ;
#573 = CARTESIAN_POINT ( 'NONE',  ( -17.66171820424965233, -2.661038824877607123, -18.00560346514011556 ) ) ;
#574 = EDGE_CURVE ( 'NONE', #4195, #149, #4633, .T. ) ;
#575 = DIRECTION ( 'NONE',  ( -0.000000000000000000, -1.000000000000000000, -0.000000000000000000 ) ) ;
#576 = ORIENTED_EDGE ( 'NONE', *, *, #236, .T. ) ;
#577 = EDGE_CURVE ( 'NONE', #2067, #833, #331, .T. ) ;
#578 = DIRECTION ( 'NONE',  ( 0.000000000000000000, 0.000000000000000000, 1.000000000000000000 ) ) ;
#579 = CARTESIAN_POINT ( 'NONE',  ( 18.47537424984308174, -1.318477165402296203, 19.09999999999999787 ) ) ;
#580 = ORIENTED_EDGE ( 'NONE', *, *, #1441, .F. ) ;
#581 = CARTESIAN_POINT ( 'NONE',  ( -17.14999999999965041, -1.760630054841627379, 16.72506763437934296 ) ) ;
#582 = CIRCLE ( 'NONE', #3700, 1.349999999999996980 ) ;
#583 = ORIENTED_EDGE ( 'NONE', *, *, #4598, .F. ) ;
#584 = DIRECTION ( 'NONE',  ( 0.000000000000000000, 1.000000000000000000, 0.000000000000000000 ) ) ;
#585 = CARTESIAN_POINT ( 'NONE',  ( 4.765437273747814118, -2.761276782429340937, -19.44231672725278059 ) ) ;
#586 = VERTEX_POINT ( 'NONE', #4212 ) ;
#587 = CARTESIAN_POINT ( 'NONE',  ( -17.68537097729297258, -2.624592728049848667, -18.12848557855159015 ) ) ;
#588 = ORIENTED_EDGE ( 'NONE', *, *, #809, .F. ) ;
#589 = CARTESIAN_POINT ( 'NONE',  ( -17.36694975814085495, -2.761276782429340493, 16.01655276935618133 ) ) ;
#590 = DIRECTION ( 'NONE',  ( -0.000000000000000000, 1.000000000000000000, -0.000000000000000000 ) ) ;
#591 = DIRECTION ( 'NONE',  ( 1.759699861102128667E-17, -0.000000000000000000, 1.000000000000000000 ) ) ;
#592 = CARTESIAN_POINT ( 'NONE',  ( -16.17586025187432597, -2.441904586412974698, 1.629530244943827810 ) ) ;
#593 = FACE_OUTER_BOUND ( 'NONE', #2396, .T. ) ;
#594 = CARTESIAN_POINT ( 'NONE',  ( 0.000000000000000000, -0.6220286093256309767, -20.96442984884771477 ) ) ;
#595 = DIRECTION ( 'NONE',  ( -1.759699861102128667E-17, 0.000000000000000000, -1.000000000000000000 ) ) ;
#596 = DIRECTION ( 'NONE',  ( 0.000000000000000000, 1.000000000000000000, 0.000000000000000000 ) ) ;
#597 = EDGE_CURVE ( 'NONE', #2938, #3727, #1647, .T. ) ;
#598 = CARTESIAN_POINT ( 'NONE',  ( -16.95252793982165684, -2.367902030712202066, -16.29354437711197789 ) ) ;
#599 = DIRECTION ( 'NONE',  ( 0.000000000000000000, -0.000000000000000000, 1.000000000000000000 ) ) ;
#600 = ORIENTED_EDGE ( 'NONE', *, *, #2021, .T. ) ;
#601 = VECTOR ( 'NONE', #1742, 1000.000000000000227 ) ;
#602 = EDGE_CURVE ( 'NONE', #771, #1127, #388, .T. ) ;
#603 = ORIENTED_EDGE ( 'NONE', *, *, #3430, .T. ) ;
#604 = CARTESIAN_POINT ( 'NONE',  ( 18.06682382297187672, -0.9057063555672495436, -19.09999999999999787 ) ) ;
#605 = CARTESIAN_POINT ( 'NONE',  ( -17.05310072699635882, -1.965240329655389750, -0.5076922432514359151 ) ) ;
#606 = B_SPLINE_CURVE_WITH_KNOTS ( 'NONE', 3,
 ( #76, #29, #4312, #3859, #2163, #3516 ),
 .UNSPECIFIED., .F., .F.,
 ( 4, 2, 4 ),
 ( -4.529101847677495915E-06, 0.0002885454276273990092, 0.0005816199571024755237 ),
 .UNSPECIFIED. ) ;
#607 = AXIS2_PLACEMENT_3D ( 'NONE', #2671, #4401, #2255 ) ;
#608 = ORIENTED_EDGE ( 'NONE', *, *, #2464, .T. ) ;
#609 = CARTESIAN_POINT ( 'NONE',  ( 5.000053997015295515, -2.761276782429340937, 18.82843118672675331 ) ) ;
#610 = VERTEX_POINT ( 'NONE', #1269 ) ;
#611 = CARTESIAN_POINT ( 'NONE',  ( 4.999999999999999112, 0.000000000000000000, 18.77586025187433094 ) ) ;
#612 = CARTESIAN_POINT ( 'NONE',  ( -16.67586025187432597, -7.000000000000000000, 18.62953024494373366 ) ) ;
#613 = CARTESIAN_POINT ( 'NONE',  ( 15.80000000000035598, 0.000000000000000000, 18.34999999999988773 ) ) ;
#614 = ORIENTED_EDGE ( 'NONE', *, *, #1374, .F. ) ;
#615 = DIRECTION ( 'NONE',  ( 3.721724315986313647E-15, 0.000000000000000000, 1.000000000000000000 ) ) ;
#616 = CARTESIAN_POINT ( 'NONE',  ( -18.16442984884771761, -0.6220286093256309767, -19.09999999999999787 ) ) ;
#617 = AXIS2_PLACEMENT_3D ( 'NONE', #3701, #3298, #5395 ) ;
#618 = CARTESIAN_POINT ( 'NONE',  ( -17.41430376235659239, -2.761276782429340493, 15.98436885093377668 ) ) ;
#619 = FACE_OUTER_BOUND ( 'NONE', #1932, .T. ) ;
#620 = CIRCLE ( 'NONE', #5254, 0.2999999999999981570 ) ;
#621 = CARTESIAN_POINT ( 'NONE',  ( -16.44278606269901033, -2.744937662367513909, 18.57688471275416831 ) ) ;
#622 = ORIENTED_EDGE ( 'NONE', *, *, #5377, .T. ) ;
#623 = CARTESIAN_POINT ( 'NONE',  ( 0.000000000000000000, -2.624592728049849111, -20.78537097729297400 ) ) ;
#624 =( BOUNDED_SURFACE ( )  B_SPLINE_SURFACE ( 3, 2, ( 
 ( #1709, #4543, #714 ),
 ( #5084, #890, #839 ),
 ( #5366, #2402, #3421 ),
 ( #5139, #1977, #3244 ),
 ( #5521, #4117, #480 ),
 ( #26, #3396, #2527 ),
 ( #5113, #4278, #294 ),
 ( #2581, #3007, #2922 ),
 ( #4306, #4251, #4959 ),
 ( #3797, #3665, #1246 ) ),
 .UNSPECIFIED., .F., .F., .F. ) 
 B_SPLINE_SURFACE_WITH_KNOTS ( ( 4, 2, 2, 2, 4 ),
 ( 3, 3 ),
 ( 0.000000000000000000, 0.1649967644548941403, 0.3299935289097882807, 0.4949902933646824210, 0.6599870578195765614 ),
 ( 0.000000000000000000, 1.000000000000000000 ),
 .UNSPECIFIED. ) 
 GEOMETRIC_REPRESENTATION_ITEM ( )  RATIONAL_B_SPLINE_SURFACE ( (
 ( 1.000000000000000000, 0.2838709904772651060, 1.000000000000000000),
 ( 1.000000000000000000, 0.2838492191247880547, 1.000000000000000000),
 ( 1.000000000000000000, 0.2872832617058141413, 1.000000000000000000),
 ( 1.000000000000000000, 0.3001821161216162159, 1.000000000000000000),
 ( 1.000000000000000000, 0.3096340490515313015, 1.000000000000000000),
 ( 1.000000000000000000, 0.3329004083483810272, 1.000000000000000000),
 ( 1.000000000000000000, 0.3466924852752689135, 1.000000000000000000),
 ( 1.000000000000000000, 0.3769759478148533849, 1.000000000000000000),
 ( 1.000000000000000000, 0.3934704490748855421, 1.000000000000000000),
 ( 1.000000000000000000, 0.4106827171458077297, 1.000000000000000000) ) ) 
 REPRESENTATION_ITEM ( '' )  SURFACE ( )  );
#625 = CARTESIAN_POINT ( 'NONE',  ( -16.41373097297559625, -2.354612538280473455, 18.20277450603193969 ) ) ;
#626 = CARTESIAN_POINT ( 'NONE',  ( -15.79999999999964722, -2.761276782429340493, 17.00000000000011369 ) ) ;
#627 = CARTESIAN_POINT ( 'NONE',  ( -16.17586025187432242, -2.441904586412985356, -18.62953024494370524 ) ) ;
#628 = DIRECTION ( 'NONE',  ( 0.000000000000000000, -1.000000000000000000, 0.000000000000000000 ) ) ;
#629 = VECTOR ( 'NONE', #3880, 1000.000000000000000 ) ;
#630 = PLANE ( 'NONE',  #4597 ) ;
#631 = ORIENTED_EDGE ( 'NONE', *, *, #3954, .F. ) ;
#632 = DIRECTION ( 'NONE',  ( -9.082321863752915673E-17, -0.000000000000000000, 1.000000000000000000 ) ) ;
#633 = ORIENTED_EDGE ( 'NONE', *, *, #5085, .T. ) ;
#634 = CARTESIAN_POINT ( 'NONE',  ( -17.33388598017353743, -3.166189107259044455, -0.2254580427372469276 ) ) ;
#635 = VERTEX_POINT ( 'NONE', #3845 ) ;
#636 = CARTESIAN_POINT ( 'NONE',  ( 0.000000000000000000, 0.000000000000000000, -19.27586025187432739 ) ) ;
#637 = EDGE_CURVE ( 'NONE', #4206, #1372, #2013, .T. ) ;
#638 = VERTEX_POINT ( 'NONE', #5513 ) ;
#639 = CARTESIAN_POINT ( 'NONE',  ( -16.17586025187432597, 0.000000000000000000, 1.629530244943826256 ) ) ;
#640 = CARTESIAN_POINT ( 'NONE',  ( -16.43914126488116878, -2.261276782429340493, 15.81088333477098296 ) ) ;
#641 = EDGE_LOOP ( 'NONE', ( #3191, #721, #724, #5351, #4736 ) ) ;
#642 = CARTESIAN_POINT ( 'NONE',  ( -15.99999999999999289, -0.9057063555672495436, 21.16682382297187459 ) ) ;
#643 = ORIENTED_EDGE ( 'NONE', *, *, #711, .T. ) ;
#644 = DIRECTION ( 'NONE',  ( 8.659560562354957510E-17, 0.7071067811865456854, -0.7071067811865493491 ) ) ;
#645 = CIRCLE ( 'NONE', #730, 0.3000000000000016542 ) ;
#646 = EDGE_CURVE ( 'NONE', #3911, #1318, #800, .T. ) ;
#647 = FACE_OUTER_BOUND ( 'NONE', #218, .T. ) ;
#648 = VECTOR ( 'NONE', #1822, 1000.000000000000000 ) ;
#649 = DIRECTION ( 'NONE',  ( -1.000000000000000000, -0.000000000000000000, -1.084202172485504434E-16 ) ) ;
#650 = CIRCLE ( 'NONE', #2331, 0.2999999999999981570 ) ;
#651 = CIRCLE ( 'NONE', #2421, 1.349999999999996980 ) ;
#652 = CARTESIAN_POINT ( 'NONE',  ( -16.17586025187432597, -2.715816708657787792, -15.41486240635574312 ) ) ;
#653 = EDGE_CURVE ( 'NONE', #2791, #5317, #1788, .T. ) ;
#654 = CARTESIAN_POINT ( 'NONE',  ( -18.06941726076527743, -2.032823297542202035, 1.108161866824613597E-13 ) ) ;
#655 = ORIENTED_EDGE ( 'NONE', *, *, #2564, .F. ) ;
#656 = CARTESIAN_POINT ( 'NONE',  ( 17.68537097729297969, -2.624592728049848667, 19.09999999999999787 ) ) ;
#657 = CIRCLE ( 'NONE', #4936, 2.427024606302355281 ) ;
#658 = DIRECTION ( 'NONE',  ( -9.082321863752915673E-17, 0.000000000000000000, 1.000000000000000000 ) ) ;
#659 = CIRCLE ( 'NONE', #399, 2.475374249843082630 ) ;
#660 = CARTESIAN_POINT ( 'NONE',  ( -15.99999999999999289, -1.260317096475860321, 21.27537424984308601 ) ) ;
#661 = CARTESIAN_POINT ( 'NONE',  ( -16.41434023305468060, -2.688838202686117729, -15.53907037667177704 ) ) ;
#662 = AXIS2_PLACEMENT_3D ( 'NONE', #832, #3304, #2467 ) ;
#663 = FACE_OUTER_BOUND ( 'NONE', #913, .T. ) ;
#664 =( BOUNDED_SURFACE ( )  B_SPLINE_SURFACE ( 3, 2, ( 
 ( #4582, #1522, #2889 ),
 ( #5026, #1187, #4607 ),
 ( #2039, #334, #3763 ),
 ( #1992, #778, #5463 ),
 ( #1577, #3335, #4947 ),
 ( #1965, #1113, #2810 ),
 ( #701, #727, #3281 ),
 ( #3685, #2416, #2391 ) ),
 .UNSPECIFIED., .F., .F., .F. ) 
 B_SPLINE_SURFACE_WITH_KNOTS ( ( 4, 2, 2, 4 ),
 ( 3, 3 ),
 ( 0.000000000000000000, 7.043057940911620076E-05, 0.0001408611588182324015, 0.0002817223176364648030 ),
 ( 0.000000000000000000, 1.000000000000000000 ),
 .UNSPECIFIED. ) 
 GEOMETRIC_REPRESENTATION_ITEM ( )  RATIONAL_B_SPLINE_SURFACE ( (
 ( 1.000000000000000000, 0.7630493574722726491, 1.000000000000000000),
 ( 1.000000000000000000, 0.7907442192148926852, 1.000000000000000000),
 ( 1.000000000000000000, 0.8222421583422357960, 1.000000000000000000),
 ( 1.000000000000000000, 0.8819230614696443871, 1.000000000000000000),
 ( 1.000000000000000000, 0.9091139688530391894, 1.000000000000000000),
 ( 1.000000000000000000, 0.9756671857385975644, 1.000000000000000000),
 ( 1.000000000000000000, 1.000481776875461470, 1.000000000000000000),
 ( 1.000000000000000000, 1.000000000000000000, 1.000000000000000000) ) ) 
 REPRESENTATION_ITEM ( '' )  SURFACE ( )  );
#665 = CARTESIAN_POINT ( 'NONE',  ( -16.17586025187432242, -2.441904586412985356, -15.37046975505607449 ) ) ;
#666 = ORIENTED_EDGE ( 'NONE', *, *, #734, .T. ) ;
#667 = DIRECTION ( 'NONE',  ( 0.000000000000000000, 1.000000000000000000, 0.000000000000000000 ) ) ;
#668 = ORIENTED_EDGE ( 'NONE', *, *, #2151, .F. ) ;
#669 = DIRECTION ( 'NONE',  ( -1.000000000000000000, -0.000000000000000000, -1.084202172485504434E-16 ) ) ;
#670 = EDGE_LOOP ( 'NONE', ( #494, #4659, #3733, #129 ) ) ;
#671 = CIRCLE ( 'NONE', #926, 1.850000000000000977 ) ;
#672 = EDGE_LOOP ( 'NONE', ( #4138, #2494, #4407, #3844 ) ) ;
#673 = CARTESIAN_POINT ( 'NONE',  ( 4.764918825108303224, -2.761276782429340493, 19.44246478316824778 ) ) ;
#674 = DIRECTION ( 'NONE',  ( 1.310874163206655416E-16, 0.000000000000000000, -1.000000000000000000 ) ) ;
#675 = ADVANCED_FACE ( 'NONE', ( #2885 ), #4796, .T. ) ;
#676 = ADVANCED_FACE ( 'NONE', ( #4686 ), #857, .F. ) ;
#677 = ORIENTED_EDGE ( 'NONE', *, *, #1954, .T. ) ;
#678 = CARTESIAN_POINT ( 'NONE',  ( -17.43232950518521918, -2.761276782429341381, -16.11275136069915703 ) ) ;
#679 = CARTESIAN_POINT ( 'NONE',  ( -16.42651365871104829, -2.712846292388455982, -18.51055333245107448 ) ) ;
#680 = CARTESIAN_POINT ( 'NONE',  ( -16.17586025187432597, -2.441904586412964040, 18.62953024494373366 ) ) ;
#681 = EDGE_CURVE ( 'NONE', #3169, #5116, #1881, .T. ) ;
#682 = CARTESIAN_POINT ( 'NONE',  ( -16.41373097297622508, -2.354612538280696832, 15.79722549396862519 ) ) ;
#683 = DIRECTION ( 'NONE',  ( -3.577867169202174099E-15, -0.000000000000000000, -1.000000000000000000 ) ) ;
#684 = ORIENTED_EDGE ( 'NONE', *, *, #1000, .F. ) ;
#685 = CARTESIAN_POINT ( 'NONE',  ( -18.06941726076545862, -2.032823297541921814, -17.41199321483447449 ) ) ;
#686 = LINE ( 'NONE', #292, #4036 ) ;
#687 = FACE_OUTER_BOUND ( 'NONE', #2457, .T. ) ;
#688 = CARTESIAN_POINT ( 'NONE',  ( -16.40687602906890774, -2.658645796401038375, -15.58195151558101088 ) ) ;
#689 = DIRECTION ( 'NONE',  ( -9.082321863752915673E-17, -0.000000000000000000, 1.000000000000000000 ) ) ;
#690 = CARTESIAN_POINT ( 'NONE',  ( 15.80000000000017835, -2.761276782429340937, -1.110223024625156540E-13 ) ) ;
#691 = VERTEX_POINT ( 'NONE', #42 ) ;
#692 = ORIENTED_EDGE ( 'NONE', *, *, #3156, .T. ) ;
#693 = DIRECTION ( 'NONE',  ( 0.000000000000000000, 0.8388345215309135350, -0.5443864854016887689 ) ) ;
#694 = EDGE_LOOP ( 'NONE', ( #2984, #1672, #1166, #440, #2713 ) ) ;
#695 = LINE ( 'NONE', #2385, #1342 ) ;
#696 = ORIENTED_EDGE ( 'NONE', *, *, #562, .F. ) ;
#697 = ORIENTED_EDGE ( 'NONE', *, *, #845, .F. ) ;
#698 = CARTESIAN_POINT ( 'NONE',  ( 0.000000000000000000, -2.761276782429340493, -19.57586025187432810 ) ) ;
#699 = CYLINDRICAL_SURFACE ( 'NONE', #2595, 0.5000000000000004441 ) ;
#700 = VERTEX_POINT ( 'NONE', #4297 ) ;
#701 = CARTESIAN_POINT ( 'NONE',  ( -16.36815602830970917, -2.295410210119551486, -1.227270696046135257 ) ) ;
#702 = AXIS2_PLACEMENT_3D ( 'NONE', #3157, #1800, #3522 ) ;
#703 = CARTESIAN_POINT ( 'NONE',  ( 0.000000000000000000, -1.318477165402296203, -21.27537424984308245 ) ) ;
#704 = EDGE_CURVE ( 'NONE', #1127, #2635, #4497, .T. ) ;
#705 = DIRECTION ( 'NONE',  ( 0.000000000000000000, 0.000000000000000000, 1.000000000000000000 ) ) ;
#706 = DIRECTION ( 'NONE',  ( -0.000000000000000000, -1.000000000000000000, -0.000000000000000000 ) ) ;
#707 = LINE ( 'NONE', #1192, #3721 ) ;
#708 = EDGE_LOOP ( 'NONE', ( #4606, #1020, #1597, #359 ) ) ;
#709 = CARTESIAN_POINT ( 'NONE',  ( -16.18449000709803798, -2.420224362160622089, 1.525200606943795112 ) ) ;
#710 = VECTOR ( 'NONE', #2172, 1000.000000000000000 ) ;
#711 = EDGE_CURVE ( 'NONE', #5309, #3197, #2980, .T. ) ;
#712 = B_SPLINE_CURVE_WITH_KNOTS ( 'NONE', 3,
 ( #5364, #1533, #3694, #5390, #1562, #3268 ),
 .UNSPECIFIED., .F., .F.,
 ( 4, 2, 4 ),
 ( -4.778349806783016838E-06, 0.0003867463129946046674, 0.0007782709757959923626 ),
 .UNSPECIFIED. ) ;
#713 = DIRECTION ( 'NONE',  ( 1.401584811740508494E-15, 0.000000000000000000, -1.000000000000000000 ) ) ;
#714 = CARTESIAN_POINT ( 'NONE',  ( -18.06941726076527743, -2.032823297542202035, 1.108161866824613597E-13 ) ) ;
#715 = CARTESIAN_POINT ( 'NONE',  ( 16.00000000000000355, 0.000000000000000000, 19.10000000000000142 ) ) ;
#716 = VECTOR ( 'NONE', #4965, 1000.000000000000000 ) ;
#717 = CARTESIAN_POINT ( 'NONE',  ( 18.17537424984308458, -1.318477165402296203, 19.09999999999999787 ) ) ;
#718 = CARTESIAN_POINT ( 'NONE',  ( -17.43232950518516233, -2.761276782429341381, -0.8872486393003685690 ) ) ;
#719 = ORIENTED_EDGE ( 'NONE', *, *, #312, .F. ) ;
#720 = CYLINDRICAL_SURFACE ( 'NONE', #617, 0.2999999999999981570 ) ;
#721 = ORIENTED_EDGE ( 'NONE', *, *, #3118, .T. ) ;
#722 = DIRECTION ( 'NONE',  ( 0.000000000000000000, 1.000000000000000000, 0.000000000000000000 ) ) ;
#723 = VERTEX_POINT ( 'NONE', #255 ) ;
#724 = ORIENTED_EDGE ( 'NONE', *, *, #4931, .T. ) ;
#725 = CARTESIAN_POINT ( 'NONE',  ( -16.30497970287511933, -2.330169852937328034, 15.71689435946286117 ) ) ;
#726 = VERTEX_POINT ( 'NONE', #1993 ) ;
#727 = CARTESIAN_POINT ( 'NONE',  ( -16.39190915955571626, -2.321167180378064465, -1.214503564128616153 ) ) ;
#728 = LINE ( 'NONE', #2444, #3423 ) ;
#729 = DIRECTION ( 'NONE',  ( 0.000000000000000000, 0.000000000000000000, -1.000000000000000000 ) ) ;
#730 = AXIS2_PLACEMENT_3D ( 'NONE', #12, #4707, #1750 ) ;
#731 = CARTESIAN_POINT ( 'NONE',  ( -16.45959915732572298, -2.761276782429340493, -15.35118672006289486 ) ) ;
#732 = ORIENTED_EDGE ( 'NONE', *, *, #1322, .F. ) ;
#734 = EDGE_CURVE ( 'NONE', #1488, #4983, #1978, .T. ) ;
#733 = CARTESIAN_POINT ( 'NONE',  ( 0.000000000000000000, -2.461276782429340670, -19.57586025187432810 ) ) ;
#735 = ORIENTED_EDGE ( 'NONE', *, *, #4567, .F. ) ;
#736 = DIRECTION ( 'NONE',  ( 0.000000000000000000, 0.000000000000000000, 1.000000000000000000 ) ) ;
#737 = CIRCLE ( 'NONE', #5014, 0.4758602518743250132 ) ;
#738 = AXIS2_PLACEMENT_3D ( 'NONE', #4167, #1145, #5061 ) ;
#739 = DIRECTION ( 'NONE',  ( -1.000000000000000000, -0.000000000000000000, -1.084202172485504434E-16 ) ) ;
#740 = AXIS2_PLACEMENT_3D ( 'NONE', #4043, #5325, #1261 ) ;
#741 = ADVANCED_FACE ( 'NONE', ( #647 ), #1882, .T. ) ;
#742 = AXIS2_PLACEMENT_3D ( 'NONE', #1937, #2753, #2722 ) ;
#743 = LINE ( 'NONE', #2429, #3552 ) ;
#744 = EDGE_CURVE ( 'NONE', #5324, #777, #2392, .T. ) ;
#745 = CARTESIAN_POINT ( 'NONE',  ( -16.99451589930865936, -2.497524331345277293, -0.7140707660489559183 ) ) ;
#746 = VERTEX_POINT ( 'NONE', #3596 ) ;
#747 = ADVANCED_FACE ( 'NONE', ( #2836 ), #1057, .F. ) ;
#748 = CARTESIAN_POINT ( 'NONE',  ( -17.48062216692526150, -2.682871376733769075, -16.18380832010404191 ) ) ;
#749 = CARTESIAN_POINT ( 'NONE',  ( 18.27298027571892547, -0.9766393502342392008, 19.09999999999999787 ) ) ;
#750 = DIRECTION ( 'NONE',  ( 1.000000000000000000, 0.000000000000000000, 0.000000000000000000 ) ) ;
#751 = ORIENTED_EDGE ( 'NONE', *, *, #4542, .F. ) ;
#752 = CARTESIAN_POINT ( 'NONE',  ( -15.99999999999999289, -0.9057063555672495436, 21.16682382297187459 ) ) ;
#753 = ORIENTED_EDGE ( 'NONE', *, *, #2440, .F. ) ;
#754 = CARTESIAN_POINT ( 'NONE',  ( -20.00000000000000355, 0.000000000000000000, -19.09999999999999787 ) ) ;
#755 = LINE ( 'NONE', #446, #4857 ) ;
#756 = DIRECTION ( 'NONE',  ( 0.000000000000000000, 0.000000000000000000, 1.000000000000000000 ) ) ;
#757 = DIRECTION ( 'NONE',  ( 0.000000000000000000, 1.000000000000000000, 0.000000000000000000 ) ) ;
#758 = ADVANCED_FACE ( 'NONE', ( #1523 ), #1938, .T. ) ;
#759 = DIRECTION ( 'NONE',  ( 0.000000000000000000, 0.9156105726956792479, 0.4020662621607170584 ) ) ;
#760 = ORIENTED_EDGE ( 'NONE', *, *, #4221, .F. ) ;
#761 = CARTESIAN_POINT ( 'NONE',  ( -15.99999999999999289, -0.9766393502342392008, 21.37298027571892689 ) ) ;
#762 = EDGE_CURVE ( 'NONE', #1521, #1905, #2210, .T. ) ;
#763 = VECTOR ( 'NONE', #418, 1000.000000000000000 ) ;
#764 = CARTESIAN_POINT ( 'NONE',  ( -17.43372062083369656, -2.761276782429340493, -19.09999999999999787 ) ) ;
#765 = DIRECTION ( 'NONE',  ( -1.000000000000000000, 0.000000000000000000, 0.000000000000000000 ) ) ;
#766 = DIRECTION ( 'NONE',  ( -0.000000000000000000, -1.000000000000000000, -0.000000000000000000 ) ) ;
#767 = EDGE_CURVE ( 'NONE', #3331, #2662, #3789, .T. ) ;
#768 = ORIENTED_EDGE ( 'NONE', *, *, #1028, .T. ) ;
#769 = EDGE_CURVE ( 'NONE', #2519, #2767, #2344, .T. ) ;
#770 = DIRECTION ( 'NONE',  ( 0.000000000000000000, -0.9156105726956839108, 0.4020662621607062892 ) ) ;
#771 = VERTEX_POINT ( 'NONE', #1467 ) ;
#772 = CARTESIAN_POINT ( 'NONE',  ( -17.43232950518513036, -2.761276782429340937, 17.88724863930035269 ) ) ;
#773 = EDGE_CURVE ( 'NONE', #1318, #1595, #3658, .T. ) ;
#774 = EDGE_LOOP ( 'NONE', ( #277, #1295, #3839, #4546, #5448, #3089, #2809, #4937 ) ) ;
#775 = CARTESIAN_POINT ( 'NONE',  ( 15.99999999999999645, -2.761276782429340493, -20.53372062083369798 ) ) ;
#776 = CIRCLE ( 'NONE', #1298, 0.3000000000000016542 ) ;
#777 = VERTEX_POINT ( 'NONE', #4052 ) ;
#778 = CARTESIAN_POINT ( 'NONE',  ( -16.25306072083168729, -2.519137458356885073, -1.340954059425895073 ) ) ;
#779 = LINE ( 'NONE', #3364, #1718 ) ;
#780 = CYLINDRICAL_SURFACE ( 'NONE', #3115, 0.7999999999999986011 ) ;
#781 = VECTOR ( 'NONE', #2339, 1000.000000000000000 ) ;
#782 = CARTESIAN_POINT ( 'NONE',  ( -17.14999999999964686, -1.760630054847849069, 16.92575103825953420 ) ) ;
#783 = CARTESIAN_POINT ( 'NONE',  ( 18.47537424984308885, -1.260317096475860321, -19.09999999999999787 ) ) ;
#784 = ORIENTED_EDGE ( 'NONE', *, *, #4673, .F. ) ;
#785 = CARTESIAN_POINT ( 'NONE',  ( -16.21351765055973004, -2.392639167093149499, 1.433141065439495154 ) ) ;
#786 = VECTOR ( 'NONE', #1945, 1000.000000000000000 ) ;
#787 = LINE ( 'NONE', #370, #3512 ) ;
#788 = CARTESIAN_POINT ( 'NONE',  ( -16.17586025187432242, -2.441904586412985356, -18.62953024494370524 ) ) ;
#789 = CARTESIAN_POINT ( 'NONE',  ( -17.05310072699645474, -1.965240329655197682, -17.50769224325166107 ) ) ;
#790 = FACE_OUTER_BOUND ( 'NONE', #450, .T. ) ;
#791 = VERTEX_POINT ( 'NONE', #5356 ) ;
#792 = FACE_OUTER_BOUND ( 'NONE', #5249, .T. ) ;
#793 = DIRECTION ( 'NONE',  ( 0.000000000000000000, 0.000000000000000000, 1.000000000000000000 ) ) ;
#794 = AXIS2_PLACEMENT_3D ( 'NONE', #542, #3578, #2705 ) ;
#795 = EDGE_CURVE ( 'NONE', #5324, #4024, #318, .T. ) ;
#796 = PLANE ( 'NONE',  #1316 ) ;
#797 = ORIENTED_EDGE ( 'NONE', *, *, #1391, .F. ) ;
#798 = CARTESIAN_POINT ( 'NONE',  ( 5.152190654223499422, -3.261260405195697043, -19.28759971351894364 ) ) ;
#799 = ORIENTED_EDGE ( 'NONE', *, *, #1367, .T. ) ;
#800 = LINE ( 'NONE', #775, #3497 ) ;
#801 = EDGE_CURVE ( 'NONE', #5503, #5516, #4019, .T. ) ;
#802 = ORIENTED_EDGE ( 'NONE', *, *, #1773, .T. ) ;
#803 = CARTESIAN_POINT ( 'NONE',  ( -17.43372062083369656, -2.761276782429340493, -19.09999999999999787 ) ) ;
#804 = DIRECTION ( 'NONE',  ( -0.000000000000000000, 1.000000000000000000, -0.000000000000000000 ) ) ;
#805 = FACE_OUTER_BOUND ( 'NONE', #5381, .T. ) ;
#806 = DIRECTION ( 'NONE',  ( 0.000000000000000000, -0.9156105726957598501, 0.4020662621605331499 ) ) ;
#807 = ADVANCED_FACE ( 'NONE', ( #1497 ), #3832, .T. ) ;
#808 = CARTESIAN_POINT ( 'NONE',  ( -16.44278606269903165, -2.744937662367522790, 1.576884712754272222 ) ) ;
#809 = EDGE_CURVE ( 'NONE', #1604, #3475, #728, .T. ) ;
#810 = CARTESIAN_POINT ( 'NONE',  ( -16.17586025187432597, -2.461276782429340670, 19.10000000000000497 ) ) ;
#811 = EDGE_LOOP ( 'NONE', ( #1726, #5264, #2743, #1158 ) ) ;
#812 = CYLINDRICAL_SURFACE ( 'NONE', #4838, 0.4999999999999987232 ) ;
#813 = CARTESIAN_POINT ( 'NONE',  ( -16.91290387186576893, -2.261276782429340493, 0.7641629224098435147 ) ) ;
#814 = EDGE_CURVE ( 'NONE', #1435, #723, #755, .T. ) ;
#815 = DIRECTION ( 'NONE',  ( -0.000000000000000000, 1.000000000000000000, 0.000000000000000000 ) ) ;
#816 = CARTESIAN_POINT ( 'NONE',  ( 15.80000000000000071, -7.000000000000000000, -18.35000000000010800 ) ) ;
#817 = AXIS2_PLACEMENT_3D ( 'NONE', #5484, #2034, #3354 ) ;
#818 = VECTOR ( 'NONE', #4267, 1000.000000000000000 ) ;
#819 = CARTESIAN_POINT ( 'NONE',  ( -16.95252793982281503, -2.367902030710830719, -0.7064556228858303033 ) ) ;
#820 = ORIENTED_EDGE ( 'NONE', *, *, #4731, .T. ) ;
#821 = CIRCLE ( 'NONE', #3940, 0.2999999999999981570 ) ;
#822 = DIRECTION ( 'NONE',  ( 0.000000000000000000, -3.035766082959395376E-14, -1.000000000000000000 ) ) ;
#823 = AXIS2_PLACEMENT_3D ( 'NONE', #4361, #2985, #2611 ) ;
#824 = CONICAL_SURFACE ( 'NONE', #994, 2.272980275718924137, 1.239410868079301009 ) ;
#825 = DIRECTION ( 'NONE',  ( -9.082321863752916905E-17, 0.000000000000000000, 1.000000000000000000 ) ) ;
#826 = ORIENTED_EDGE ( 'NONE', *, *, #3608, .T. ) ;
#827 = CARTESIAN_POINT ( 'NONE',  ( 4.499999972739217924, -2.589018667746884272, -19.30239271742816243 ) ) ;
#828 = EDGE_CURVE ( 'NONE', #5296, #304, #2947, .T. ) ;
#829 = EDGE_LOOP ( 'NONE', ( #5413, #5050, #3307, #2551 ) ) ;
#830 = AXIS2_PLACEMENT_3D ( 'NONE', #2243, #3881, #3563 ) ;
#831 = VERTEX_POINT ( 'NONE', #4583 ) ;
#832 = CARTESIAN_POINT ( 'NONE',  ( -15.80000000000000071, 0.000000000000000000, -16.99999999999988987 ) ) ;
#833 = VERTEX_POINT ( 'NONE', #4219 ) ;
#834 = DIRECTION ( 'NONE',  ( -0.000000000000000000, -1.000000000000000000, -0.000000000000000000 ) ) ;
#835 =( BOUNDED_CURVE ( )  B_SPLINE_CURVE ( 3, ( #2650, #4374, #934, #4323 ),
 .UNSPECIFIED., .F., .F. ) 
 B_SPLINE_CURVE_WITH_KNOTS ( ( 4, 4 ),
 ( 5.681483024433961582, 6.283185307179586232 ),
 .UNSPECIFIED. ) 
 CURVE ( )  GEOMETRIC_REPRESENTATION_ITEM ( )  RATIONAL_B_SPLINE_CURVE ( ( 1.000000000000000000, 0.9700564090925603011, 0.9700564090925603011, 1.000000000000000000 ) ) 
 REPRESENTATION_ITEM ( '' )  );
#836 = DIRECTION ( 'NONE',  ( 1.000000000000000000, -0.000000000000000000, 2.168404344971008868E-16 ) ) ;
#837 = CARTESIAN_POINT ( 'NONE',  ( 5.123484076739396542, -2.667044172823288761, 19.28675372912857355 ) ) ;
#838 = EDGE_CURVE ( 'NONE', #3963, #3870, #40, .T. ) ;
#839 = CARTESIAN_POINT ( 'NONE',  ( -18.06941726076118115, -2.032823297548513874, 0.1017485772003973304 ) ) ;
#840 = CARTESIAN_POINT ( 'NONE',  ( -17.33388598017342019, -3.166189107259234969, 16.77454195726301833 ) ) ;
#841 = CARTESIAN_POINT ( 'NONE',  ( -16.34466875105967176, -2.384519795513956986, -18.24633386066206242 ) ) ;
#842 = VERTEX_POINT ( 'NONE', #2524 ) ;
#843 = CARTESIAN_POINT ( 'NONE',  ( -16.17586025187432597, -2.461276782429339782, 15.30988156573662096 ) ) ;
#844 = DIRECTION ( 'NONE',  ( -1.000000000000000000, 0.000000000000000000, 0.000000000000000000 ) ) ;
#845 = EDGE_CURVE ( 'NONE', #126, #5503, #4773, .T. ) ;
#846 = DIRECTION ( 'NONE',  ( 0.000000000000000000, -1.000000000000000000, 0.000000000000000000 ) ) ;
#847 = AXIS2_PLACEMENT_3D ( 'NONE', #1479, #3190, #4844 ) ;
#848 = CARTESIAN_POINT ( 'NONE',  ( -18.06100422277045325, -2.045786783760647154, 17.20349475888680146 ) ) ;
#849 = ORIENTED_EDGE ( 'NONE', *, *, #3054, .T. ) ;
#850 = CARTESIAN_POINT ( 'NONE',  ( -17.43232950518513036, -2.761276782429340937, 17.88724863930035269 ) ) ;
#851 = DIRECTION ( 'NONE',  ( 0.9455924874720629258, 0.3253534195861428335, -1.663958968863805585E-17 ) ) ;
#852 = EDGE_CURVE ( 'NONE', #1055, #1543, #935, .T. ) ;
#853 = EDGE_LOOP ( 'NONE', ( #3645, #4763, #3060, #4215 ) ) ;
#854 = CARTESIAN_POINT ( 'NONE',  ( 5.114352795475041624, -2.654792130467845457, -19.30307189896725717 ) ) ;
#855 = DIRECTION ( 'NONE',  ( 0.000000000000000000, 1.000000000000000000, 0.000000000000000000 ) ) ;
#856 = EDGE_LOOP ( 'NONE', ( #907, #1953, #1108, #3147 ) ) ;
#857 = PLANE ( 'NONE',  #2343 ) ;
#858 = ORIENTED_EDGE ( 'NONE', *, *, #3657, .T. ) ;
#859 = DIRECTION ( 'NONE',  ( 0.000000000000000000, 0.000000000000000000, 1.000000000000000000 ) ) ;
#860 = DIRECTION ( 'NONE',  ( -0.000000000000000000, 1.000000000000000000, -0.000000000000000000 ) ) ;
#861 = CARTESIAN_POINT ( 'NONE',  ( 5.006761260808812786, -3.019550835915269182, 18.92808781566797194 ) ) ;
#862 = CARTESIAN_POINT ( 'NONE',  ( -15.99999999999999645, 0.000000000000000000, 19.10000000000000497 ) ) ;
#863 = FACE_OUTER_BOUND ( 'NONE', #2318, .T. ) ;
#864 = VERTEX_POINT ( 'NONE', #2496 ) ;
#865 = CARTESIAN_POINT ( 'NONE',  ( -17.86442984884771334, -0.6220286093256309767, -19.09999999999999787 ) ) ;
#866 = EDGE_CURVE ( 'NONE', #3977, #2571, #221, .T. ) ;
#867 = CIRCLE ( 'NONE', #2724, 0.3000000000000009881 ) ;
#868 = CARTESIAN_POINT ( 'NONE',  ( -17.03252458482134912, -2.472777061404294319, 0.6753931363549541267 ) ) ;
#869 = CARTESIAN_POINT ( 'NONE',  ( -16.17586025187432597, -2.461276672937103172, 15.30975387906084428 ) ) ;
#870 = AXIS2_PLACEMENT_3D ( 'NONE', #3776, #5007, #713 ) ;
#871 = CYLINDRICAL_SURFACE ( 'NONE', #3283, 0.3000000000000016542 ) ;
#872 = EDGE_CURVE ( 'NONE', #831, #4024, #4242, .T. ) ;
#873 = CARTESIAN_POINT ( 'NONE',  ( -17.48062216692526150, -2.682871376733769075, -16.18380832010404191 ) ) ;
#874 = ORIENTED_EDGE ( 'NONE', *, *, #2214, .T. ) ;
#875 = CARTESIAN_POINT ( 'NONE',  ( -17.57235157232332767, -2.761276782429272991, -18.04100034068736846 ) ) ;
#876 = DIRECTION ( 'NONE',  ( 0.000000000000000000, 0.000000000000000000, 1.000000000000000000 ) ) ;
#877 = CARTESIAN_POINT ( 'NONE',  ( -15.99999999999999645, -2.761276782429341381, 19.57586025187433521 ) ) ;
#878 = ORIENTED_EDGE ( 'NONE', *, *, #4492, .F. ) ;
#879 = CARTESIAN_POINT ( 'NONE',  ( 5.062659891411641411, -2.632703739364990803, -19.32485264778821588 ) ) ;
#880 = AXIS2_PLACEMENT_3D ( 'NONE', #87, #408, #5096 ) ;
#881 = ORIENTED_EDGE ( 'NONE', *, *, #3455, .F. ) ;
#882 = CARTESIAN_POINT ( 'NONE',  ( -16.41373097297588757, -2.354612538280570266, 1.202774506031873081 ) ) ;
#883 = EDGE_CURVE ( 'NONE', #3707, #3618, #5490, .T. ) ;
#884 = CIRCLE ( 'NONE', #1587, 0.2999999999999981570 ) ;
#885 = VERTEX_POINT ( 'NONE', #4608 ) ;
#886 = DIRECTION ( 'NONE',  ( -0.000000000000000000, 1.000000000000000000, 0.000000000000000000 ) ) ;
#887 = ORIENTED_EDGE ( 'NONE', *, *, #1546, .F. ) ;
#888 = FACE_OUTER_BOUND ( 'NONE', #4941, .T. ) ;
#889 = EDGE_CURVE ( 'NONE', #3066, #3380, #3821, .T. ) ;
#890 = CARTESIAN_POINT ( 'NONE',  ( -17.15000000039921346, -3.449535428294675299, -0.06961243931719936218 ) ) ;
#891 = CARTESIAN_POINT ( 'NONE',  ( -16.39821889530371735, -2.589682679445477476, -18.34244030611063891 ) ) ;
#892 = EDGE_LOOP ( 'NONE', ( #1621, #507, #5049, #1540 ) ) ;
#893 = DIRECTION ( 'NONE',  ( 1.000000000000000000, 0.000000000000000000, 0.000000000000000000 ) ) ;
#894 = VECTOR ( 'NONE', #3687, 1000.000000000000000 ) ;
#895 =( NAMED_UNIT ( * ) PLANE_ANGLE_UNIT ( ) SI_UNIT ( $, .RADIAN. ) );
#896 = CARTESIAN_POINT ( 'NONE',  ( -17.43372062083370011, -2.761276782429340493, -19.09999999999999787 ) ) ;
#897 = DIRECTION ( 'NONE',  ( 0.000000000000000000, 0.000000000000000000, -1.000000000000000000 ) ) ;
#898 = CARTESIAN_POINT ( 'NONE',  ( -17.43372062083370011, -2.761276782429340937, -1.128485578551357671 ) ) ;
#899 = B_SPLINE_CURVE_WITH_KNOTS ( 'NONE', 3,
 ( #4851, #4382, #3930, #2180 ),
 .UNSPECIFIED., .F., .F.,
 ( 4, 4 ),
 ( 3.496446946337351263E-18, 9.467040244105472406E-05 ),
 .UNSPECIFIED. ) ;
#900 = CARTESIAN_POINT ( 'NONE',  ( 16.00000000000000000, -0.9057063555672495436, -19.09999999999999787 ) ) ;
#901 = CYLINDRICAL_SURFACE ( 'NONE', #2417, 0.3000000000000016542 ) ;
#902 = ADVANCED_FACE ( 'NONE', ( #5432 ), #4188, .F. ) ;
#903 = EDGE_CURVE ( 'NONE', #3265, #842, #779, .T. ) ;
#904 = CARTESIAN_POINT ( 'NONE',  ( -16.91290387186581157, -2.261276782429340493, -17.76416292240984873 ) ) ;
#905 = VECTOR ( 'NONE', #38, 1000.000000000000000 ) ;
#906 = CARTESIAN_POINT ( 'NONE',  ( 16.00000000000000711, -1.260317096475860321, 21.57537424984309382 ) ) ;
#907 = ORIENTED_EDGE ( 'NONE', *, *, #3896, .F. ) ;
#908 = ORIENTED_EDGE ( 'NONE', *, *, #4979, .F. ) ;
#909 = AXIS2_PLACEMENT_3D ( 'NONE', #2461, #1544, #5425 ) ;
#910 = ADVANCED_FACE ( 'NONE', ( #362 ), #3394, .T. ) ;
#911 = ORIENTED_EDGE ( 'NONE', *, *, #4714, .T. ) ;
#912 = EDGE_CURVE ( 'NONE', #4821, #1943, #391, .T. ) ;
#913 = EDGE_LOOP ( 'NONE', ( #1076, #4419, #5480, #5420 ) ) ;
#914 = DIRECTION ( 'NONE',  ( 0.000000000000000000, 0.000000000000000000, 1.000000000000000000 ) ) ;
#915 = CIRCLE ( 'NONE', #4223, 4.000000000000000000 ) ;
#916 = VECTOR ( 'NONE', #1468, 1000.000000000000000 ) ;
#917 = ORIENTED_EDGE ( 'NONE', *, *, #3227, .F. ) ;
#918 = DIRECTION ( 'NONE',  ( 0.000000000000000000, 0.000000000000000000, 1.000000000000000000 ) ) ;
#919 = CARTESIAN_POINT ( 'NONE',  ( -16.17586025187432597, -2.461276782429340670, 1.722124536709383813 ) ) ;
#920 = DIRECTION ( 'NONE',  ( 0.000000000000000000, 0.000000000000000000, -1.000000000000000000 ) ) ;
#921 = EDGE_LOOP ( 'NONE', ( #971, #5374, #5429, #3425 ) ) ;
#922 = LINE ( 'NONE', #2136, #4133 ) ;
#923 = ADVANCED_FACE ( 'NONE', ( #1626 ), #2553, .F. ) ;
#924 = DIRECTION ( 'NONE',  ( -9.094662105996549906E-17, 0.5443864854016888799, 0.8388345215309136460 ) ) ;
#925 = DIRECTION ( 'NONE',  ( -9.082321863752915673E-17, -0.000000000000000000, 1.000000000000000000 ) ) ;
#926 = AXIS2_PLACEMENT_3D ( 'NONE', #2666, #4362, #973 ) ;
#927 = CARTESIAN_POINT ( 'NONE',  ( -17.14999999999964686, -1.760630054841627379, 17.00000000000011369 ) ) ;
#928 = B_SPLINE_CURVE_WITH_KNOTS ( 'NONE', 3,
 ( #589, #2274, #3989, #4106 ),
 .UNSPECIFIED., .F., .F.,
 ( 4, 4 ),
 ( 0.000000000000000000, 0.0001656344525718283275 ),
 .UNSPECIFIED. ) ;
#929 = CARTESIAN_POINT ( 'NONE',  ( -17.59783774043578930, -2.684519876906145797, 17.89803933908293843 ) ) ;
#930 = CARTESIAN_POINT ( 'NONE',  ( -16.00000000000000355, 0.000000000000000000, -23.09999999999999787 ) ) ;
#931 = DIRECTION ( 'NONE',  ( 3.357274009900773417E-15, 0.000000000000000000, 1.000000000000000000 ) ) ;
#932 = ORIENTED_EDGE ( 'NONE', *, *, #364, .T. ) ;
#933 = EDGE_CURVE ( 'NONE', #3678, #885, #128, .T. ) ;
#934 = CARTESIAN_POINT ( 'NONE',  ( -17.14999999999964686, -1.760630054841627379, 17.27493236562087731 ) ) ;
#935 = CIRCLE ( 'NONE', #3882, 0.3000000000000016542 ) ;
#936 = ORIENTED_EDGE ( 'NONE', *, *, #484, .F. ) ;
#937 = DIRECTION ( 'NONE',  ( 1.000000000000000000, 0.000000000000000000, 0.000000000000000000 ) ) ;
#938 = CARTESIAN_POINT ( 'NONE',  ( -17.22487302548649524, -3.334165043726635247, 0.2072257464917552083 ) ) ;
#939 = EDGE_LOOP ( 'NONE', ( #583, #3873, #5149, #1985, #3603 ) ) ;
#940 = CARTESIAN_POINT ( 'NONE',  ( -16.43914126488116878, -7.000000000000000000, 15.81088333477098296 ) ) ;
#941 = EDGE_CURVE ( 'NONE', #3757, #2520, #5111, .T. ) ;
#942 = VERTEX_POINT ( 'NONE', #4276 ) ;
#943 = CARTESIAN_POINT ( 'NONE',  ( -15.99999999999999645, -2.461276782429340670, 19.10000000000000497 ) ) ;
#944 = DIRECTION ( 'NONE',  ( 0.000000000000000000, 0.000000000000000000, 1.000000000000000000 ) ) ;
#945 = DIRECTION ( 'NONE',  ( 1.000000000000000000, 0.000000000000000000, 0.000000000000000000 ) ) ;
#946 = ORIENTED_EDGE ( 'NONE', *, *, #5011, .F. ) ;
#947 = CARTESIAN_POINT ( 'NONE',  ( 15.80000000000017835, 0.000000000000000000, -1.350000000000113332 ) ) ;
#948 = CARTESIAN_POINT ( 'NONE',  ( -17.43232950518516589, -2.761276782429340937, 0.8872486393005923899 ) ) ;
#949 = CARTESIAN_POINT ( 'NONE',  ( -17.36694975814087272, -2.461276782429340226, 0.9834472306442887390 ) ) ;
#950 = CARTESIAN_POINT ( 'NONE',  ( -15.79999999999982130, -2.761276782429340493, 1.110223024625156540E-13 ) ) ;
#951 = VECTOR ( 'NONE', #4774, 1000.000000000000000 ) ;
#952 = CARTESIAN_POINT ( 'NONE',  ( -17.02323375616373013, -2.028306737900748669, 17.57594446235556873 ) ) ;
#953 = CARTESIAN_POINT ( 'NONE',  ( -17.57235157232386058, -2.761276782429340937, 18.04100034068721214 ) ) ;
#954 = VECTOR ( 'NONE', #1685, 1000.000000000000000 ) ;
#955 = DIRECTION ( 'NONE',  ( 0.000000000000000000, -1.000000000000000000, 0.000000000000000000 ) ) ;
#956 = EDGE_LOOP ( 'NONE', ( #4260, #1590, #751, #1620 ) ) ;
#957 = AXIS2_PLACEMENT_3D ( 'NONE', #4986, #1196, #4170 ) ;
#958 = CARTESIAN_POINT ( 'NONE',  ( 15.80000000000017835, -2.761276782429340937, 1.349999999999891287 ) ) ;
#959 = ORIENTED_EDGE ( 'NONE', *, *, #597, .T. ) ;
#960 = ORIENTED_EDGE ( 'NONE', *, *, #5281, .T. ) ;
#961 = DIRECTION ( 'NONE',  ( 0.000000000000000000, 0.000000000000000000, 1.000000000000000000 ) ) ;
#962 = CARTESIAN_POINT ( 'NONE',  ( 15.99999999999999645, -0.9057063555672495436, -21.16682382297187104 ) ) ;
#963 = VERTEX_POINT ( 'NONE', #24 ) ;
#964 = DIRECTION ( 'NONE',  ( -1.000000000000000000, 0.000000000000000000, -1.084202172485504434E-16 ) ) ;
#965 = ORIENTED_EDGE ( 'NONE', *, *, #3056, .F. ) ;
#966 = CARTESIAN_POINT ( 'NONE',  ( -15.99999999999999645, 1.000000000000000000, 19.10000000000000497 ) ) ;
#967 = DIRECTION ( 'NONE',  ( 0.000000000000000000, 1.000000000000000000, 0.000000000000000000 ) ) ;
#968 = VECTOR ( 'NONE', #2825, 1000.000000000000000 ) ;
#969 = ADVANCED_FACE ( 'NONE', ( #3214 ), #5236, .F. ) ;
#970 = CARTESIAN_POINT ( 'NONE',  ( -17.64999999999982094, -1.760630054841357595, 1.108542795080362255E-13 ) ) ;
#971 = ORIENTED_EDGE ( 'NONE', *, *, #1639, .F. ) ;
#972 = DIRECTION ( 'NONE',  ( -0.000000000000000000, 1.000000000000000000, -0.000000000000000000 ) ) ;
#973 = DIRECTION ( 'NONE',  ( 0.000000000000000000, 0.000000000000000000, 1.000000000000000000 ) ) ;
#974 = ADVANCED_FACE ( 'NONE', ( #3976 ), #630, .F. ) ;
#975 = LINE ( 'NONE', #4753, #1926 ) ;
#976 = AXIS2_PLACEMENT_3D ( 'NONE', #966, #1050, #72 ) ;
#977 = DIRECTION ( 'NONE',  ( 1.310874163206655416E-16, 0.000000000000000000, -1.000000000000000000 ) ) ;
#978 = DIRECTION ( 'NONE',  ( -9.082321863752915673E-17, -0.000000000000000000, 1.000000000000000000 ) ) ;
#979 = DIRECTION ( 'NONE',  ( -9.082321863752915673E-17, -0.000000000000000000, 1.000000000000000000 ) ) ;
#980 = CARTESIAN_POINT ( 'NONE',  ( -16.43914126488121852, 0.000000000000000000, -1.189116665229087211 ) ) ;
#981 = CARTESIAN_POINT ( 'NONE',  ( -16.21351765055973360, -2.392639167093154384, -15.56685893456041647 ) ) ;
#982 = CARTESIAN_POINT ( 'NONE',  ( 0.000000000000000000, -2.461276782429340670, -19.57586025187432810 ) ) ;
#983 = DIRECTION ( 'NONE',  ( 0.000000000000000000, 1.000000000000000000, 0.000000000000000000 ) ) ;
#984 = ORIENTED_EDGE ( 'NONE', *, *, #2537, .F. ) ;
#985 = AXIS2_PLACEMENT_3D ( 'NONE', #1074, #4903, #151 ) ;
#986 = DIRECTION ( 'NONE',  ( -1.000000000000000000, -0.000000000000000000, -1.084202172485504434E-16 ) ) ;
#987 = CARTESIAN_POINT ( 'NONE',  ( -17.26040677610950524, -3.279411780187776682, 0.2134954826156489072 ) ) ;
#988 = EDGE_LOOP ( 'NONE', ( #4463, #4186, #2012, #4890 ) ) ;
#989 = CARTESIAN_POINT ( 'NONE',  ( -16.97434785945352331, -2.520780012317995755, 16.23245801010430966 ) ) ;
#990 = CIRCLE ( 'NONE', #738, 0.8000000000000020428 ) ;
#991 = ORIENTED_EDGE ( 'NONE', *, *, #4587, .T. ) ;
#992 = CARTESIAN_POINT ( 'NONE',  ( 16.00000000000000711, -0.9766393502342392008, 21.37298027571893400 ) ) ;
#993 = CIRCLE ( 'NONE', #3135, 0.3000000000000016542 ) ;
#994 = AXIS2_PLACEMENT_3D ( 'NONE', #4865, #4893, #237 ) ;
#995 = CARTESIAN_POINT ( 'NONE',  ( -15.99999999999999645, -0.6220286093256309767, 19.10000000000000497 ) ) ;
#996 = EDGE_LOOP ( 'NONE', ( #366, #467, #5133, #2246 ) ) ;
#997 = CARTESIAN_POINT ( 'NONE',  ( -17.66421921914087889, -2.657185059793640836, -15.98140341907752848 ) ) ;
#998 = EDGE_CURVE ( 'NONE', #3781, #3870, #2317, .T. ) ;
#999 = EDGE_CURVE ( 'NONE', #560, #831, #3250, .T. ) ;
#1000 = EDGE_CURVE ( 'NONE', #842, #37, #2167, .T. ) ;
#1001 = CARTESIAN_POINT ( 'NONE',  ( -17.43372062083370011, -2.761276782429340937, 15.87151442144887170 ) ) ;
#1002 = CARTESIAN_POINT ( 'NONE',  ( -17.36694975814085495, -2.761276782429340937, 16.01655276935618133 ) ) ;
#1003 = FACE_BOUND ( 'NONE', #213, .T. ) ;
#1004 = CARTESIAN_POINT ( 'NONE',  ( 15.99999999999999645, 0.000000000000000000, -20.96442984884771477 ) ) ;
#1005 = EDGE_CURVE ( 'NONE', #4499, #4236, #4032, .T. ) ;
#1006 = CARTESIAN_POINT ( 'NONE',  ( -16.40541907913247144, -2.671244943361697821, -18.42456526446848031 ) ) ;
#1007 = CARTESIAN_POINT ( 'NONE',  ( -17.48062216692514426, -2.682871376733816593, 17.81619167989545360 ) ) ;
#1008 = CARTESIAN_POINT ( 'NONE',  ( -16.43914126488126115, -2.261276782429340493, -15.81088333477061880 ) ) ;
#1009 = DIRECTION ( 'NONE',  ( -0.000000000000000000, 1.000000000000000000, -0.000000000000000000 ) ) ;
#1010 = LINE ( 'NONE', #4816, #1281 ) ;
#1011 = EDGE_LOOP ( 'NONE', ( #1615, #2998, #4789, #2522 ) ) ;
#1012 = ORIENTED_EDGE ( 'NONE', *, *, #240, .T. ) ;
#1013 = FACE_OUTER_BOUND ( 'NONE', #4870, .T. ) ;
#1014 = CYLINDRICAL_SURFACE ( 'NONE', #291, 1.350000000000000089 ) ;
#1015 = ORIENTED_EDGE ( 'NONE', *, *, #2258, .T. ) ;
#1016 = DIRECTION ( 'NONE',  ( 1.084202172485504434E-16, 0.000000000000000000, -1.000000000000000000 ) ) ;
#1017 = AXIS2_PLACEMENT_3D ( 'NONE', #2102, #860, #336 ) ;
#1018 = ORIENTED_EDGE ( 'NONE', *, *, #258, .T. ) ;
#1019 = FACE_OUTER_BOUND ( 'NONE', #1493, .T. ) ;
#1020 = ORIENTED_EDGE ( 'NONE', *, *, #3215, .T. ) ;
#1021 = CARTESIAN_POINT ( 'NONE',  ( -16.47586025187432668, -2.441904586412985356, -15.37046975505607449 ) ) ;
#1022 = ORIENTED_EDGE ( 'NONE', *, *, #258, .F. ) ;
#1023 = CARTESIAN_POINT ( 'NONE',  ( -18.27298027571892547, -0.9766393502342392008, -19.09999999999999787 ) ) ;
#1024 = B_SPLINE_CURVE_WITH_KNOTS ( 'NONE', 3,
 ( #4404, #573, #3975, #4784 ),
 .UNSPECIFIED., .F., .F.,
 ( 4, 4 ),
 ( 0.000000000000000000, 0.0003868267142608750541 ),
 .UNSPECIFIED. ) ;
#1025 = CARTESIAN_POINT ( 'NONE',  ( -15.79999999999982130, -2.761276782429340493, 1.110223024625156540E-13 ) ) ;
#1026 = CARTESIAN_POINT ( 'NONE',  ( -16.91290387186570854, -2.261276782429340493, 17.76416292240968176 ) ) ;
#1028 = EDGE_CURVE ( 'NONE', #3618, #544, #1951, .T. ) ;
#1027 = LINE ( 'NONE', #2220, #3900 ) ;
#1029 = ORIENTED_EDGE ( 'NONE', *, *, #3909, .F. ) ;
#1030 = FACE_OUTER_BOUND ( 'NONE', #4613, .T. ) ;
#1031 = CARTESIAN_POINT ( 'NONE',  ( -16.43914126488116878, -2.261276782429340493, 18.18911666522924264 ) ) ;
#1032 = DIRECTION ( 'NONE',  ( -0.5621025027274786368, 2.891205793294673889E-15, 0.8270675766994526334 ) ) ;
#1033 = DIRECTION ( 'NONE',  ( -0.000000000000000000, 1.000000000000000000, -0.000000000000000000 ) ) ;
#1034 = EDGE_CURVE ( 'NONE', #1839, #3751, #1141, .T. ) ;
#1035 = AXIS2_PLACEMENT_3D ( 'NONE', #3743, #1603, #4538 ) ;
#1037 = EDGE_CURVE ( 'NONE', #1751, #1408, #1195, .T. ) ;
#1036 = FACE_OUTER_BOUND ( 'NONE', #4379, .T. ) ;
#1038 = FACE_OUTER_BOUND ( 'NONE', #3370, .T. ) ;
#1039 = EDGE_LOOP ( 'NONE', ( #4803, #5512, #4881 ) ) ;
#1040 = AXIS2_PLACEMENT_3D ( 'NONE', #4778, #5202, #2613 ) ;
#1041 = EDGE_CURVE ( 'NONE', #5321, #691, #4684, .T. ) ;
#1042 = EDGE_CURVE ( 'NONE', #5321, #1614, #5475, .T. ) ;
#1043 = DIRECTION ( 'NONE',  ( -0.000000000000000000, 1.000000000000000000, -0.000000000000000000 ) ) ;
#1044 = VERTEX_POINT ( 'NONE', #4094 ) ;
#1045 = CARTESIAN_POINT ( 'NONE',  ( -18.06100422277062734, -2.045786783760374483, -0.2034947588865124724 ) ) ;
#1046 = CIRCLE ( 'NONE', #3187, 0.7999999999999986011 ) ;
#1047 = ORIENTED_EDGE ( 'NONE', *, *, #883, .F. ) ;
#1048 = CARTESIAN_POINT ( 'NONE',  ( -16.23359033370481441, -2.377535297380070745, 18.39227949884691782 ) ) ;
#1049 = ORIENTED_EDGE ( 'NONE', *, *, #1451, .F. ) ;
#1050 = DIRECTION ( 'NONE',  ( 0.000000000000000000, 1.000000000000000000, 0.000000000000000000 ) ) ;
#1051 = CARTESIAN_POINT ( 'NONE',  ( -16.39821889530366050, -2.589682679445412639, 15.65755969388956181 ) ) ;
#1052 = EDGE_CURVE ( 'NONE', #2520, #492, #4334, .T. ) ;
#1053 = VERTEX_POINT ( 'NONE', #5262 ) ;
#1054 = DIRECTION ( 'NONE',  ( 0.000000000000000000, 1.000000000000000000, 0.000000000000000000 ) ) ;
#1055 = VERTEX_POINT ( 'NONE', #3581 ) ;
#1056 = CARTESIAN_POINT ( 'NONE',  ( -15.99999999999999289, -0.6220286093256309767, 20.96442984884771832 ) ) ;
#1057 = CYLINDRICAL_SURFACE ( 'NONE', #2756, 1.350000000000000533 ) ;
#1058 = CIRCLE ( 'NONE', #438, 0.3000000000000016542 ) ;
#1059 = CARTESIAN_POINT ( 'NONE',  ( -17.59666581547118014, -2.761276782429340937, 15.87151442144887170 ) ) ;
#1060 = CARTESIAN_POINT ( 'NONE',  ( -16.47586025187433023, -2.761276782429341381, 1.722124536709383813 ) ) ;
#1061 = CIRCLE ( 'NONE', #4189, 0.5000000000000004441 ) ;
#1062 = CARTESIAN_POINT ( 'NONE',  ( -18.06941726076527743, -2.032823297542202035, -0.4119932148343717349 ) ) ;
#1063 = EDGE_LOOP ( 'NONE', ( #4281, #5350, #696, #2549 ) ) ;
#1064 = DIRECTION ( 'NONE',  ( -0.5443864854016887689, 0.8388345215309135350, 0.000000000000000000 ) ) ;
#1065 = DIRECTION ( 'NONE',  ( -1.000000000000000000, -0.000000000000000000, -1.084202172485504434E-16 ) ) ;
#1066 = CARTESIAN_POINT ( 'NONE',  ( 4.500000000000000000, -2.558610106215138735, 19.29208882258518187 ) ) ;
#1067 = CARTESIAN_POINT ( 'NONE',  ( -16.17586025187432242, -2.461276782429340670, -18.72212453670923438 ) ) ;
#1068 = CARTESIAN_POINT ( 'NONE',  ( -16.42651365871102342, -2.712846292388428449, 1.510553332451165520 ) ) ;
#1069 = AXIS2_PLACEMENT_3D ( 'NONE', #1115, #4190, #313 ) ;
#1070 = CARTESIAN_POINT ( 'NONE',  ( -16.17586025187432242, -2.461276782429340670, -19.09999999999999787 ) ) ;
#1071 = EDGE_CURVE ( 'NONE', #2854, #2484, #5044, .T. ) ;
#1072 = ORIENTED_EDGE ( 'NONE', *, *, #4054, .F. ) ;
#1073 = EDGE_CURVE ( 'NONE', #638, #1509, #582, .T. ) ;
#1074 = CARTESIAN_POINT ( 'NONE',  ( -15.79999999999964722, -2.761276782429340493, 17.00000000000011369 ) ) ;
#1075 = CARTESIAN_POINT ( 'NONE',  ( -17.41329830943926282, -2.761276782429340493, 1.014947240337070955 ) ) ;
#1076 = ORIENTED_EDGE ( 'NONE', *, *, #814, .T. ) ;
#1077 = DIRECTION ( 'NONE',  ( 1.084202172485504434E-16, 0.000000000000000000, -1.000000000000000000 ) ) ;
#1078 = EDGE_CURVE ( 'NONE', #2073, #4195, #1010, .T. ) ;
#1079 = ORIENTED_EDGE ( 'NONE', *, *, #3024, .T. ) ;
#1080 = CARTESIAN_POINT ( 'NONE',  ( 16.00000000000000355, 1.000000000000000000, 19.10000000000000142 ) ) ;
#1081 = DIRECTION ( 'NONE',  ( 0.000000000000000000, 1.000000000000000000, 0.000000000000000000 ) ) ;
#1082 = ORIENTED_EDGE ( 'NONE', *, *, #1580, .T. ) ;
#1083 = AXIS2_PLACEMENT_3D ( 'NONE', #1917, #2792, #4837 ) ;
#1084 = ORIENTED_EDGE ( 'NONE', *, *, #3734, .F. ) ;
#1085 = CARTESIAN_POINT ( 'NONE',  ( -16.00000000000000355, -0.9057063555672495436, -21.16682382297187459 ) ) ;
#1086 = VECTOR ( 'NONE', #2572, 1000.000000000000000 ) ;
#1087 = CARTESIAN_POINT ( 'NONE',  ( -16.17586025187432597, -2.715816708657720735, -18.58513759364397089 ) ) ;
#1088 = VECTOR ( 'NONE', #2074, 1000.000000000000000 ) ;
#1089 = CARTESIAN_POINT ( 'NONE',  ( 16.00000000000000711, -0.9057063555672495436, 21.16682382297188170 ) ) ;
#1090 = CARTESIAN_POINT ( 'NONE',  ( -16.17586025187432597, 0.000000000000000000, 18.62953024494373011 ) ) ;
#1091 = DIRECTION ( 'NONE',  ( -0.5443864854016887689, 0.8388345215309135350, 9.579568227472277211E-18 ) ) ;
#1092 = ORIENTED_EDGE ( 'NONE', *, *, #3118, .F. ) ;
#1093 = CARTESIAN_POINT ( 'NONE',  ( -17.93668362669944827, -2.237349966385773659, -17.80201910045922276 ) ) ;
#1094 = CIRCLE ( 'NONE', #2868, 0.5000000000000000000 ) ;
#1095 = DIRECTION ( 'NONE',  ( -0.000000000000000000, 1.000000000000000000, -0.000000000000000000 ) ) ;
#1096 = TOROIDAL_SURFACE ( 'NONE', #4512, 1.433720620833703219, 0.3000000000000005440 ) ;
#1097 = EDGE_CURVE ( 'NONE', #3727, #1212, #241, .T. ) ;
#1098 = CYLINDRICAL_SURFACE ( 'NONE', #2056, 0.2999999999999981570 ) ;
#1099 = CARTESIAN_POINT ( 'NONE',  ( -16.42651365871104474, -2.712846292388454206, -15.48944666754871058 ) ) ;
#1100 = CARTESIAN_POINT ( 'NONE',  ( -17.15000000000000213, -1.760630054847299286, -17.07424896174064699 ) ) ;
#1101 = DIRECTION ( 'NONE',  ( -1.000000000000000000, 0.000000000000000000, 0.000000000000000000 ) ) ;
#1102 = ORIENTED_EDGE ( 'NONE', *, *, #2499, .T. ) ;
#1103 = CARTESIAN_POINT ( 'NONE',  ( 4.999999999999999112, -2.734382212643790222, 18.82199650353365428 ) ) ;
#1104 = EDGE_CURVE ( 'NONE', #1292, #3977, #4218, .T. ) ;
#1105 = CARTESIAN_POINT ( 'NONE',  ( 0.000000000000000000, -1.318477165402296203, -21.57537424984308316 ) ) ;
#1106 = ORIENTED_EDGE ( 'NONE', *, *, #889, .F. ) ;
#1107 = VECTOR ( 'NONE', #2929, 1000.000000000000000 ) ;
#1108 = ORIENTED_EDGE ( 'NONE', *, *, #4617, .F. ) ;
#1109 = CARTESIAN_POINT ( 'NONE',  ( 4.856651202027038927, -2.761276782429340493, 19.26525251960301333 ) ) ;
#1110 = DIRECTION ( 'NONE',  ( 0.000000000000000000, 0.000000000000000000, 1.000000000000000000 ) ) ;
#1111 = ADVANCED_FACE ( 'NONE', ( #1038 ), #4202, .T. ) ;
#1112 = ORIENTED_EDGE ( 'NONE', *, *, #4291, .T. ) ;
#1113 = CARTESIAN_POINT ( 'NONE',  ( -16.34466875105971084, -2.384519795513974305, -1.246333860661946069 ) ) ;
#1114 = DIRECTION ( 'NONE',  ( 1.084202172485504434E-16, -0.000000000000000000, 1.000000000000000000 ) ) ;
#1115 = CARTESIAN_POINT ( 'NONE',  ( -17.43372062083369656, -2.461276782429341115, -18.12848557855159015 ) ) ;
#1116 = EDGE_LOOP ( 'NONE', ( #3690, #1230, #288, #5335 ) ) ;
#1117 = DIRECTION ( 'NONE',  ( 0.000000000000000000, 0.000000000000000000, 1.000000000000000000 ) ) ;
#1118 = ORIENTED_EDGE ( 'NONE', *, *, #5091, .F. ) ;
#1119 = DIRECTION ( 'NONE',  ( -1.000000000000000000, -0.000000000000000000, -1.084202172485504434E-16 ) ) ;
#1120 = CARTESIAN_POINT ( 'NONE',  ( -16.47586025187432668, -2.441904586412974698, -1.629530244943605322 ) ) ;
#1121 = DIRECTION ( 'NONE',  ( 0.000000000000000000, 0.000000000000000000, -1.000000000000000000 ) ) ;
#1122 = DIRECTION ( 'NONE',  ( 0.000000000000000000, 0.000000000000000000, 1.000000000000000000 ) ) ;
#1123 = DIRECTION ( 'NONE',  ( 0.000000000000000000, 0.000000000000000000, 1.000000000000000000 ) ) ;
#1124 = EDGE_CURVE ( 'NONE', #1509, #638, #343, .T. ) ;
#1125 = VERTEX_POINT ( 'NONE', #3669 ) ;
#1126 = LINE ( 'NONE', #3251, #716 ) ;
#1127 = VERTEX_POINT ( 'NONE', #1640 ) ;
#1128 = FACE_OUTER_BOUND ( 'NONE', #4466, .T. ) ;
#1129 = ORIENTED_EDGE ( 'NONE', *, *, #1397, .F. ) ;
#1130 = AXIS2_PLACEMENT_3D ( 'NONE', #4612, #1655, #2983 ) ;
#1131 = ORIENTED_EDGE ( 'NONE', *, *, #912, .F. ) ;
#1132 = CARTESIAN_POINT ( 'NONE',  ( -16.27687583000895089, -2.483026951957341577, 15.68675335224934386 ) ) ;
#1133 = EDGE_CURVE ( 'NONE', #833, #3444, #347, .T. ) ;
#1134 = B_SPLINE_CURVE_WITH_KNOTS ( 'NONE', 3,
 ( #286, #682, #1971, #1469, #3689, #4888 ),
 .UNSPECIFIED., .F., .F.,
 ( 4, 2, 4 ),
 ( -4.529101847656443758E-06, 0.0002885454276273952687, 0.0005816199571024469007 ),
 .UNSPECIFIED. ) ;
#1135 = VERTEX_POINT ( 'NONE', #3725 ) ;
#1136 = CARTESIAN_POINT ( 'NONE',  ( 15.99999999999999645, -2.624592728049848667, -20.78537097729297400 ) ) ;
#1137 = CARTESIAN_POINT ( 'NONE',  ( -16.17586025187432242, -2.674574700801795490, -18.52735929366980372 ) ) ;
#1138 = DIRECTION ( 'NONE',  ( -9.082321863752915673E-17, -0.000000000000000000, 1.000000000000000000 ) ) ;
#1139 = EDGE_CURVE ( 'NONE', #2484, #1488, #4962, .T. ) ;
#1140 = DIRECTION ( 'NONE',  ( -2.663480616634362829E-12, 0.9459047642971776249, -0.3244444126193282707 ) ) ;
#1141 = B_SPLINE_CURVE_WITH_KNOTS ( 'NONE', 3,
 ( #1417, #4521, #5290, #2735 ),
 .UNSPECIFIED., .F., .F.,
 ( 4, 4 ),
 ( 0.000000000000000000, 0.0003868267142609414615 ),
 .UNSPECIFIED. ) ;
#1142 = EDGE_LOOP ( 'NONE', ( #2681, #2824, #4818 ) ) ;
#1143 = CARTESIAN_POINT ( 'NONE',  ( 18.16442984884771761, -0.6220286093256309767, 19.09999999999999432 ) ) ;
#1144 = EDGE_LOOP ( 'NONE', ( #1239, #2320, #5212, #1936 ) ) ;
#1145 = DIRECTION ( 'NONE',  ( 1.000000000000000000, 0.000000000000000000, 1.310874163206655416E-16 ) ) ;
#1146 = VECTOR ( 'NONE', #3674, 1000.000000000000000 ) ;
#1147 = FACE_OUTER_BOUND ( 'NONE', #39, .T. ) ;
#1148 = ADVANCED_FACE ( 'NONE', ( #2877 ), #2859, .T. ) ;
#1149 = CIRCLE ( 'NONE', #2117, 0.3000000000000016542 ) ;
#1150 = CARTESIAN_POINT ( 'NONE',  ( -18.06941726076545862, -2.032823297541921814, -16.99999999999988631 ) ) ;
#1151 = ADVANCED_FACE ( 'NONE', ( #2030 ), #1177, .F. ) ;
#1152 = DIRECTION ( 'NONE',  ( 0.000000000000000000, 0.000000000000000000, -1.000000000000000000 ) ) ;
#1153 = ORIENTED_EDGE ( 'NONE', *, *, #3454, .T. ) ;
#1154 = DIRECTION ( 'NONE',  ( -1.000000000000000000, 0.000000000000000000, 0.000000000000000000 ) ) ;
#1155 = ORIENTED_EDGE ( 'NONE', *, *, #3116, .F. ) ;
#1156 = CARTESIAN_POINT ( 'NONE',  ( -16.91290387186572630, -2.261276782429343157, 17.76416292240965333 ) ) ;
#1157 = AXIS2_PLACEMENT_3D ( 'NONE', #1642, #3682, #3783 ) ;
#1158 = ORIENTED_EDGE ( 'NONE', *, *, #5138, .T. ) ;
#1159 = CARTESIAN_POINT ( 'NONE',  ( -16.17586025187432242, -2.441904586412974698, -1.629530244943605322 ) ) ;
#1160 = VERTEX_POINT ( 'NONE', #3749 ) ;
#1161 = CARTESIAN_POINT ( 'NONE',  ( -15.99999999999999645, -1.260317096475860321, 19.10000000000000497 ) ) ;
#1162 = DIRECTION ( 'NONE',  ( 1.000000000000000000, -0.000000000000000000, 2.168404344971008868E-16 ) ) ;
#1163 = CARTESIAN_POINT ( 'NONE',  ( -16.17586025187432597, -2.408774909682608989, 18.44091778762582123 ) ) ;
#1164 = AXIS2_PLACEMENT_3D ( 'NONE', #5467, #1629, #4641 ) ;
#1165 = CARTESIAN_POINT ( 'NONE',  ( -16.43914126488121852, -2.261276782429340493, 1.189116665229309255 ) ) ;
#1166 = ORIENTED_EDGE ( 'NONE', *, *, #3525, .F. ) ;
#1167 = CARTESIAN_POINT ( 'NONE',  ( -15.79999999999982130, 0.000000000000000000, 1.110223024625156540E-13 ) ) ;
#1168 = EDGE_LOOP ( 'NONE', ( #3807, #5068, #2689, #1368 ) ) ;
#1169 = DIRECTION ( 'NONE',  ( 0.000000000000000000, 0.000000000000000000, 1.000000000000000000 ) ) ;
#1170 = AXIS2_PLACEMENT_3D ( 'NONE', #1625, #2919, #2495 ) ;
#1171 = DIRECTION ( 'NONE',  ( -0.9455924874720629258, 0.3253534195861428335, 3.383204316370511956E-15 ) ) ;
#1172 = CONICAL_SURFACE ( 'NONE', #3309, 1.350000000000000089, 0.7853981633974509435 ) ;
#1173 = AXIS2_PLACEMENT_3D ( 'NONE', #660, #3997, #3638 ) ;
#1174 = CARTESIAN_POINT ( 'NONE',  ( -16.00000000000000355, 1.000000000000000000, -19.09999999999999787 ) ) ;
#1175 = EDGE_CURVE ( 'NONE', #1982, #3872, #5446, .T. ) ;
#1176 = CIRCLE ( 'NONE', #2781, 2.427024606302358833 ) ;
#1177 = PLANE ( 'NONE',  #4448 ) ;
#1178 = EDGE_LOOP ( 'NONE', ( #580, #1681, #2914, #5219 ) ) ;
#1179 = CARTESIAN_POINT ( 'NONE',  ( 5.000000000000004441, -2.718064063718550472, -18.81819258583060162 ) ) ;
#1180 = ORIENTED_EDGE ( 'NONE', *, *, #941, .T. ) ;
#1181 = DIRECTION ( 'NONE',  ( -1.000000000000000000, 0.000000000000000000, 0.000000000000000000 ) ) ;
#1182 = DIRECTION ( 'NONE',  ( 1.000000000000000000, -0.000000000000000000, 9.082321863752915673E-17 ) ) ;
#1183 =( BOUNDED_SURFACE ( )  B_SPLINE_SURFACE ( 3, 2, ( 
 ( #813, #3402, #4338 ),
 ( #509, #400, #5118 ),
 ( #1303, #453, #868 ),
 ( #2137, #3862, #5499 ),
 ( #3373, #1714, #5143 ),
 ( #3013, #948, #3122 ) ),
 .UNSPECIFIED., .F., .F., .F. ) 
 B_SPLINE_SURFACE_WITH_KNOTS ( ( 4, 2, 4 ),
 ( 3, 3 ),
 ( -3.402509798033513071E-06, 0.0001578014212445672524, 0.0003190053522871679967 ),
 ( 0.000000000000000000, 1.000000000000000000 ),
 .UNSPECIFIED. ) 
 GEOMETRIC_REPRESENTATION_ITEM ( )  RATIONAL_B_SPLINE_SURFACE ( (
 ( 1.000000000000000000, 1.000000000000000000, 1.000000000000000000),
 ( 1.000000000000000000, 1.000892769164744900, 1.000000000000000000),
 ( 1.000000000000000000, 0.9833350963520974819, 1.000000000000000000),
 ( 1.000000000000000000, 0.9452470562641268614, 1.000000000000000000),
 ( 1.000000000000000000, 0.9280706857053808712, 1.000000000000000000),
 ( 1.000000000000000000, 0.9323756345168813242, 1.000000000000000000) ) ) 
 REPRESENTATION_ITEM ( '' )  SURFACE ( )  );
#1184 = EDGE_LOOP ( 'NONE', ( #4385, #3934, #4556, #603 ) ) ;
#1185 = DIRECTION ( 'NONE',  ( -1.000000000000000000, -0.000000000000000000, -1.084202172485504434E-16 ) ) ;
#1186 = ORIENTED_EDGE ( 'NONE', *, *, #2126, .T. ) ;
#1187 = CARTESIAN_POINT ( 'NONE',  ( -16.18667063810956108, -2.637089349345689726, -1.463019011973094585 ) ) ;
#1188 = ADVANCED_FACE ( 'NONE', ( #5479 ), #3990, .T. ) ;
#1189 = DIRECTION ( 'NONE',  ( 1.000000000000000000, -0.000000000000000000, 2.168404344971008868E-16 ) ) ;
#1190 = CARTESIAN_POINT ( 'NONE',  ( -16.17586025187432597, -2.715816708657840639, 18.58513759364387852 ) ) ;
#1191 = DIRECTION ( 'NONE',  ( 0.000000000000000000, 1.000000000000000000, 0.000000000000000000 ) ) ;
#1192 = CARTESIAN_POINT ( 'NONE',  ( -16.00000000000000355, -2.624592728049849111, -20.78537097729297756 ) ) ;
#1193 = VERTEX_POINT ( 'NONE', #5393 ) ;
#1194 = CARTESIAN_POINT ( 'NONE',  ( 16.00000000000000355, -1.318477165402296203, -21.57537424984308672 ) ) ;
#1195 = CIRCLE ( 'NONE', #495, 1.350000000000000533 ) ;
#1196 = DIRECTION ( 'NONE',  ( -6.031714251616216224E-15, 0.000000000000000000, 1.000000000000000000 ) ) ;
#1197 = DIRECTION ( 'NONE',  ( 0.000000000000000000, 1.000000000000000000, 0.000000000000000000 ) ) ;
#1198 = CARTESIAN_POINT ( 'NONE',  ( -17.48062216692520110, -2.682871376733793500, 0.8161916798957017383 ) ) ;
#1199 = CARTESIAN_POINT ( 'NONE',  ( 15.80000000000017835, -7.000000000000000000, 1.349999999999891287 ) ) ;
#1200 = EDGE_LOOP ( 'NONE', ( #608, #5318, #1029, #1996 ) ) ;
#1201 = LINE ( 'NONE', #2514, #3680 ) ;
#1202 = CARTESIAN_POINT ( 'NONE',  ( -16.00000000000000355, -1.318477165402296203, -19.09999999999999787 ) ) ;
#1203 = ADVANCED_FACE ( 'NONE', ( #4648 ), #322, .F. ) ;
#1204 = CARTESIAN_POINT ( 'NONE',  ( 16.00000000000000355, -1.260317096475860321, -21.27537424984308601 ) ) ;
#1205 = EDGE_LOOP ( 'NONE', ( #5022, #1712, #280, #4071 ) ) ;
#1206 = CARTESIAN_POINT ( 'NONE',  ( 4.500000000000004441, -2.557572012912792125, -19.29173487710794177 ) ) ;
#1207 = EDGE_LOOP ( 'NONE', ( #3509, #677, #5180, #1290, #2206, #799, #4586, #2782, #3895 ) ) ;
#1208 = EDGE_LOOP ( 'NONE', ( #3681, #5155, #2924 ) ) ;
#1209 = CARTESIAN_POINT ( 'NONE',  ( -16.00000000000000355, 0.000000000000000000, -19.09999999999999787 ) ) ;
#1210 = ADVANCED_FACE ( 'NONE', ( #790 ), #2063, .F. ) ;
#1211 = CIRCLE ( 'NONE', #3539, 0.5000000000000004441 ) ;
#1212 = VERTEX_POINT ( 'NONE', #300 ) ;
#1213 = CARTESIAN_POINT ( 'NONE',  ( 0.000000000000000000, 0.000000000000000000, 0.000000000000000000 ) ) ;
#1214 =( BOUNDED_SURFACE ( )  B_SPLINE_SURFACE ( 3, 2, ( 
 ( #427, #4646, #2961 ),
 ( #869, #454, #2535 ),
 ( #3777, #4618, #371 ),
 ( #5500, #2561, #3014 ) ),
 .UNSPECIFIED., .F., .F., .F. ) 
 B_SPLINE_SURFACE_WITH_KNOTS ( ( 4, 4 ),
 ( 3, 3 ),
 ( 7.560970504000802492E-05, 0.0001703977873965906663 ),
 ( 0.000000000000000000, 1.000000000000000000 ),
 .UNSPECIFIED. ) 
 GEOMETRIC_REPRESENTATION_ITEM ( )  RATIONAL_B_SPLINE_SURFACE ( (
 ( 1.000000000000000000, 0.7071067811865475727, 1.000000000000000000),
 ( 1.000000000000000000, 0.7262877011043035180, 1.000000000000000000),
 ( 1.000000000000000000, 0.7452025455529514009, 1.000000000000000000),
 ( 1.000000000000000000, 0.7630493574722989614, 1.000000000000000000) ) ) 
 REPRESENTATION_ITEM ( '' )  SURFACE ( )  );
#1215 = B_SPLINE_CURVE_WITH_KNOTS ( 'NONE', 3,
 ( #2330, #4041, #216, #3959, #1373, #2714 ),
 .UNSPECIFIED., .F., .F.,
 ( 4, 2, 4 ),
 ( -4.743336450950251378E-06, 0.0003861583939549437521, 0.0007770601243608376988 ),
 .UNSPECIFIED. ) ;
#1216 = CARTESIAN_POINT ( 'NONE',  ( -17.36694975814087272, -2.761276782429340493, -0.9834472306440678047 ) ) ;
#1217 = EDGE_CURVE ( 'NONE', #5237, #3329, #1589, .T. ) ;
#1218 = CARTESIAN_POINT ( 'NONE',  ( 5.062611715560796810, -2.633073228831157131, 19.32508344583792592 ) ) ;
#1219 = FACE_OUTER_BOUND ( 'NONE', #2324, .T. ) ;
#1220 = AXIS2_PLACEMENT_3D ( 'NONE', #5228, #1358, #3069 ) ;
#1221 = PLANE ( 'NONE',  #1164 ) ;
#1222 = CARTESIAN_POINT ( 'NONE',  ( -17.14999999999982094, -1.760630054841360481, 1.108996911173549856E-13 ) ) ;
#1223 = ORIENTED_EDGE ( 'NONE', *, *, #2043, .T. ) ;
#1224 = CARTESIAN_POINT ( 'NONE',  ( -16.67586025187432242, -7.000000000000000000, -18.62953024494370524 ) ) ;
#1225 = AXIS2_PLACEMENT_3D ( 'NONE', #32, #4317, #2145 ) ;
#1226 = DIRECTION ( 'NONE',  ( 7.709882115452472644E-15, 0.000000000000000000, 1.000000000000000000 ) ) ;
#1227 = LINE ( 'NONE', #4256, #601 ) ;
#1228 = DIRECTION ( 'NONE',  ( 0.000000000000000000, 0.000000000000000000, 1.000000000000000000 ) ) ;
#1229 = ORIENTED_EDGE ( 'NONE', *, *, #1381, .F. ) ;
#1230 = ORIENTED_EDGE ( 'NONE', *, *, #3634, .F. ) ;
#1231 = AXIS2_PLACEMENT_3D ( 'NONE', #1617, #5453, #2005 ) ;
#1232 = CARTESIAN_POINT ( 'NONE',  ( -16.00000000000000355, -0.9766393502342392008, -21.37298027571892689 ) ) ;
#1233 = ORIENTED_EDGE ( 'NONE', *, *, #2564, .T. ) ;
#1234 = CARTESIAN_POINT ( 'NONE',  ( -15.99999999999999289, 0.000000000000000000, 20.96442984884771832 ) ) ;
#1235 = EDGE_CURVE ( 'NONE', #5317, #1982, #1743, .T. ) ;
#1236 = ADVANCED_FACE ( 'NONE', ( #2592 ), #2930, .T. ) ;
#1237 = EDGE_CURVE ( 'NONE', #4130, #4966, #3045, .T. ) ;
#1238 = VERTEX_POINT ( 'NONE', #4755 ) ;
#1239 = ORIENTED_EDGE ( 'NONE', *, *, #2305, .F. ) ;
#1240 = CARTESIAN_POINT ( 'NONE',  ( -17.35719857694667922, -3.130267181413492139, -16.95816395563154089 ) ) ;
#1241 = ORIENTED_EDGE ( 'NONE', *, *, #4868, .F. ) ;
#1242 = LINE ( 'NONE', #940, #3760 ) ;
#1243 = ADVANCED_FACE ( 'NONE', ( #1719 ), #1487, .T. ) ;
#1244 = DIRECTION ( 'NONE',  ( -0.5443864854016887689, 0.8388345215309135350, 5.902250101442593284E-17 ) ) ;
#1245 = CARTESIAN_POINT ( 'NONE',  ( -16.47586025187432668, -2.761276782429340493, -19.09999999999999787 ) ) ;
#1246 = CARTESIAN_POINT ( 'NONE',  ( -17.68091756879050536, -2.631454898383842611, 1.134247261245282301 ) ) ;
#1247 = CARTESIAN_POINT ( 'NONE',  ( -17.26040677611012697, -3.279411780187102110, 17.21349548261577667 ) ) ;
#1248 = CARTESIAN_POINT ( 'NONE',  ( -16.41434023305464507, -2.688838202686139045, -18.46092962332806664 ) ) ;
#1249 = VERTEX_POINT ( 'NONE', #488 ) ;
#1250 = CARTESIAN_POINT ( 'NONE',  ( -16.39821889530365340, -2.589682679445397984, 1.342440306110718851 ) ) ;
#1251 = DIRECTION ( 'NONE',  ( 0.000000000000000000, 0.000000000000000000, 1.000000000000000000 ) ) ;
#1252 = CARTESIAN_POINT ( 'NONE',  ( -15.99999999999999645, 0.000000000000000000, 19.27586025187433449 ) ) ;
#1253 = CARTESIAN_POINT ( 'NONE',  ( 16.00000000000000000, 1.000000000000000000, -19.09999999999999787 ) ) ;
#1254 = AXIS2_PLACEMENT_3D ( 'NONE', #4940, #246, #2772 ) ;
#1255 = AXIS2_PLACEMENT_3D ( 'NONE', #2594, #3893, #2116 ) ;
#1256 = EDGE_CURVE ( 'NONE', #4600, #3983, #4885, .T. ) ;
#1257 = CARTESIAN_POINT ( 'NONE',  ( -17.57235157232401335, -2.761276782429307630, -1.041000340687230796 ) ) ;
#1258 = ORIENTED_EDGE ( 'NONE', *, *, #4492, .T. ) ;
#1259 = CARTESIAN_POINT ( 'NONE',  ( -17.68537097729297258, -2.624592728049852219, 18.12848557855133080 ) ) ;
#1260 = CIRCLE ( 'NONE', #4657, 1.350000000000002309 ) ;
#1261 = DIRECTION ( 'NONE',  ( 0.000000000000000000, 0.000000000000000000, 1.000000000000000000 ) ) ;
#1262 = AXIS2_PLACEMENT_3D ( 'NONE', #2673, #1475, #3185 ) ;
#1263 = CARTESIAN_POINT ( 'NONE',  ( -17.68537097729297258, -2.624592728049848667, -19.09999999999999787 ) ) ;
#1264 = ORIENTED_EDGE ( 'NONE', *, *, #767, .F. ) ;
#1265 = CARTESIAN_POINT ( 'NONE',  ( -16.42651365871104474, -2.712846292388454206, -15.48944666754871058 ) ) ;
#1266 = DIRECTION ( 'NONE',  ( 0.000000000000000000, -1.000000000000000000, 0.000000000000000000 ) ) ;
#1267 = ORIENTED_EDGE ( 'NONE', *, *, #3322, .T. ) ;
#1268 = ORIENTED_EDGE ( 'NONE', *, *, #801, .T. ) ;
#1269 = CARTESIAN_POINT ( 'NONE',  ( -15.99999999999999645, 1.000000000000000000, 23.10000000000000497 ) ) ;
#1270 = ORIENTED_EDGE ( 'NONE', *, *, #4630, .F. ) ;
#1271 = CARTESIAN_POINT ( 'NONE',  ( -16.17586025187432242, 0.000000000000000000, -15.37046975505607449 ) ) ;
#1272 = CARTESIAN_POINT ( 'NONE',  ( -15.99999999999999289, -2.461276782429340670, 19.27586025187433094 ) ) ;
#1273 = CARTESIAN_POINT ( 'NONE',  ( 4.499999972431507622, -2.589877796443168290, 19.30281360986984396 ) ) ;
#1274 = ADVANCED_FACE ( 'NONE', ( #5148 ), #5362, .T. ) ;
#1275 = CARTESIAN_POINT ( 'NONE',  ( 18.17537424984308814, -1.318477165402296203, -19.09999999999999787 ) ) ;
#1276 = ORIENTED_EDGE ( 'NONE', *, *, #704, .T. ) ;
#1277 = CARTESIAN_POINT ( 'NONE',  ( -16.92177160231899791, -2.390842763386489267, -16.24875177322172703 ) ) ;
#1278 = DIRECTION ( 'NONE',  ( 1.818932421199310721E-16, 0.5443864854016889909, -0.8388345215309136460 ) ) ;
#1279 = DIRECTION ( 'NONE',  ( 1.000000000000000000, 0.000000000000000000, 0.000000000000000000 ) ) ;
#1280 = CARTESIAN_POINT ( 'NONE',  ( 16.00000000000000355, -1.318477165402296203, -21.27537424984308601 ) ) ;
#1281 = VECTOR ( 'NONE', #4065, 1000.000000000000000 ) ;
#1282 = CARTESIAN_POINT ( 'NONE',  ( -17.68091756879050891, -2.631454898383839058, 18.13424726124505426 ) ) ;
#1283 = CARTESIAN_POINT ( 'NONE',  ( -17.43372062083369656, -2.761276782429341825, -18.12848557855159015 ) ) ;
#1284 = LINE ( 'NONE', #3524, #546 ) ;
#1285 = DIRECTION ( 'NONE',  ( 0.000000000000000000, 1.000000000000000000, 0.000000000000000000 ) ) ;
#1286 = ORIENTED_EDGE ( 'NONE', *, *, #22, .T. ) ;
#1287 = CARTESIAN_POINT ( 'NONE',  ( 5.012528649310381113, -3.078018158194763210, -18.96640141352165898 ) ) ;
#1288 = CARTESIAN_POINT ( 'NONE',  ( 4.999999999999999112, 0.000000000000000000, 19.86099466865222851 ) ) ;
#1289 = EDGE_LOOP ( 'NONE', ( #243, #1480, #1437, #502 ) ) ;
#1290 = ORIENTED_EDGE ( 'NONE', *, *, #2882, .T. ) ;
#1291 = CARTESIAN_POINT ( 'NONE',  ( -16.91202532835199079, -2.263131894695475488, -16.23096606014786758 ) ) ;
#1292 = VERTEX_POINT ( 'NONE', #4699 ) ;
#1293 = ORIENTED_EDGE ( 'NONE', *, *, #1352, .F. ) ;
#1294 = CARTESIAN_POINT ( 'NONE',  ( 1.877765552635376824E-13, 0.000000000000000000, 0.000000000000000000 ) ) ;
#1295 = ORIENTED_EDGE ( 'NONE', *, *, #562, .T. ) ;
#1296 = PLANE ( 'NONE',  #1412 ) ;
#1297 = LINE ( 'NONE', #1534, #3490 ) ;
#1298 = AXIS2_PLACEMENT_3D ( 'NONE', #4112, #3662, #1972 ) ;
#1299 = CARTESIAN_POINT ( 'NONE',  ( -16.17586025187432242, -2.441904586412985356, -18.62953024494370524 ) ) ;
#1300 = VERTEX_POINT ( 'NONE', #873 ) ;
#1301 = CARTESIAN_POINT ( 'NONE',  ( -17.48062216692520110, -2.682871376733793500, 0.8161916798957007391 ) ) ;
#1302 = ADVANCED_FACE ( 'NONE', ( #2793 ), #117, .F. ) ;
#1303 = CARTESIAN_POINT ( 'NONE',  ( -16.97059815863677912, -2.514001906062035108, 0.7660898563237446002 ) ) ;
#1304 = ADVANCED_FACE ( 'NONE', ( #539 ), #1574, .T. ) ;
#1305 = CARTESIAN_POINT ( 'NONE',  ( -17.03252458482138110, -2.472777061404314747, 16.32460686364549218 ) ) ;
#1306 = VECTOR ( 'NONE', #4892, 1000.000000000000000 ) ;
#1307 = DIRECTION ( 'NONE',  ( 1.000000000000000000, 0.000000000000000000, 0.000000000000000000 ) ) ;
#1308 = EDGE_CURVE ( 'NONE', #2955, #4527, #4168, .T. ) ;
#1309 = CARTESIAN_POINT ( 'NONE',  ( -17.15000000039903938, -3.449535428295260164, 16.93038756068219541 ) ) ;
#1310 = EDGE_LOOP ( 'NONE', ( #3879, #668, #4539, #2016 ) ) ;
#1311 = DIRECTION ( 'NONE',  ( 0.000000000000000000, 0.000000000000000000, 1.000000000000000000 ) ) ;
#1312 = DIRECTION ( 'NONE',  ( -1.084202172485504434E-16, 0.000000000000000000, 1.000000000000000000 ) ) ;
#1313 = CARTESIAN_POINT ( 'NONE',  ( -15.80000000000000071, -2.761276782429340493, -16.99999999999988987 ) ) ;
#1314 = ORIENTED_EDGE ( 'NONE', *, *, #5206, .F. ) ;
#1315 = EDGE_CURVE ( 'NONE', #474, #5485, #1679, .T. ) ;
#1316 = AXIS2_PLACEMENT_3D ( 'NONE', #2487, #2066, #1955 ) ;
#1317 = DIRECTION ( 'NONE',  ( -0.000000000000000000, 1.000000000000000000, -0.000000000000000000 ) ) ;
#1318 = VERTEX_POINT ( 'NONE', #3097 ) ;
#1319 = CIRCLE ( 'NONE', #5426, 0.3000000000000014877 ) ;
#1320 = ORIENTED_EDGE ( 'NONE', *, *, #4794, .T. ) ;
#1321 = CARTESIAN_POINT ( 'NONE',  ( 15.80000000000017835, 0.000000000000000000, -1.110223024625156540E-13 ) ) ;
#1322 = EDGE_CURVE ( 'NONE', #791, #726, #4175, .T. ) ;
#1323 = ORIENTED_EDGE ( 'NONE', *, *, #4231, .T. ) ;
#1324 = CARTESIAN_POINT ( 'NONE',  ( -16.17586025187432242, -2.441904586412985356, -15.37046975505607449 ) ) ;
#1325 = DIRECTION ( 'NONE',  ( 2.859012589278541159E-15, 0.000000000000000000, 1.000000000000000000 ) ) ;
#1326 = CARTESIAN_POINT ( 'NONE',  ( -16.91290387186571920, -2.261276782429340493, 16.23583707759052785 ) ) ;
#1327 = EDGE_LOOP ( 'NONE', ( #3655, #3559, #1370, #1583 ) ) ;
#1328 = CARTESIAN_POINT ( 'NONE',  ( -17.59666581547118369, -2.761276782429340937, 1.128485578551574164 ) ) ;
#1329 = CIRCLE ( 'NONE', #3747, 1.685370977292977690 ) ;
#1330 = CARTESIAN_POINT ( 'NONE',  ( 18.06682382297187317, -0.9057063555672495436, 19.09999999999999787 ) ) ;
#1331 = CARTESIAN_POINT ( 'NONE',  ( -16.00000000000000355, -1.260317096475860321, -19.09999999999999787 ) ) ;
#1332 = DIRECTION ( 'NONE',  ( 0.000000000000000000, 0.000000000000000000, -1.000000000000000000 ) ) ;
#1333 = CARTESIAN_POINT ( 'NONE',  ( -17.41430376235664923, -2.761276782429340937, -1.015631149066330341 ) ) ;
#1334 = DIRECTION ( 'NONE',  ( -1.501925087425806872E-16, -0.000000000000000000, -1.000000000000000000 ) ) ;
#1335 = DIRECTION ( 'NONE',  ( 0.000000000000000000, 0.000000000000000000, 1.000000000000000000 ) ) ;
#1336 = EDGE_CURVE ( 'NONE', #5360, #2694, #4426, .T. ) ;
#1337 = DIRECTION ( 'NONE',  ( -0.5621025027273300889, 0.000000000000000000, 0.8270675766995535527 ) ) ;
#1338 = ORIENTED_EDGE ( 'NONE', *, *, #4429, .F. ) ;
#1339 = AXIS2_PLACEMENT_3D ( 'NONE', #2020, #1191, #961 ) ;
#1340 = DIRECTION ( 'NONE',  ( 0.000000000000000000, 1.000000000000000000, 0.000000000000000000 ) ) ;
#1341 = ORIENTED_EDGE ( 'NONE', *, *, #933, .T. ) ;
#1342 = VECTOR ( 'NONE', #4993, 1000.000000000000000 ) ;
#1343 = DIRECTION ( 'NONE',  ( -9.082321863752915673E-17, -0.000000000000000000, 1.000000000000000000 ) ) ;
#1344 = DIRECTION ( 'NONE',  ( -1.000000000000000000, -0.000000000000000000, -0.000000000000000000 ) ) ;
#1345 = EDGE_LOOP ( 'NONE', ( #4683, #7, #2884, #2871 ) ) ;
#1346 = CARTESIAN_POINT ( 'NONE',  ( -16.00000000000000355, -2.461276782429340670, -20.53372062083370153 ) ) ;
#1347 = AXIS2_PLACEMENT_3D ( 'NONE', #2559, #2585, #4283 ) ;
#1348 = ORIENTED_EDGE ( 'NONE', *, *, #933, .F. ) ;
#1349 = DIRECTION ( 'NONE',  ( 0.5443864854016887689, 0.8388345215309135350, -9.579568227472271048E-18 ) ) ;
#1350 = CYLINDRICAL_SURFACE ( 'NONE', #830, 0.2999999999999981570 ) ;
#1351 = DIRECTION ( 'NONE',  ( 0.000000000000000000, 0.000000000000000000, 1.000000000000000000 ) ) ;
#1352 = EDGE_CURVE ( 'NONE', #5376, #831, #4864, .T. ) ;
#1353 = ORIENTED_EDGE ( 'NONE', *, *, #498, .T. ) ;
#1354 = CARTESIAN_POINT ( 'NONE',  ( -16.47586025187432668, -2.761276782429341381, -15.27787546329054535 ) ) ;
#1355 = B_SPLINE_CURVE_WITH_KNOTS ( 'NONE', 3,
 ( #2621, #2174, #493, #2545 ),
 .UNSPECIFIED., .F., .F.,
 ( 4, 4 ),
 ( 0.000000000000000000, 0.0002227706477409842594 ),
 .UNSPECIFIED. ) ;
#1356 = DIRECTION ( 'NONE',  ( -1.378677543226582664E-14, 0.000000000000000000, 1.000000000000000000 ) ) ;
#1357 =( BOUNDED_SURFACE ( )  B_SPLINE_SURFACE ( 3, 2, ( 
 ( #2133, #3854, #2949 ),
 ( #393, #2078, #5492 ),
 ( #1653, #3367, #102 ),
 ( #4416, #1431, #3035 ),
 ( #2160, #1845, #73 ),
 ( #4741, #1757, #3477 ) ),
 .UNSPECIFIED., .F., .F., .F. ) 
 B_SPLINE_SURFACE_WITH_KNOTS ( ( 4, 2, 4 ),
 ( 3, 3 ),
 ( -3.402509798035349862E-06, 0.0001578014212445684721, 0.0003190053522871722793 ),
 ( 0.000000000000000000, 1.000000000000000000 ),
 .UNSPECIFIED. ) 
 GEOMETRIC_REPRESENTATION_ITEM ( )  RATIONAL_B_SPLINE_SURFACE ( (
 ( 1.000000000000000000, 1.000000000000000000, 1.000000000000000000),
 ( 1.000000000000000000, 1.000892769164681839, 1.000000000000000000),
 ( 1.000000000000000000, 0.9833350963521783061, 1.000000000000000000),
 ( 1.000000000000000000, 0.9452470562640220564, 1.000000000000000000),
 ( 1.000000000000000000, 0.9280706857054258352, 1.000000000000000000),
 ( 1.000000000000000000, 0.9323756345168583426, 1.000000000000000000) ) ) 
 REPRESENTATION_ITEM ( '' )  SURFACE ( )  );
#1358 = DIRECTION ( 'NONE',  ( -9.082321863752915673E-17, -0.000000000000000000, 1.000000000000000000 ) ) ;
#1359 = DIRECTION ( 'NONE',  ( 9.082321863752916905E-17, -0.000000000000000000, -1.000000000000000000 ) ) ;
#1360 = AXIS2_PLACEMENT_3D ( 'NONE', #3569, #5278, #337 ) ;
#1361 = DIRECTION ( 'NONE',  ( -0.000000000000000000, 1.000000000000000000, -0.000000000000000000 ) ) ;
#1362 = CARTESIAN_POINT ( 'NONE',  ( -17.48062216692526150, -2.682871376733768631, -17.81619167989573782 ) ) ;
#1363 = DIRECTION ( 'NONE',  ( 1.000000000000000000, 0.000000000000000000, 1.084202172485504434E-16 ) ) ;
#1364 = CARTESIAN_POINT ( 'NONE',  ( -16.67586025187432242, -7.000000000000000000, -15.37046975505607449 ) ) ;
#1365 = B_SPLINE_CURVE_WITH_KNOTS ( 'NONE', 3,
 ( #1007, #1890, #3158, #3548 ),
 .UNSPECIFIED., .F., .F.,
 ( 4, 4 ),
 ( 0.000000000000000000, 0.0003881701390680920762 ),
 .UNSPECIFIED. ) ;
#1366 = DIRECTION ( 'NONE',  ( 0.000000000000000000, 0.000000000000000000, 1.000000000000000000 ) ) ;
#1367 = EDGE_CURVE ( 'NONE', #1395, #4130, #3450, .T. ) ;
#1368 = ORIENTED_EDGE ( 'NONE', *, *, #5353, .F. ) ;
#1369 = CARTESIAN_POINT ( 'NONE',  ( -18.06941726076100707, -2.032823297548783881, 16.89825142279990189 ) ) ;
#1370 = ORIENTED_EDGE ( 'NONE', *, *, #998, .T. ) ;
#1371 = LINE ( 'NONE', #579, #2768 ) ;
#1372 = VERTEX_POINT ( 'NONE', #1919 ) ;
#1373 = CARTESIAN_POINT ( 'NONE',  ( -17.37199030888799101, -2.681343701765992460, -17.74033787754509461 ) ) ;
#1374 = EDGE_CURVE ( 'NONE', #3066, #5025, #2282, .T. ) ;
#1375 = ORIENTED_EDGE ( 'NONE', *, *, #150, .F. ) ;
#1376 = CARTESIAN_POINT ( 'NONE',  ( -16.43914126488126470, -7.000000000000000000, -18.18911666522916093 ) ) ;
#1377 = CARTESIAN_POINT ( 'NONE',  ( -15.99999999999998934, -1.260317096475860321, 21.57537424984309027 ) ) ;
#1378 = CARTESIAN_POINT ( 'NONE',  ( 18.06682382297187317, -0.9057063555672495436, 19.09999999999999787 ) ) ;
#1379 = ORIENTED_EDGE ( 'NONE', *, *, #2525, .T. ) ;
#1380 = LINE ( 'NONE', #1056, #4214 ) ;
#1381 = EDGE_CURVE ( 'NONE', #2791, #2450, #5331, .T. ) ;
#1382 = CARTESIAN_POINT ( 'NONE',  ( -16.42651365871104474, -2.712846292388454206, -18.51055333245107093 ) ) ;
#1383 = CARTESIAN_POINT ( 'NONE',  ( 17.86442984884771690, 0.000000000000000000, 19.09999999999999432 ) ) ;
#1384 = CARTESIAN_POINT ( 'NONE',  ( -16.17586025187432597, -2.461276782429339782, 1.722124536709383813 ) ) ;
#1385 = CARTESIAN_POINT ( 'NONE',  ( 4.520359041549069090, -2.692554804834458970, -19.38204962839879641 ) ) ;
#1386 = AXIS2_PLACEMENT_3D ( 'NONE', #231, #5003, #4982 ) ;
#1387 =( BOUNDED_SURFACE ( )  B_SPLINE_SURFACE ( 3, 2, ( 
 ( #4501, #4098, #1156 ),
 ( #3648, #2435, #3730 ),
 ( #2007, #5375, #5348 ),
 ( #1514, #3195, #4905 ),
 ( #2802, #4601, #4967 ),
 ( #274, #772, #4525 ) ),
 .UNSPECIFIED., .F., .F., .F. ) 
 B_SPLINE_SURFACE_WITH_KNOTS ( ( 4, 2, 4 ),
 ( 3, 3 ),
 ( -3.402509798031487392E-06, 0.0001578014212445688245, 0.0003190053522871691351 ),
 ( 0.000000000000000000, 1.000000000000000000 ),
 .UNSPECIFIED. ) 
 GEOMETRIC_REPRESENTATION_ITEM ( )  RATIONAL_B_SPLINE_SURFACE ( (
 ( 1.000000000000000000, 1.000000000000000000, 1.000000000000000000),
 ( 1.000000000000000000, 1.000892769164779095, 1.000000000000000000),
 ( 1.000000000000000000, 0.9833350963520546273, 1.000000000000000000),
 ( 1.000000000000000000, 0.9452470562641908103, 1.000000000000000000),
 ( 1.000000000000000000, 0.9280706857053693248, 1.000000000000000000),
 ( 1.000000000000000000, 0.9323756345168989768, 1.000000000000000000) ) ) 
 REPRESENTATION_ITEM ( '' )  SURFACE ( )  );
#1388 = CARTESIAN_POINT ( 'NONE',  ( 16.00000000000000355, 0.000000000000000000, 19.10000000000000142 ) ) ;
#1389 = LINE ( 'NONE', #264, #4134 ) ;
#1390 = DIRECTION ( 'NONE',  ( 0.000000000000000000, 1.000000000000000000, -0.000000000000000000 ) ) ;
#1391 = EDGE_CURVE ( 'NONE', #5025, #2519, #4706, .T. ) ;
#1392 = LINE ( 'NONE', #4843, #2837 ) ;
#1393 = CARTESIAN_POINT ( 'NONE',  ( 15.80000000000000071, 0.000000000000000000, -17.00000000000011369 ) ) ;
#1394 = ORIENTED_EDGE ( 'NONE', *, *, #3598, .F. ) ;
#1395 = VERTEX_POINT ( 'NONE', #2223 ) ;
#1396 = CYLINDRICAL_SURFACE ( 'NONE', #1684, 0.3000000000000016542 ) ;
#1397 = EDGE_CURVE ( 'NONE', #4877, #1429, #4840, .T. ) ;
#1398 = DIRECTION ( 'NONE',  ( 9.082321863752916905E-17, -0.000000000000000000, -1.000000000000000000 ) ) ;
#1399 = AXIS2_PLACEMENT_3D ( 'NONE', #1723, #3436, #1667 ) ;
#1400 = EDGE_CURVE ( 'NONE', #88, #1664, #5234, .T. ) ;
#1401 = VERTEX_POINT ( 'NONE', #1414 ) ;
#1402 = FACE_OUTER_BOUND ( 'NONE', #4381, .T. ) ;
#1403 = ORIENTED_EDGE ( 'NONE', *, *, #1954, .F. ) ;
#1404 = CARTESIAN_POINT ( 'NONE',  ( -16.17586025187432597, 0.000000000000000000, 1.629530244943826256 ) ) ;
#1405 = CARTESIAN_POINT ( 'NONE',  ( -16.47586025187432668, -2.461276782429339782, -15.27787546329054535 ) ) ;
#1406 = ADVANCED_FACE ( 'NONE', ( #3126 ), #4624, .T. ) ;
#1407 = CARTESIAN_POINT ( 'NONE',  ( -17.36694975814087272, -2.761276782429340493, -0.9834472306440678047 ) ) ;
#1408 = VERTEX_POINT ( 'NONE', #2702 ) ;
#1409 = DIRECTION ( 'NONE',  ( 9.082321863752916905E-17, -0.000000000000000000, -1.000000000000000000 ) ) ;
#1410 = DIRECTION ( 'NONE',  ( 1.000000000000000000, 0.000000000000000000, 1.156482317317864980E-14 ) ) ;
#1411 = CYLINDRICAL_SURFACE ( 'NONE', #4029, 0.3000000000000016542 ) ;
#1412 = AXIS2_PLACEMENT_3D ( 'NONE', #1245, #2159, #2921 ) ;
#1413 = CARTESIAN_POINT ( 'NONE',  ( -15.99999999999999645, 0.000000000000000000, 19.27586025187433094 ) ) ;
#1414 = CARTESIAN_POINT ( 'NONE',  ( 20.00000000000000355, 1.000000000000000000, 19.10000000000000142 ) ) ;
#1415 = CARTESIAN_POINT ( 'NONE',  ( -17.43372062083370011, -2.761276782429340493, 18.12848557855133791 ) ) ;
#1416 = CARTESIAN_POINT ( 'NONE',  ( -16.17586025187432242, -2.674574700801792826, -15.47264070632997957 ) ) ;
#1417 = CARTESIAN_POINT ( 'NONE',  ( -17.68537097729297258, -2.624592728049848667, -1.128485578551358115 ) ) ;
#1418 = VERTEX_POINT ( 'NONE', #1474 ) ;
#1419 = ORIENTED_EDGE ( 'NONE', *, *, #1981, .F. ) ;
#1420 = AXIS2_PLACEMENT_3D ( 'NONE', #4791, #68, #5184 ) ;
#1421 = CARTESIAN_POINT ( 'NONE',  ( -18.47537424984308174, -1.260317096475860321, -19.09999999999999787 ) ) ;
#1422 = ORIENTED_EDGE ( 'NONE', *, *, #296, .F. ) ;
#1423 = CARTESIAN_POINT ( 'NONE',  ( -17.79903525207020465, -2.449449663141535893, -0.9683282797477074100 ) ) ;
#1424 = AXIS2_PLACEMENT_3D ( 'NONE', #1213, #4636, #3737 ) ;
#1425 = ORIENTED_EDGE ( 'NONE', *, *, #1432, .T. ) ;
#1426 = CARTESIAN_POINT ( 'NONE',  ( 15.99999999999999645, -1.318477165402296203, -21.57537424984308316 ) ) ;
#1427 = VECTOR ( 'NONE', #138, 1000.000000000000000 ) ;
#1428 = VECTOR ( 'NONE', #2388, 1000.000000000000000 ) ;
#1429 = VERTEX_POINT ( 'NONE', #203 ) ;
#1430 = CARTESIAN_POINT ( 'NONE',  ( -15.99999999999998934, -0.6220286093256309767, 21.26442984884771903 ) ) ;
#1431 = CARTESIAN_POINT ( 'NONE',  ( -17.17936786132557359, -2.694393592153224049, -17.74827956260114448 ) ) ;
#1432 = EDGE_CURVE ( 'NONE', #2519, #3260, #3606, .T. ) ;
#1433 = AXIS2_PLACEMENT_3D ( 'NONE', #1224, #3801, #2927 ) ;
#1434 = AXIS2_PLACEMENT_3D ( 'NONE', #420, #2979, #3823 ) ;
#1435 = VERTEX_POINT ( 'NONE', #344 ) ;
#1436 = LINE ( 'NONE', #3146, #4443 ) ;
#1437 = ORIENTED_EDGE ( 'NONE', *, *, #4831, .T. ) ;
#1438 = DIRECTION ( 'NONE',  ( 0.000000000000000000, -0.000000000000000000, 1.000000000000000000 ) ) ;
#1439 = CARTESIAN_POINT ( 'NONE',  ( -16.47586025187432668, -2.761276782429340493, -18.72212453670923438 ) ) ;
#1440 = EDGE_CURVE ( 'NONE', #2662, #2372, #153, .T. ) ;
#1441 = EDGE_CURVE ( 'NONE', #2448, #37, #3273, .T. ) ;
#1442 = DIRECTION ( 'NONE',  ( 1.000000000000000000, 0.000000000000000000, 0.000000000000000000 ) ) ;
#1443 = CARTESIAN_POINT ( 'NONE',  ( -16.47586025187433023, -2.761276782429340493, 1.722124536709382481 ) ) ;
#1444 = CARTESIAN_POINT ( 'NONE',  ( -17.68537097729297258, -2.624592728049849111, -19.09999999999999787 ) ) ;
#1445 = CARTESIAN_POINT ( 'NONE',  ( -17.41329830943926638, -2.761276782429340493, -15.98505275966266836 ) ) ;
#1446 = ADVANCED_FACE ( 'NONE', ( #1586 ), #4197, .F. ) ;
#1447 = CARTESIAN_POINT ( 'NONE',  ( 19.99999999999999645, 1.000000000000000000, -23.09999999999999787 ) ) ;
#1448 = DIRECTION ( 'NONE',  ( -1.000000000000000000, -0.000000000000000000, -0.000000000000000000 ) ) ;
#1449 = EDGE_CURVE ( 'NONE', #5423, #4499, #1046, .T. ) ;
#1450 = FACE_OUTER_BOUND ( 'NONE', #2162, .T. ) ;
#1451 = EDGE_CURVE ( 'NONE', #474, #2571, #4565, .T. ) ;
#1452 = CARTESIAN_POINT ( 'NONE',  ( -17.14272612737121548, -2.707035054904098015, -0.8482349303296536913 ) ) ;
#1453 = ORIENTED_EDGE ( 'NONE', *, *, #1005, .F. ) ;
#1454 = ORIENTED_EDGE ( 'NONE', *, *, #1078, .F. ) ;
#1455 = CARTESIAN_POINT ( 'NONE',  ( 5.000015235422321069, -2.747875751656037924, 18.82509519665752151 ) ) ;
#1456 = CARTESIAN_POINT ( 'NONE',  ( -16.91202532835212224, -2.263131894695777913, -0.7690339398514910441 ) ) ;
#1457 = ORIENTED_EDGE ( 'NONE', *, *, #2731, .F. ) ;
#1458 = CARTESIAN_POINT ( 'NONE',  ( -16.41434023305460599, -2.688838202686077761, 18.46092962332804532 ) ) ;
#1459 = AXIS2_PLACEMENT_3D ( 'NONE', #5027, #804, #3795 ) ;
#1460 = ORIENTED_EDGE ( 'NONE', *, *, #2898, .F. ) ;
#1461 = DIRECTION ( 'NONE',  ( 1.000000000000000000, -0.000000000000000000, -3.577867169202174099E-15 ) ) ;
#1462 = CARTESIAN_POINT ( 'NONE',  ( -16.17586025187432597, -2.432301537196425834, 15.42514005821133871 ) ) ;
#1463 = ORIENTED_EDGE ( 'NONE', *, *, #4831, .F. ) ;
#1464 = CARTESIAN_POINT ( 'NONE',  ( 18.06682382297187672, -0.9057063555672495436, 19.09999999999999432 ) ) ;
#1465 = ORIENTED_EDGE ( 'NONE', *, *, #2807, .F. ) ;
#1466 = CARTESIAN_POINT ( 'NONE',  ( -15.99999999999999289, 0.000000000000000000, 19.27586025187433094 ) ) ;
#1467 = CARTESIAN_POINT ( 'NONE',  ( -16.43914126488126470, 0.000000000000000000, -15.81088333477061880 ) ) ;
#1468 = DIRECTION ( 'NONE',  ( -1.000000000000000000, 0.000000000000000000, 1.084202172485504434E-16 ) ) ;
#1469 = CARTESIAN_POINT ( 'NONE',  ( -16.39643796601611214, -2.605314419040079876, 15.65016017861725572 ) ) ;
#1470 = FACE_OUTER_BOUND ( 'NONE', #2333, .T. ) ;
#1471 = ORIENTED_EDGE ( 'NONE', *, *, #4268, .F. ) ;
#1472 = CARTESIAN_POINT ( 'NONE',  ( 4.743619525061239628, -2.761276782429340937, -19.57586025187433165 ) ) ;
#1473 = EDGE_CURVE ( 'NONE', #2635, #1238, #3746, .T. ) ;
#1474 = CARTESIAN_POINT ( 'NONE',  ( 5.000000000000004441, 0.000000000000000000, -18.77586025187432739 ) ) ;
#1475 = DIRECTION ( 'NONE',  ( -0.000000000000000000, 1.000000000000000000, -0.000000000000000000 ) ) ;
#1476 = CIRCLE ( 'NONE', #3986, 1.349999999999996980 ) ;
#1477 = CARTESIAN_POINT ( 'NONE',  ( -16.91290387186570854, -2.261276782429340493, 17.76416292240968176 ) ) ;
#1478 = EDGE_CURVE ( 'NONE', #1429, #1055, #1608, .T. ) ;
#1479 = CARTESIAN_POINT ( 'NONE',  ( -16.00000000000000355, -0.6220286093256309767, -21.26442984884771548 ) ) ;
#1480 = ORIENTED_EDGE ( 'NONE', *, *, #1175, .F. ) ;
#1481 = VECTOR ( 'NONE', #4200, 1000.000000000000000 ) ;
#1482 = VERTEX_POINT ( 'NONE', #4591 ) ;
#1483 = ADVANCED_FACE ( 'NONE', ( #2401 ), #4541, .T. ) ;
#1484 = DIRECTION ( 'NONE',  ( -0.9455924874720629258, 0.3253534195861428335, 1.663958968863804353E-17 ) ) ;
#1485 = EDGE_LOOP ( 'NONE', ( #1819, #3819, #431, #2006, #2926 ) ) ;
#1486 = CARTESIAN_POINT ( 'NONE',  ( -17.43372062083370011, -2.461276782429341559, 15.87151442144887170 ) ) ;
#1487 = CONICAL_SURFACE ( 'NONE', #3726, 1.685370977292970807, 0.5756575517033382106 ) ;
#1488 = VERTEX_POINT ( 'NONE', #4958 ) ;
#1489 = CARTESIAN_POINT ( 'NONE',  ( -16.17586025187432597, -2.441904586412964928, 18.62953024494373366 ) ) ;
#1490 = VERTEX_POINT ( 'NONE', #3320 ) ;
#1491 = DIRECTION ( 'NONE',  ( 0.000000000000000000, 0.000000000000000000, 1.000000000000000000 ) ) ;
#1492 = CARTESIAN_POINT ( 'NONE',  ( 4.999999999999999112, -44.23524452124112827, 19.86099466865222851 ) ) ;
#1493 = EDGE_LOOP ( 'NONE', ( #4553, #3624, #2311, #1341 ) ) ;
#1494 = ORIENTED_EDGE ( 'NONE', *, *, #2354, .F. ) ;
#1495 = CYLINDRICAL_SURFACE ( 'NONE', #2052, 0.3000000000000016542 ) ;
#1496 = EDGE_CURVE ( 'NONE', #3026, #2955, #1799, .T. ) ;
#1497 = FACE_OUTER_BOUND ( 'NONE', #5372, .T. ) ;
#1498 = AXIS2_PLACEMENT_3D ( 'NONE', #1204, #1644, #4575 ) ;
#1499 = FACE_OUTER_BOUND ( 'NONE', #3388, .T. ) ;
#1500 = CARTESIAN_POINT ( 'NONE',  ( -17.24905748608680511, -2.634907256873733061, -0.6922889248848510535 ) ) ;
#1501 = DIRECTION ( 'NONE',  ( -0.000000000000000000, -1.000000000000000000, -0.000000000000000000 ) ) ;
#1502 = ORIENTED_EDGE ( 'NONE', *, *, #3805, .T. ) ;
#1503 = CARTESIAN_POINT ( 'NONE',  ( -18.47537424984307819, -1.318477165402296203, -19.09999999999999787 ) ) ;
#1504 = CARTESIAN_POINT ( 'NONE',  ( -16.17586025187432242, 0.000000000000000000, -19.09999999999999787 ) ) ;
#1505 = FACE_OUTER_BOUND ( 'NONE', #3710, .T. ) ;
#1506 = CARTESIAN_POINT ( 'NONE',  ( 16.00000000000000000, 1.000000000000000000, -19.09999999999999787 ) ) ;
#1507 = CARTESIAN_POINT ( 'NONE',  ( -17.11947023826695613, -1.825095997098252987, -17.29497650094524630 ) ) ;
#1508 = CARTESIAN_POINT ( 'NONE',  ( -16.97434785945356595, -2.520780012317985097, -0.7675419898958819598 ) ) ;
#1509 = VERTEX_POINT ( 'NONE', #4116 ) ;
#1510 = EDGE_CURVE ( 'NONE', #1135, #864, #4752, .T. ) ;
#1511 = ORIENTED_EDGE ( 'NONE', *, *, #4045, .T. ) ;
#1512 = FACE_OUTER_BOUND ( 'NONE', #4469, .T. ) ;
#1513 = ORIENTED_EDGE ( 'NONE', *, *, #5292, .T. ) ;
#1514 = CARTESIAN_POINT ( 'NONE',  ( -17.13710406055792745, -2.703303305887812868, 17.84521453967159843 ) ) ;
#1515 = ORIENTED_EDGE ( 'NONE', *, *, #866, .T. ) ;
#1516 = CARTESIAN_POINT ( 'NONE',  ( -15.99999999999999645, -2.761276782429340493, 19.10000000000000497 ) ) ;
#1517 = ORIENTED_EDGE ( 'NONE', *, *, #1901, .T. ) ;
#1518 = FACE_OUTER_BOUND ( 'NONE', #1200, .T. ) ;
#1519 = DIRECTION ( 'NONE',  ( 0.000000000000000000, 0.000000000000000000, 1.000000000000000000 ) ) ;
#1520 = VECTOR ( 'NONE', #3604, 1000.000000000000000 ) ;
#1521 = VERTEX_POINT ( 'NONE', #5035 ) ;
#1522 = CARTESIAN_POINT ( 'NONE',  ( -16.17586025187432952, -2.674574700801749305, -1.527359293669684259 ) ) ;
#1523 = FACE_OUTER_BOUND ( 'NONE', #892, .T. ) ;
#1524 = AXIS2_PLACEMENT_3D ( 'NONE', #4420, #4139, #5430 ) ;
#1525 = CARTESIAN_POINT ( 'NONE',  ( -16.00000000000000355, 0.000000000000000000, -19.27586025187433094 ) ) ;
#1526 = AXIS2_PLACEMENT_3D ( 'NONE', #4804, #5330, #1438 ) ;
#1527 = CIRCLE ( 'NONE', #4661, 0.2999999999999981570 ) ;
#1528 = CARTESIAN_POINT ( 'NONE',  ( -16.17586025187432597, -2.408774909682624088, 1.440917787625894730 ) ) ;
#1529 = ORIENTED_EDGE ( 'NONE', *, *, #3909, .T. ) ;
#1530 = DIRECTION ( 'NONE',  ( 2.168404344971008868E-16, 0.000000000000000000, -1.000000000000000000 ) ) ;
#1531 = EDGE_CURVE ( 'NONE', #2694, #864, #2901, .T. ) ;
#1532 = CIRCLE ( 'NONE', #5284, 2.066823822971870062 ) ;
#1533 = CARTESIAN_POINT ( 'NONE',  ( -16.92177160231604560, -2.390842763387099890, 17.75124822678204239 ) ) ;
#1534 = CARTESIAN_POINT ( 'NONE',  ( -20.00000000000000355, 1.000000000000000000, -19.09999999999999787 ) ) ;
#1535 = CARTESIAN_POINT ( 'NONE',  ( 16.00000000000000355, -0.6220286093256309767, 19.10000000000000142 ) ) ;
#1536 = CARTESIAN_POINT ( 'NONE',  ( -18.02758017987204298, -2.097289239799075666, -17.40422705685090321 ) ) ;
#1537 = AXIS2_PLACEMENT_3D ( 'NONE', #3237, #4477, #3282 ) ;
#1538 = EDGE_CURVE ( 'NONE', #3479, #1193, #787, .T. ) ;
#1539 = DIRECTION ( 'NONE',  ( 1.000000000000000000, -0.000000000000000000, 9.082321863752915673E-17 ) ) ;
#1540 = ORIENTED_EDGE ( 'NONE', *, *, #5274, .T. ) ;
#1541 =( BOUNDED_SURFACE ( )  B_SPLINE_SURFACE ( 3, 2, ( 
 ( #1001, #1059, #110 ),
 ( #5227, #3151, #3627 ),
 ( #618, #4777, #4450 ),
 ( #4020, #5305, #1851 ) ),
 .UNSPECIFIED., .F., .F., .F. ) 
 B_SPLINE_SURFACE_WITH_KNOTS ( ( 4, 4 ),
 ( 3, 3 ),
 ( 0.000000000000000000, 0.0001654608312810083620 ),
 ( 0.000000000000000000, 1.000000000000000000 ),
 .UNSPECIFIED. ) 
 GEOMETRIC_REPRESENTATION_ITEM ( )  RATIONAL_B_SPLINE_SURFACE ( (
 ( 1.000000000000000000, 0.8787452661043717583, 1.000000000000000000),
 ( 1.000000000000000000, 0.9096091172871486608, 1.000000000000000000),
 ( 1.000000000000000000, 0.9339119250439243958, 1.000000000000000000),
 ( 1.000000000000000000, 0.9323756345169034176, 1.000000000000000000) ) ) 
 REPRESENTATION_ITEM ( '' )  SURFACE ( )  );
#1542 = DIRECTION ( 'NONE',  ( 5.637851296924633154E-14, 0.000000000000000000, 1.000000000000000000 ) ) ;
#1543 = VERTEX_POINT ( 'NONE', #2054 ) ;
#1544 = DIRECTION ( 'NONE',  ( -0.000000000000000000, 1.000000000000000000, -0.000000000000000000 ) ) ;
#1545 = ORIENTED_EDGE ( 'NONE', *, *, #2898, .T. ) ;
#1546 = EDGE_CURVE ( 'NONE', #4326, #3199, #2342, .T. ) ;
#1547 = ORIENTED_EDGE ( 'NONE', *, *, #4268, .T. ) ;
#1548 = EDGE_CURVE ( 'NONE', #1843, #791, #686, .T. ) ;
#1549 = DIRECTION ( 'NONE',  ( -0.000000000000000000, 1.000000000000000000, -0.000000000000000000 ) ) ;
#1550 = VERTEX_POINT ( 'NONE', #4148 ) ;
#1551 = DIRECTION ( 'NONE',  ( -1.000000000000000000, 0.000000000000000000, 3.577867169202174099E-15 ) ) ;
#1552 = EDGE_CURVE ( 'NONE', #2771, #3981, #1976, .T. ) ;
#1553 = CARTESIAN_POINT ( 'NONE',  ( -16.17586025187432597, -2.745442934920382605, -18.65074213166766270 ) ) ;
#1554 = DIRECTION ( 'NONE',  ( 0.000000000000000000, 0.000000000000000000, 1.000000000000000000 ) ) ;
#1555 = DIRECTION ( 'NONE',  ( 0.000000000000000000, 1.000000000000000000, 0.000000000000000000 ) ) ;
#1556 = ORIENTED_EDGE ( 'NONE', *, *, #4598, .T. ) ;
#1557 = EDGE_CURVE ( 'NONE', #3222, #3555, #712, .T. ) ;
#1558 = CARTESIAN_POINT ( 'NONE',  ( -16.17586025187432597, -2.461276782429340670, 18.72212453670931609 ) ) ;
#1559 = B_SPLINE_CURVE_WITH_KNOTS ( 'NONE', 3,
 ( #4498, #2357, #4005, #2323 ),
 .UNSPECIFIED., .F., .F.,
 ( 4, 4 ),
 ( -4.434540387525748828E-06, 0.0005689958006611199604 ),
 .UNSPECIFIED. ) ;
#1560 = ORIENTED_EDGE ( 'NONE', *, *, #1636, .T. ) ;
#1561 = CARTESIAN_POINT ( 'NONE',  ( -16.40215748671853291, -2.433509384184524560, 1.232832891661096664 ) ) ;
#1562 = CARTESIAN_POINT ( 'NONE',  ( -17.25557228288820255, -2.761276782429340937, 17.91125945132477071 ) ) ;
#1563 = CARTESIAN_POINT ( 'NONE',  ( -17.93662936813097986, -2.237433572356058331, -17.69572640741901637 ) ) ;
#1564 = CARTESIAN_POINT ( 'NONE',  ( 15.80000000000000071, 0.000000000000000000, -17.00000000000011369 ) ) ;
#1565 = B_SPLINE_CURVE_WITH_KNOTS ( 'NONE', 3,
 ( #627, #2732, #5339, #1067 ),
 .UNSPECIFIED., .F., .F.,
 ( 4, 4 ),
 ( 0.000000000000000000, 9.595388173453309167E-05 ),
 .UNSPECIFIED. ) ;
#1566 = ORIENTED_EDGE ( 'NONE', *, *, #2171, .F. ) ;
#1567 = LINE ( 'NONE', #1591, #1146 ) ;
#1568 = ORIENTED_EDGE ( 'NONE', *, *, #2895, .T. ) ;
#1569 = LINE ( 'NONE', #749, #1770 ) ;
#1570 = CARTESIAN_POINT ( 'NONE',  ( -16.00000000000000355, 0.000000000000000000, -19.09999999999999787 ) ) ;
#1571 = CIRCLE ( 'NONE', #512, 0.2999999999999981570 ) ;
#1572 = ORIENTED_EDGE ( 'NONE', *, *, #4642, .F. ) ;
#1573 = FACE_OUTER_BOUND ( 'NONE', #1646, .T. ) ;
#1574 = CONICAL_SURFACE ( 'NONE', #5153, 1.685370977292974359, 0.5756575517033382106 ) ;
#1575 = ADVANCED_FACE ( 'NONE', ( #1147 ), #3456, .F. ) ;
#1576 = VERTEX_POINT ( 'NONE', #2164 ) ;
#1577 = CARTESIAN_POINT ( 'NONE',  ( -16.23359033370486415, -2.377535297380075185, -1.392279498846706876 ) ) ;
#1578 = CARTESIAN_POINT ( 'NONE',  ( 0.000000000000000000, -2.461276782429340670, -20.53372062083369798 ) ) ;
#1579 = FACE_OUTER_BOUND ( 'NONE', #3297, .T. ) ;
#1580 = EDGE_CURVE ( 'NONE', #3757, #3066, #5458, .T. ) ;
#1581 = CARTESIAN_POINT ( 'NONE',  ( -17.24905748608670919, -2.634907256873744608, 17.69228892488485982 ) ) ;
#1582 = CARTESIAN_POINT ( 'NONE',  ( -16.47586025187433023, -2.441904586412964928, 18.62953024494373366 ) ) ;
#1583 = ORIENTED_EDGE ( 'NONE', *, *, #838, .F. ) ;
#1584 = DIRECTION ( 'NONE',  ( -0.000000000000000000, 1.000000000000000000, -0.000000000000000000 ) ) ;
#1585 = CIRCLE ( 'NONE', #1749, 0.3000000000000016542 ) ;
#1586 = FACE_OUTER_BOUND ( 'NONE', #939, .T. ) ;
#1587 = AXIS2_PLACEMENT_3D ( 'NONE', #3432, #1307, #3043 ) ;
#1588 = CARTESIAN_POINT ( 'NONE',  ( -17.30587230842900581, -2.762465887268338083, -16.19878953632009910 ) ) ;
#1589 = LINE ( 'NONE', #1980, #4092 ) ;
#1590 = ORIENTED_EDGE ( 'NONE', *, *, #3528, .F. ) ;
#1591 = CARTESIAN_POINT ( 'NONE',  ( 0.000000000000000000, -1.481793111022802201, -21.52702460630235493 ) ) ;
#1592 = ORIENTED_EDGE ( 'NONE', *, *, #2222, .T. ) ;
#1593 = DIRECTION ( 'NONE',  ( 9.082321863752916905E-17, -0.000000000000000000, -1.000000000000000000 ) ) ;
#1594 = AXIS2_PLACEMENT_3D ( 'NONE', #5245, #3537, #2716 ) ;
#1595 = VERTEX_POINT ( 'NONE', #4313 ) ;
#1596 = CARTESIAN_POINT ( 'NONE',  ( -18.06941726076545862, -2.032823297541921814, -16.99999999999988987 ) ) ;
#1597 = ORIENTED_EDGE ( 'NONE', *, *, #1451, .T. ) ;
#1598 = DIRECTION ( 'NONE',  ( 0.000000000000000000, -1.000000000000000000, 0.000000000000000000 ) ) ;
#1599 = DIRECTION ( 'NONE',  ( 0.000000000000000000, 0.3253534195861428335, 0.9455924874720629258 ) ) ;
#1600 = CARTESIAN_POINT ( 'NONE',  ( -16.45959915732569101, -2.761276782429340049, 18.64881327993694882 ) ) ;
#1601 = CIRCLE ( 'NONE', #3040, 4.000000000000000000 ) ;
#1602 = CARTESIAN_POINT ( 'NONE',  ( -17.02323375616370171, -2.028306737900763324, 16.42405553764459469 ) ) ;
#1603 = DIRECTION ( 'NONE',  ( -0.000000000000000000, 1.000000000000000000, 0.000000000000000000 ) ) ;
#1604 = VERTEX_POINT ( 'NONE', #80 ) ;
#1605 = AXIS2_PLACEMENT_3D ( 'NONE', #2834, #5405, #4160 ) ;
#1606 = EDGE_CURVE ( 'NONE', #126, #3260, #2597, .T. ) ;
#1607 = VECTOR ( 'NONE', #978, 1000.000000000000000 ) ;
#1608 = LINE ( 'NONE', #2873, #2191 ) ;
#1609 = VECTOR ( 'NONE', #490, 1000.000000000000227 ) ;
#1610 = CARTESIAN_POINT ( 'NONE',  ( -16.95269420987104425, -2.177256420440634610, -17.70661793387008132 ) ) ;
#1611 = CIRCLE ( 'NONE', #2059, 4.000000000000000000 ) ;
#1612 = AXIS2_PLACEMENT_3D ( 'NONE', #2452, #2026, #1226 ) ;
#1613 = EDGE_CURVE ( 'NONE', #3583, #2120, #485, .T. ) ;
#1614 = VERTEX_POINT ( 'NONE', #1762 ) ;
#1615 = ORIENTED_EDGE ( 'NONE', *, *, #1071, .F. ) ;
#1616 = DIRECTION ( 'NONE',  ( 1.000000000000000000, 0.000000000000000000, 1.310874163206655416E-16 ) ) ;
#1617 = CARTESIAN_POINT ( 'NONE',  ( 16.00000000000000000, -2.761276782429340493, -19.09999999999999787 ) ) ;
#1618 = VERTEX_POINT ( 'NONE', #2958 ) ;
#1619 = CARTESIAN_POINT ( 'NONE',  ( -15.80000000000000071, -2.261276782429340493, -16.99999999999988987 ) ) ;
#1620 = ORIENTED_EDGE ( 'NONE', *, *, #1352, .T. ) ;
#1621 = ORIENTED_EDGE ( 'NONE', *, *, #4901, .F. ) ;
#1622 = CARTESIAN_POINT ( 'NONE',  ( -19.99999999999999645, 0.000000000000000000, 23.10000000000000497 ) ) ;
#1623 = CIRCLE ( 'NONE', #5023, 0.3000000000000016542 ) ;
#1624 = ORIENTED_EDGE ( 'NONE', *, *, #1391, .T. ) ;
#1625 = CARTESIAN_POINT ( 'NONE',  ( -16.17586025187432242, 0.000000000000000000, -19.09999999999999787 ) ) ;
#1626 = FACE_OUTER_BOUND ( 'NONE', #2038, .T. ) ;
#1627 = CARTESIAN_POINT ( 'NONE',  ( 5.000468141975099812, -2.880658134990802477, 18.86211210242208836 ) ) ;
#1628 = FACE_OUTER_BOUND ( 'NONE', #3255, .T. ) ;
#1629 = DIRECTION ( 'NONE',  ( 0.000000000000000000, 1.000000000000000000, 0.000000000000000000 ) ) ;
#1630 = ORIENTED_EDGE ( 'NONE', *, *, #2462, .F. ) ;
#1631 = CARTESIAN_POINT ( 'NONE',  ( -15.79999999999982130, -2.261276782429340493, 1.110223024625156540E-13 ) ) ;
#1632 = ORIENTED_EDGE ( 'NONE', *, *, #744, .F. ) ;
#1633 = CARTESIAN_POINT ( 'NONE',  ( -16.42651365871101987, -2.712846292388428449, 1.510553332451165298 ) ) ;
#1634 = AXIS2_PLACEMENT_3D ( 'NONE', #3852, #2040, #4662 ) ;
#1635 = DIRECTION ( 'NONE',  ( 0.000000000000000000, -0.9156105726957153301, 0.4020662621606345688 ) ) ;
#1636 = EDGE_CURVE ( 'NONE', #3981, #91, #52, .T. ) ;
#1637 = CARTESIAN_POINT ( 'NONE',  ( -18.42702460630235706, -1.481793111022802201, 19.10000000000000497 ) ) ;
#1639 = EDGE_CURVE ( 'NONE', #1576, #3439, #659, .T. ) ;
#1638 = CARTESIAN_POINT ( 'NONE',  ( -15.99999999999999289, -1.260317096475860321, 21.57537424984309027 ) ) ;
#1640 = CARTESIAN_POINT ( 'NONE',  ( -16.43914126488126470, 0.000000000000000000, -18.18911666522916093 ) ) ;
#1641 = CARTESIAN_POINT ( 'NONE',  ( -15.79999999999982130, -7.000000000000000000, 1.110223024625156540E-13 ) ) ;
#1642 = CARTESIAN_POINT ( 'NONE',  ( -15.99999999999999645, -2.761276782429341381, 19.10000000000000497 ) ) ;
#1643 = EDGE_CURVE ( 'NONE', #4229, #2203, #2111, .T. ) ;
#1644 = DIRECTION ( 'NONE',  ( 1.000000000000000000, 0.000000000000000000, 0.000000000000000000 ) ) ;
#1645 = ORIENTED_EDGE ( 'NONE', *, *, #2624, .T. ) ;
#1646 = EDGE_LOOP ( 'NONE', ( #3505, #4909, #5100, #4711 ) ) ;
#1647 = LINE ( 'NONE', #1622, #4227 ) ;
#1648 = AXIS2_PLACEMENT_3D ( 'NONE', #1143, #683, #4954 ) ;
#1649 = ORIENTED_EDGE ( 'NONE', *, *, #852, .T. ) ;
#1650 = CARTESIAN_POINT ( 'NONE',  ( -16.43914126488121852, -2.261276782429340493, 1.189116665229309255 ) ) ;
#1651 = CARTESIAN_POINT ( 'NONE',  ( -16.17586025187432952, 0.000000000000000000, -19.09999999999999787 ) ) ;
#1652 = CARTESIAN_POINT ( 'NONE',  ( 4.500000000000000000, -2.558610106203481394, 19.29208882258118152 ) ) ;
#1653 = CARTESIAN_POINT ( 'NONE',  ( -17.03252458482150899, -2.472777061404500820, -17.67539313635503717 ) ) ;
#1654 = CARTESIAN_POINT ( 'NONE',  ( -17.35719857694648383, -3.130267181414093880, 16.95816395563217682 ) ) ;
#1655 = DIRECTION ( 'NONE',  ( -0.000000000000000000, 1.000000000000000000, -0.000000000000000000 ) ) ;
#1656 = ORIENTED_EDGE ( 'NONE', *, *, #3350, .T. ) ;
#1657 = CARTESIAN_POINT ( 'NONE',  ( -16.27687583000897220, -2.483026951957341133, 1.313246647750892171 ) ) ;
#1658 = AXIS2_PLACEMENT_3D ( 'NONE', #3637, #3971, #4924 ) ;
#1659 = DIRECTION ( 'NONE',  ( -0.000000000000000000, 1.000000000000000000, -0.000000000000000000 ) ) ;
#1660 = CARTESIAN_POINT ( 'NONE',  ( -16.92158439726642882, -2.388095029568367611, 16.24847913342051342 ) ) ;
#1661 = CARTESIAN_POINT ( 'NONE',  ( -16.17586025187432242, 0.000000000000000000, -19.09999999999999787 ) ) ;
#1662 = CARTESIAN_POINT ( 'NONE',  ( -18.02758017987171613, -2.097289239799577931, 17.40422705685087834 ) ) ;
#1663 = ORIENTED_EDGE ( 'NONE', *, *, #2171, .T. ) ;
#1664 = VERTEX_POINT ( 'NONE', #3429 ) ;
#1665 = CARTESIAN_POINT ( 'NONE',  ( 5.000000000000004441, -2.761276782429343601, -18.81819258583060162 ) ) ;
#1666 = AXIS2_PLACEMENT_3D ( 'NONE', #3108, #3138, #3165 ) ;
#1667 = DIRECTION ( 'NONE',  ( 1.000000000000000000, 0.000000000000000000, 0.000000000000000000 ) ) ;
#1668 = ORIENTED_EDGE ( 'NONE', *, *, #4714, .F. ) ;
#1669 = CARTESIAN_POINT ( 'NONE',  ( -16.43914126488126470, -2.261276782429340493, -15.81088333477061880 ) ) ;
#1670 = MANIFOLD_SOLID_BREP ( 'Cut-Extrude8', #5452 ) ;
#1671 = ADVANCED_FACE ( 'NONE', ( #2509 ), #1183, .T. ) ;
#1672 = ORIENTED_EDGE ( 'NONE', *, *, #3883, .T. ) ;
#1673 = CARTESIAN_POINT ( 'NONE',  ( -17.74330295098958743, -2.535326479272038913, -15.94613755291118906 ) ) ;
#1674 = ORIENTED_EDGE ( 'NONE', *, *, #1440, .F. ) ;
#1675 = CYLINDRICAL_SURFACE ( 'NONE', #4307, 0.3000000000000016542 ) ;
#1676 = DIRECTION ( 'NONE',  ( -1.000000000000000000, 0.000000000000000000, 0.000000000000000000 ) ) ;
#1677 = CARTESIAN_POINT ( 'NONE',  ( 5.120046160371213517, -3.261715803393764546, 19.24409829294079799 ) ) ;
#1678 = DIRECTION ( 'NONE',  ( 0.000000000000000000, -1.000000000000000000, 0.000000000000000000 ) ) ;
#1679 = B_SPLINE_CURVE_WITH_KNOTS ( 'NONE', 3,
 ( #2350, #1889, #1445, #5285 ),
 .UNSPECIFIED., .F., .F.,
 ( 4, 4 ),
 ( 0.000000000000000000, 0.0001654608312809387834 ),
 .UNSPECIFIED. ) ;
#1680 = DIRECTION ( 'NONE',  ( 1.000000000000000000, 0.000000000000000000, 0.000000000000000000 ) ) ;
#1681 = ORIENTED_EDGE ( 'NONE', *, *, #3764, .F. ) ;
#1682 = DIRECTION ( 'NONE',  ( -1.000000000000000000, 0.000000000000000000, -9.082321863752916905E-17 ) ) ;
#1683 = PRESENTATION_STYLE_ASSIGNMENT (( #4670 ) ) ;
#1684 = AXIS2_PLACEMENT_3D ( 'NONE', #5293, #986, #2684 ) ;
#1685 = DIRECTION ( 'NONE',  ( -1.000000000000000000, -0.000000000000000000, -1.084202172485504434E-16 ) ) ;
#1686 = FACE_OUTER_BOUND ( 'NONE', #3062, .T. ) ;
#1687 = TOROIDAL_SURFACE ( 'NONE', #551, 1.850000000000000533, 0.5000000000000000000 ) ;
#1688 = VECTOR ( 'NONE', #3047, 1000.000000000000000 ) ;
#1689 = CARTESIAN_POINT ( 'NONE',  ( -16.86650022477494559, -2.359261655682995062, 17.82769394739506907 ) ) ;
#1690 = ORIENTED_EDGE ( 'NONE', *, *, #2193, .T. ) ;
#1691 = FACE_OUTER_BOUND ( 'NONE', #1144, .T. ) ;
#1692 = VECTOR ( 'NONE', #3453, 1000.000000000000000 ) ;
#1693 = AXIS2_PLACEMENT_3D ( 'NONE', #1447, #571, #1858 ) ;
#1694 = FACE_OUTER_BOUND ( 'NONE', #5136, .T. ) ;
#1695 = ORIENTED_EDGE ( 'NONE', *, *, #4814, .F. ) ;
#1696 = CARTESIAN_POINT ( 'NONE',  ( 5.000000000000004441, -2.801898589767206182, -18.83567751890205955 ) ) ;
#1697 = ADVANCED_FACE ( 'NONE', ( #2217 ), #1541, .T. ) ;
#1698 = ORIENTED_EDGE ( 'NONE', *, *, #4725, .F. ) ;
#1699 = EDGE_LOOP ( 'NONE', ( #3903, #224, #2425, #3142, #3252 ) ) ;
#1700 = CARTESIAN_POINT ( 'NONE',  ( -17.34091168500292923, -3.155363335666740099, -17.10449170374863925 ) ) ;
#1701 = ORIENTED_EDGE ( 'NONE', *, *, #79, .F. ) ;
#1702 = EDGE_CURVE ( 'NONE', #3010, #2348, #1623, .T. ) ;
#1703 = EDGE_LOOP ( 'NONE', ( #1338, #1964, #3587, #4828 ) ) ;
#1704 = FACE_OUTER_BOUND ( 'NONE', #43, .T. ) ;
#1705 = B_SPLINE_CURVE_WITH_KNOTS ( 'NONE', 3,
 ( #1326, #3065, #3593, #1758, #3910, #1792 ),
 .UNSPECIFIED., .F., .F.,
 ( 4, 2, 4 ),
 ( -4.743336450885383901E-06, 0.0003861583939549918364, 0.0007770601243608690322 ),
 .UNSPECIFIED. ) ;
#1706 = ADVANCED_FACE ( 'NONE', ( #196 ), #1883, .T. ) ;
#1707 = CARTESIAN_POINT ( 'NONE',  ( -17.43372062083369656, -2.761276782429340493, -1.128485578551358115 ) ) ;
#1708 = DIRECTION ( 'NONE',  ( 0.000000000000000000, 1.000000000000000000, 0.000000000000000000 ) ) ;
#1709 = CARTESIAN_POINT ( 'NONE',  ( -17.14999999999982094, -1.760630054841357595, 1.108996911173549982E-13 ) ) ;
#1710 = EDGE_CURVE ( 'NONE', #4274, #4042, #3597, .T. ) ;
#1711 = CARTESIAN_POINT ( 'NONE',  ( -16.39190915955390793, -2.321167180373554295, -18.21450356413595273 ) ) ;
#1712 = ORIENTED_EDGE ( 'NONE', *, *, #4185, .T. ) ;
#1713 = DIRECTION ( 'NONE',  ( -9.082321863752916905E-17, 0.000000000000000000, 1.000000000000000000 ) ) ;
#1714 = CARTESIAN_POINT ( 'NONE',  ( -17.30587230842901647, -2.762465887268418019, 0.8012104636795882584 ) ) ;
#1715 = EDGE_CURVE ( 'NONE', #4446, #3977, #2060, .T. ) ;
#1716 = CARTESIAN_POINT ( 'NONE',  ( -17.24905748608686551, -2.634907256873701975, -16.30771107511470674 ) ) ;
#1717 = DIRECTION ( 'NONE',  ( -0.000000000000000000, -1.000000000000000000, -0.000000000000000000 ) ) ;
#1718 = VECTOR ( 'NONE', #1244, 1000.000000000000227 ) ;
#1719 = FACE_OUTER_BOUND ( 'NONE', #1116, .T. ) ;
#1720 = ORIENTED_EDGE ( 'NONE', *, *, #2876, .F. ) ;
#1721 = CARTESIAN_POINT ( 'NONE',  ( -17.66421921914100324, -2.657185059793444992, 18.01859658092190131 ) ) ;
#1722 = DIRECTION ( 'NONE',  ( 0.000000000000000000, 0.000000000000000000, 1.000000000000000000 ) ) ;
#1723 = CARTESIAN_POINT ( 'NONE',  ( 16.00000000000000000, -0.9766393502342392008, -19.09999999999999787 ) ) ;
#1724 = ORIENTED_EDGE ( 'NONE', *, *, #1133, .F. ) ;
#1725 = CARTESIAN_POINT ( 'NONE',  ( -15.99999999999999289, -2.624592728049848667, 20.78537097729298111 ) ) ;
#1726 = ORIENTED_EDGE ( 'NONE', *, *, #828, .T. ) ;
#1727 = EDGE_LOOP ( 'NONE', ( #1847, #4296, #525, #3112 ) ) ;
#1728 = CARTESIAN_POINT ( 'NONE',  ( -16.00000000000000355, -0.9766393502342392008, -19.09999999999999787 ) ) ;
#1729 = ORIENTED_EDGE ( 'NONE', *, *, #4605, .F. ) ;
#1730 = CARTESIAN_POINT ( 'NONE',  ( 0.000000000000000000, -2.761276782429340493, -19.57586025187432810 ) ) ;
#1731 = EDGE_LOOP ( 'NONE', ( #2031, #1988, #1223, #5186, #600, #3411 ) ) ;
#1732 = FACE_OUTER_BOUND ( 'NONE', #183, .T. ) ;
#1733 = ADVANCED_FACE ( 'NONE', ( #4053 ), #217, .F. ) ;
#1734 = CARTESIAN_POINT ( 'NONE',  ( -16.00000000000000355, -0.9057063555672495436, -19.09999999999999787 ) ) ;
#1735 = VECTOR ( 'NONE', #1091, 1000.000000000000227 ) ;
#1736 = DIRECTION ( 'NONE',  ( 1.759699861102127435E-17, 0.000000000000000000, 1.000000000000000000 ) ) ;
#1737 = ORIENTED_EDGE ( 'NONE', *, *, #3017, .F. ) ;
#1738 = CARTESIAN_POINT ( 'NONE',  ( 18.47537424984308529, -1.260317096475860321, 19.09999999999999787 ) ) ;
#1739 = CIRCLE ( 'NONE', #4880, 2.427024606302355281 ) ;
#1740 = FILL_AREA_STYLE ('',( #2986 ) ) ;
#1741 = EDGE_CURVE ( 'NONE', #4739, #4193, #4887, .T. ) ;
#1742 = DIRECTION ( 'NONE',  ( 0.000000000000000000, 0.8388345215309135350, -0.5443864854016887689 ) ) ;
#1743 = CIRCLE ( 'NONE', #1225, 2.272980275718924137 ) ;
#1744 = FACE_OUTER_BOUND ( 'NONE', #5108, .T. ) ;
#1745 = CARTESIAN_POINT ( 'NONE',  ( -17.14999999999964686, -3.449535428910645241, 17.00000000000011013 ) ) ;
#1746 = CARTESIAN_POINT ( 'NONE',  ( -17.51874846712260592, -2.761276782429340937, -17.94766554319239660 ) ) ;
#1747 = DIRECTION ( 'NONE',  ( 0.000000000000000000, 0.000000000000000000, 1.000000000000000000 ) ) ;
#1748 = CARTESIAN_POINT ( 'NONE',  ( 16.00000000000000711, -1.260317096475860321, 21.27537424984309311 ) ) ;
#1749 = AXIS2_PLACEMENT_3D ( 'NONE', #1893, #2227, #2765 ) ;
#1750 = DIRECTION ( 'NONE',  ( -1.000000000000000000, 0.000000000000000000, 0.000000000000000000 ) ) ;
#1751 = VERTEX_POINT ( 'NONE', #2755 ) ;
#1752 = CARTESIAN_POINT ( 'NONE',  ( 18.17537424984308458, -1.260317096475860321, 19.09999999999999787 ) ) ;
#1753 = ORIENTED_EDGE ( 'NONE', *, *, #3646, .T. ) ;
#1754 = PLANE ( 'NONE',  #3224 ) ;
#1755 = ORIENTED_EDGE ( 'NONE', *, *, #1496, .T. ) ;
#1756 = CARTESIAN_POINT ( 'NONE',  ( -16.17586025187432242, -2.461276782429340670, -1.722124536709165099 ) ) ;
#1757 = CARTESIAN_POINT ( 'NONE',  ( -17.43232950518520852, -2.761276782429340937, -17.88724863930062980 ) ) ;
#1758 = CARTESIAN_POINT ( 'NONE',  ( -17.24905748608671985, -2.634907256873748604, 16.30771107511536400 ) ) ;
#1759 = VERTEX_POINT ( 'NONE', #4391 ) ;
#1760 = CARTESIAN_POINT ( 'NONE',  ( -17.25557228288826295, -2.761276782429340937, -16.08874054867476744 ) ) ;
#1761 = AXIS2_PLACEMENT_3D ( 'NONE', #3084, #4441, #2690 ) ;
#1762 = CARTESIAN_POINT ( 'NONE',  ( -16.17586025187432242, -2.441904586412985356, -15.37046975505607449 ) ) ;
#1763 = FACE_OUTER_BOUND ( 'NONE', #1011, .T. ) ;
#1764 = CARTESIAN_POINT ( 'NONE',  ( -19.99999999999999645, 1.000000000000000000, 23.10000000000000497 ) ) ;
#1765 = EDGE_CURVE ( 'NONE', #5485, #4883, #671, .T. ) ;
#1766 =( BOUNDED_CURVE ( )  B_SPLINE_CURVE ( 3, ( #4025, #3633, #5361, #3209 ),
 .UNSPECIFIED., .F., .T. ) 
 B_SPLINE_CURVE_WITH_KNOTS ( ( 4, 4 ),
 ( 0.000000000000000000, 0.6017022827459701517 ),
 .UNSPECIFIED. ) 
 CURVE ( )  GEOMETRIC_REPRESENTATION_ITEM ( )  RATIONAL_B_SPLINE_CURVE ( ( 1.000000000000000000, 0.9700564090925261063, 0.9700564090925261063, 1.000000000000000000 ) ) 
 REPRESENTATION_ITEM ( '' )  );
#1767 = CARTESIAN_POINT ( 'NONE',  ( -18.06941726076100707, -2.032823297548783881, 17.10174857720030062 ) ) ;
#1768 = CARTESIAN_POINT ( 'NONE',  ( -15.99999999999999645, -2.461276782429340670, 19.10000000000000497 ) ) ;
#1769 = LINE ( 'NONE', #2170, #293 ) ;
#1770 = VECTOR ( 'NONE', #1593, 1000.000000000000000 ) ;
#1771 = CARTESIAN_POINT ( 'NONE',  ( -17.68537097729297258, -2.624592728049848667, -19.09999999999999787 ) ) ;
#1772 = AXIS2_PLACEMENT_3D ( 'NONE', #2540, #2993, #1722 ) ;
#1773 = EDGE_CURVE ( 'NONE', #383, #586, #4519, .T. ) ;
#1774 = CIRCLE ( 'NONE', #1866, 0.5000000000000004441 ) ;
#1775 = CARTESIAN_POINT ( 'NONE',  ( -16.00000000000000355, -0.9766393502342398669, -19.09999999999999787 ) ) ;
#1776 = ORIENTED_EDGE ( 'NONE', *, *, #3056, .T. ) ;
#1777 = VECTOR ( 'NONE', #2665, 1000.000000000000000 ) ;
#1778 = AXIS2_PLACEMENT_3D ( 'NONE', #3867, #4369, #1311 ) ;
#1779 = EDGE_CURVE ( 'NONE', #3033, #4527, #5424, .T. ) ;
#1780 = CARTESIAN_POINT ( 'NONE',  ( -17.14999999999964686, -1.760630054841627379, 17.00000000000011013 ) ) ;
#1781 = EDGE_LOOP ( 'NONE', ( #4579, #215, #4719, #2657 ) ) ;
#1782 = PLANE ( 'NONE',  #3761 ) ;
#1783 = EDGE_LOOP ( 'NONE', ( #1698, #684, #4515, #185 ) ) ;
#1784 = CARTESIAN_POINT ( 'NONE',  ( -16.39821889530365695, -2.589682679445420632, 18.34244030611067444 ) ) ;
#1785 = VECTOR ( 'NONE', #4158, 1000.000000000000000 ) ;
#1786 = VECTOR ( 'NONE', #1171, 1000.000000000000000 ) ;
#1787 = ORIENTED_EDGE ( 'NONE', *, *, #3883, .F. ) ;
#1788 = CIRCLE ( 'NONE', #3316, 0.3000000000000016542 ) ;
#1789 = CARTESIAN_POINT ( 'NONE',  ( -16.00000000000000355, -0.6220286093256309767, -19.09999999999999787 ) ) ;
#1790 = DIRECTION ( 'NONE',  ( -0.000000000000000000, 1.000000000000000000, -0.000000000000000000 ) ) ;
#1791 = VERTEX_POINT ( 'NONE', #3543 ) ;
#1792 = CARTESIAN_POINT ( 'NONE',  ( -17.48062216692513715, -2.682871376733817925, 16.18380832010477022 ) ) ;
#1793 = VERTEX_POINT ( 'NONE', #3517 ) ;
#1794 = CARTESIAN_POINT ( 'NONE',  ( 17.86442984884771690, -0.6220286093256309767, 19.09999999999999787 ) ) ;
#1795 = CARTESIAN_POINT ( 'NONE',  ( -16.47586025187433378, -2.761276782429340493, -19.09999999999999787 ) ) ;
#1796 = DIRECTION ( 'NONE',  ( -1.000000000000000000, -0.000000000000000000, -1.084202172485504434E-16 ) ) ;
#1797 = FACE_OUTER_BOUND ( 'NONE', #4854, .T. ) ;
#1798 = CARTESIAN_POINT ( 'NONE',  ( 4.652122149631549242, -2.758101538412713882, -19.52280301956360020 ) ) ;
#1799 = CIRCLE ( 'NONE', #1612, 1.350000000000000533 ) ;
#1800 = DIRECTION ( 'NONE',  ( 1.000000000000000000, 0.000000000000000000, 0.000000000000000000 ) ) ;
#1801 = CARTESIAN_POINT ( 'NONE',  ( -15.99999999999999645, 0.000000000000000000, 19.10000000000000497 ) ) ;
#1802 = FACE_OUTER_BOUND ( 'NONE', #5457, .T. ) ;
#1803 = ADVANCED_FACE ( 'NONE', ( #3092 ), #4805, .F. ) ;
#1804 = EDGE_CURVE ( 'NONE', #1614, #5360, #135, .T. ) ;
#1805 = VECTOR ( 'NONE', #2381, 1000.000000000000000 ) ;
#1806 = DIRECTION ( 'NONE',  ( 0.000000000000000000, -1.000000000000000000, -0.000000000000000000 ) ) ;
#1807 = DIRECTION ( 'NONE',  ( 0.000000000000000000, 0.000000000000000000, -1.000000000000000000 ) ) ;
#1808 = ORIENTED_EDGE ( 'NONE', *, *, #346, .F. ) ;
#1809 = ADVANCED_FACE ( 'NONE', ( #4421 ), #165, .F. ) ;
#1810 = ORIENTED_EDGE ( 'NONE', *, *, #4371, .F. ) ;
#1811 = DIRECTION ( 'NONE',  ( 0.9455924874720629258, 0.3253534195861428335, -1.025213429203182715E-16 ) ) ;
#1812 = CARTESIAN_POINT ( 'NONE',  ( -16.97434785945362989, -2.520780012318002417, -17.76754198989608824 ) ) ;
#1813 = ORIENTED_EDGE ( 'NONE', *, *, #4390, .F. ) ;
#1814 = CARTESIAN_POINT ( 'NONE',  ( 16.00000000000000711, -1.318477165402296203, 21.27537424984309311 ) ) ;
#1815 = ORIENTED_EDGE ( 'NONE', *, *, #795, .F. ) ;
#1816 = ADVANCED_FACE ( 'NONE', ( #4977 ), #1096, .T. ) ;
#1817 = FACE_OUTER_BOUND ( 'NONE', #4502, .T. ) ;
#1818 = CARTESIAN_POINT ( 'NONE',  ( -16.00000000000000355, -2.461276782429340670, -19.09999999999999787 ) ) ;
#1819 = ORIENTED_EDGE ( 'NONE', *, *, #2775, .F. ) ;
#1820 = CARTESIAN_POINT ( 'NONE',  ( 0.000000000000000000, 0.000000000000000000, 0.000000000000000000 ) ) ;
#1821 = ORIENTED_EDGE ( 'NONE', *, *, #5158, .T. ) ;
#1822 = DIRECTION ( 'NONE',  ( 0.000000000000000000, -1.000000000000000000, 0.000000000000000000 ) ) ;
#1823 = CARTESIAN_POINT ( 'NONE',  ( -16.17586025187432597, -2.441904586412975142, 1.629530244943827366 ) ) ;
#1824 = DIRECTION ( 'NONE',  ( -1.000000000000000000, 0.000000000000000000, 0.000000000000000000 ) ) ;
#1825 = CARTESIAN_POINT ( 'NONE',  ( -16.44282970718977310, -2.745023667718111682, 1.577062467656799249 ) ) ;
#1826 = CARTESIAN_POINT ( 'NONE',  ( 4.500000000000000888, -2.461276782429340670, 19.57586025187433521 ) ) ;
#1827 = VECTOR ( 'NONE', #287, 1000.000000000000000 ) ;
#1828 = CARTESIAN_POINT ( 'NONE',  ( -15.99999999999999645, -2.761276782429340493, 19.57586025187433521 ) ) ;
#1829 = DIRECTION ( 'NONE',  ( 0.000000000000000000, 1.000000000000000000, 0.000000000000000000 ) ) ;
#1830 = CARTESIAN_POINT ( 'NONE',  ( -16.30497970287504828, -2.330169852937359121, -15.71689435946232294 ) ) ;
#1831 = CARTESIAN_POINT ( 'NONE',  ( -17.68537097729297614, -2.624592728049848667, -19.09999999999999787 ) ) ;
#1832 = ADVANCED_FACE ( 'NONE', ( #2866 ), #3740, .T. ) ;
#1833 = CARTESIAN_POINT ( 'NONE',  ( -16.17586025187432242, -2.408774909682639187, -15.55908221237402600 ) ) ;
#1834 = EDGE_LOOP ( 'NONE', ( #465, #3744 ) ) ;
#1835 = ORIENTED_EDGE ( 'NONE', *, *, #3392, .F. ) ;
#1836 = DIRECTION ( 'NONE',  ( -1.000000000000000000, 0.000000000000000000, 0.000000000000000000 ) ) ;
#1837 = FACE_OUTER_BOUND ( 'NONE', #1345, .T. ) ;
#1838 = CIRCLE ( 'NONE', #4184, 1.850000000000000977 ) ;
#1839 = VERTEX_POINT ( 'NONE', #3284 ) ;
#1840 = CARTESIAN_POINT ( 'NONE',  ( -16.20779129528804319, -2.596317454525674417, 18.41566892944588574 ) ) ;
#1841 = ADVANCED_FACE ( 'NONE', ( #1579 ), #5001, .T. ) ;
#1842 = PRODUCT_DEFINITION_CONTEXT ( 'detailed design', #5461, 'design' ) ;
#1843 = VERTEX_POINT ( 'NONE', #1525 ) ;
#1844 = LINE ( 'NONE', #1376, #4999 ) ;
#1845 = CARTESIAN_POINT ( 'NONE',  ( -17.30587230842932200, -2.762465887268402476, -17.80121046367924365 ) ) ;
#1846 = VECTOR ( 'NONE', #4674, 1000.000000000000000 ) ;
#1847 = ORIENTED_EDGE ( 'NONE', *, *, #3286, .F. ) ;
#1848 = CARTESIAN_POINT ( 'NONE',  ( -16.47586025187432668, -2.461276782429340670, -1.722124536709163767 ) ) ;
#1849 = VERTEX_POINT ( 'NONE', #4584 ) ;
#1850 = CARTESIAN_POINT ( 'NONE',  ( -17.36694975814087272, -2.761276782429340937, 0.9834472306442885170 ) ) ;
#1851 = CARTESIAN_POINT ( 'NONE',  ( -17.48062216692514781, -2.682871376733819702, 16.18380832010476311 ) ) ;
#1852 = CARTESIAN_POINT ( 'NONE',  ( -16.00000000000000355, -2.624592728049848667, -20.78537097729297756 ) ) ;
#1853 = AXIS2_PLACEMENT_3D ( 'NONE', #943, #3510, #3961 ) ;
#1854 = ADVANCED_FACE ( 'NONE', ( #3205 ), #2812, .T. ) ;
#1855 = CARTESIAN_POINT ( 'NONE',  ( -16.17586025187432597, -2.715816708657757150, 1.585137593644194931 ) ) ;
#1856 = DIRECTION ( 'NONE',  ( 1.310874163206655416E-16, 0.000000000000000000, -1.000000000000000000 ) ) ;
#1857 = DIRECTION ( 'NONE',  ( -0.000000000000000000, 1.000000000000000000, -0.000000000000000000 ) ) ;
#1858 = DIRECTION ( 'NONE',  ( 1.501925087425806872E-16, 0.000000000000000000, 1.000000000000000000 ) ) ;
#1859 = CARTESIAN_POINT ( 'NONE',  ( -16.41590915302828435, -2.346612762632953153, -15.79839624936532694 ) ) ;
#1860 = CARTESIAN_POINT ( 'NONE',  ( -17.17936786132566596, -2.694393592153369266, -16.25172043739863881 ) ) ;
#1861 = CARTESIAN_POINT ( 'NONE',  ( -16.91290387186576538, -2.261276782429340493, -0.7641629224096546658 ) ) ;
#1862 = ORIENTED_EDGE ( 'NONE', *, *, #346, .T. ) ;
#1863 = AXIS2_PLACEMENT_3D ( 'NONE', #2598, #3871, #3841 ) ;
#1864 = DIRECTION ( 'NONE',  ( 1.000000000000000000, 0.000000000000000000, 0.000000000000000000 ) ) ;
#1865 = CARTESIAN_POINT ( 'NONE',  ( -18.06941726076118115, -2.032823297548513874, -0.1017485772001736760 ) ) ;
#1866 = AXIS2_PLACEMENT_3D ( 'NONE', #4275, #886, #2774 ) ;
#1867 = ORIENTED_EDGE ( 'NONE', *, *, #4731, .F. ) ;
#1868 = CARTESIAN_POINT ( 'NONE',  ( -16.39725414339952536, -2.551923107062385121, 18.31101913070962794 ) ) ;
#1869 = AXIS2_PLACEMENT_3D ( 'NONE', #4919, #706, #230 ) ;
#1870 = AXIS2_PLACEMENT_3D ( 'NONE', #1202, #278, #4650 ) ;
#1871 = AXIS2_PLACEMENT_3D ( 'NONE', #3695, #4664, #1121 ) ;
#1872 = ORIENTED_EDGE ( 'NONE', *, *, #4468, .F. ) ;
#1873 = FACE_OUTER_BOUND ( 'NONE', #2123, .T. ) ;
#1874 = CARTESIAN_POINT ( 'NONE',  ( -16.25306072083159847, -2.519137458356890402, 15.65904594057414734 ) ) ;
#1875 = EDGE_CURVE ( 'NONE', #88, #2476, #4246, .T. ) ;
#1876 = VECTOR ( 'NONE', #967, 1000.000000000000000 ) ;
#1877 = ORIENTED_EDGE ( 'NONE', *, *, #2775, .T. ) ;
#1878 = ADVANCED_FACE ( 'NONE', ( #5433 ), #234, .T. ) ;
#1879 = ORIENTED_EDGE ( 'NONE', *, *, #403, .F. ) ;
#1880 = CARTESIAN_POINT ( 'NONE',  ( -17.43372079780301576, -2.761276782429340937, -15.92655878013940907 ) ) ;
#1881 = CIRCLE ( 'NONE', #3771, 2.272980275718920584 ) ;
#1882 = CYLINDRICAL_SURFACE ( 'NONE', #3236, 0.2999999999999981570 ) ;
#1883 = CYLINDRICAL_SURFACE ( 'NONE', #386, 0.5000000000000002220 ) ;
#1884 = EDGE_CURVE ( 'NONE', #4668, #4038, #4288, .T. ) ;
#1885 = CARTESIAN_POINT ( 'NONE',  ( 4.500000000000000000, -2.720832312524803065, 18.81913644043659417 ) ) ;
#1886 = CARTESIAN_POINT ( 'NONE',  ( -15.99999999999999289, -2.761276782429340493, 19.57586025187433165 ) ) ;
#1887 = ORIENTED_EDGE ( 'NONE', *, *, #1875, .T. ) ;
#1888 = PLANE ( 'NONE',  #3672 ) ;
#1889 = CARTESIAN_POINT ( 'NONE',  ( -17.43372062083370011, -2.761276782429340493, -15.92725361414885299 ) ) ;
#1890 = CARTESIAN_POINT ( 'NONE',  ( -17.58754440362142191, -2.684375009530407308, 17.89085171384663298 ) ) ;
#1891 = DIRECTION ( 'NONE',  ( 0.000000000000000000, 0.000000000000000000, 1.000000000000000000 ) ) ;
#1892 = AXIS2_PLACEMENT_3D ( 'NONE', #5474, #3344, #4516 ) ;
#1893 = CARTESIAN_POINT ( 'NONE',  ( -17.43372062083369656, -2.461276782429339338, -15.87151442144819136 ) ) ;
#1894 = CARTESIAN_POINT ( 'NONE',  ( 15.80000000000035598, -7.000000000000000000, 18.34999999999988773 ) ) ;
#1895 = ORIENTED_EDGE ( 'NONE', *, *, #1441, .T. ) ;
#1896 = ORIENTED_EDGE ( 'NONE', *, *, #2710, .T. ) ;
#1897 = ADVANCED_FACE ( 'NONE', ( #1499 ), #780, .T. ) ;
#1898 = CARTESIAN_POINT ( 'NONE',  ( -15.99999999999998934, -1.481793111022802201, 21.52702460630236203 ) ) ;
#1899 = ORIENTED_EDGE ( 'NONE', *, *, #1133, .T. ) ;
#1900 = CARTESIAN_POINT ( 'NONE',  ( 1.877765552635376824E-13, -7.000000000000000000, 0.000000000000000000 ) ) ;
#1901 = EDGE_CURVE ( 'NONE', #3229, #3905, #3379, .T. ) ;
#1902 = VERTEX_POINT ( 'NONE', #4109 ) ;
#1903 = LINE ( 'NONE', #1426, #2507 ) ;
#1904 = AXIS2_PLACEMENT_3D ( 'NONE', #3553, #5343, #5316 ) ;
#1905 = VERTEX_POINT ( 'NONE', #1969 ) ;
#1906 = CYLINDRICAL_SURFACE ( 'NONE', #4127, 1.864429848847715121 ) ;
#1907 = CARTESIAN_POINT ( 'NONE',  ( -16.21351765055970873, -2.392639167093146391, 15.56685893456074865 ) ) ;
#1908 = ORIENTED_EDGE ( 'NONE', *, *, #466, .F. ) ;
#1909 = LINE ( 'NONE', #223, #4619 ) ;
#1910 = EDGE_LOOP ( 'NONE', ( #5134, #5247, #1933, #3058 ) ) ;
#1911 = FACE_OUTER_BOUND ( 'NONE', #3117, .T. ) ;
#1912 = DIRECTION ( 'NONE',  ( -1.084202172485500490E-16, 0.000000000000000000, 1.000000000000000000 ) ) ;
#1913 = DIRECTION ( 'NONE',  ( 0.000000000000000000, 0.000000000000000000, 1.000000000000000000 ) ) ;
#1914 = CARTESIAN_POINT ( 'NONE',  ( 0.000000000000000000, 1.000000000000000000, 0.000000000000000000 ) ) ;
#1915 = LINE ( 'NONE', #2449, #5062 ) ;
#1916 = ORIENTED_EDGE ( 'NONE', *, *, #1552, .F. ) ;
#1917 = CARTESIAN_POINT ( 'NONE',  ( -16.47586025187433023, -2.461276782429340670, 15.27787546329090773 ) ) ;
#1918 = EDGE_CURVE ( 'NONE', #457, #3027, #4080, .T. ) ;
#1919 = CARTESIAN_POINT ( 'NONE',  ( 0.000000000000000000, -1.481793111022802201, -21.52702460630235493 ) ) ;
#1920 = CARTESIAN_POINT ( 'NONE',  ( 4.534535404295487737, -2.711662828819856319, 19.40755550818311548 ) ) ;
#1921 = CARTESIAN_POINT ( 'NONE',  ( -16.17586025187432242, -2.441904586412974254, -1.629530244943605544 ) ) ;
#1922 = VECTOR ( 'NONE', #2252, 1000.000000000000000 ) ;
#1923 = CARTESIAN_POINT ( 'NONE',  ( -17.68537097729297614, -2.624592728049848667, 19.10000000000000497 ) ) ;
#1924 = CARTESIAN_POINT ( 'NONE',  ( 16.00000000000000711, 1.000000000000000000, 23.10000000000000497 ) ) ;
#1925 = ORIENTED_EDGE ( 'NONE', *, *, #5472, .F. ) ;
#1926 = VECTOR ( 'NONE', #1796, 1000.000000000000000 ) ;
#1927 =( BOUNDED_SURFACE ( )  B_SPLINE_SURFACE ( 3, 2, ( 
 ( #2623, #840, #394 ),
 ( #4764, #3057, #5086 ),
 ( #365, #1654, #2079 ),
 ( #1602, #521, #2923 ),
 ( #3798, #93, #3504 ),
 ( #2204, #1247, #5493 ),
 ( #5057, #3368, #2952 ),
 ( #4252, #3925, #2894 ),
 ( #782, #2474, #1369 ),
 ( #1780, #4666, #5215 ) ),
 .UNSPECIFIED., .F., .F., .F. ) 
 B_SPLINE_SURFACE_WITH_KNOTS ( ( 4, 2, 2, 2, 4 ),
 ( 3, 3 ),
 ( 5.623198249360163992, 5.788195013815020218, 5.953191778269875556, 6.118188542724730894, 6.283185307179586232 ),
 ( 0.000000000000000000, 1.000000000000000000 ),
 .UNSPECIFIED. ) 
 GEOMETRIC_REPRESENTATION_ITEM ( )  RATIONAL_B_SPLINE_SURFACE ( (
 ( 1.000000000000000000, 0.4106827171457603787, 1.000000000000000000),
 ( 1.000000000000000000, 0.3934704490747882311, 1.000000000000000000),
 ( 1.000000000000000000, 0.3769759478148854703, 1.000000000000000000),
 ( 1.000000000000000000, 0.3466924852751739894, 1.000000000000000000),
 ( 1.000000000000000000, 0.3329004083482537402, 1.000000000000000000),
 ( 1.000000000000000000, 0.3096340490516270583, 1.000000000000000000),
 ( 1.000000000000000000, 0.3001821161216129963, 1.000000000000000000),
 ( 1.000000000000000000, 0.2872832617058071469, 1.000000000000000000),
 ( 1.000000000000000000, 0.2838492191247936614, 1.000000000000000000),
 ( 1.000000000000000000, 0.2838709904772642734, 1.000000000000000000) ) ) 
 REPRESENTATION_ITEM ( '' )  SURFACE ( )  );
#1928 = ORIENTED_EDGE ( 'NONE', *, *, #2305, .T. ) ;
#1929 = LINE ( 'NONE', #4938, #4829 ) ;
#1930 = ORIENTED_EDGE ( 'NONE', *, *, #2895, .F. ) ;
#1931 = VECTOR ( 'NONE', #3463, 1000.000000000000000 ) ;
#1932 = EDGE_LOOP ( 'NONE', ( #441, #2861, #2023, #2177 ) ) ;
#1933 = ORIENTED_EDGE ( 'NONE', *, *, #3129, .T. ) ;
#1934 = CARTESIAN_POINT ( 'NONE',  ( 15.99999999999999645, -0.6220286093256309767, -20.96442984884771477 ) ) ;
#1935 = CARTESIAN_POINT ( 'NONE',  ( -16.43914126488116878, -2.261276782429340493, 15.81088333477098296 ) ) ;
#1936 = ORIENTED_EDGE ( 'NONE', *, *, #228, .F. ) ;
#1937 = CARTESIAN_POINT ( 'NONE',  ( 16.00000000000000355, -1.260317096475860321, 19.10000000000000142 ) ) ;
#1938 = CYLINDRICAL_SURFACE ( 'NONE', #4908, 0.3000000000000016542 ) ;
#1939 = CIRCLE ( 'NONE', #3102, 0.3000000000000016542 ) ;
#1940 = CARTESIAN_POINT ( 'NONE',  ( 16.00000000000000000, -2.624592728049848667, -19.09999999999999787 ) ) ;
#1941 = CARTESIAN_POINT ( 'NONE',  ( -16.17586025187432597, -2.745442934920263589, -15.34925786833216499 ) ) ;
#1942 = LINE ( 'NONE', #2022, #1735 ) ;
#1943 = VERTEX_POINT ( 'NONE', #2787 ) ;
#1944 = DIRECTION ( 'NONE',  ( 0.000000000000000000, -0.8388345215309135350, 0.5443864854016887689 ) ) ;
#1945 = DIRECTION ( 'NONE',  ( -9.082321863752915673E-17, -0.000000000000000000, 1.000000000000000000 ) ) ;
#1946 = DIRECTION ( 'NONE',  ( 0.8270675766994524114, 0.000000000000000000, 0.5621025027274788588 ) ) ;
#1947 = CARTESIAN_POINT ( 'NONE',  ( -16.39725414339957865, -2.551923107062354035, -15.68898086929024949 ) ) ;
#1948 = AXIS2_PLACEMENT_3D ( 'NONE', #1430, #1461, #3906 ) ;
#1949 = EDGE_CURVE ( 'NONE', #4203, #75, #1329, .T. ) ;
#1950 = CARTESIAN_POINT ( 'NONE',  ( -17.35314942879186972, -3.136506434860605985, -17.12931362345738151 ) ) ;
#1951 = LINE ( 'NONE', #1070, #3611 ) ;
#1952 = EDGE_LOOP ( 'NONE', ( #666, #348 ) ) ;
#1953 = ORIENTED_EDGE ( 'NONE', *, *, #5106, .T. ) ;
#1954 = EDGE_CURVE ( 'NONE', #3762, #4821, #4198, .T. ) ;
#1955 = DIRECTION ( 'NONE',  ( 1.000000000000000000, 0.000000000000000000, 2.168404344971008868E-16 ) ) ;
#1956 = EDGE_LOOP ( 'NONE', ( #271, #2456, #2911 ) ) ;
#1957 = CARTESIAN_POINT ( 'NONE',  ( 0.000000000000000000, -0.6220286093256309767, -20.96442984884771477 ) ) ;
#1958 = ORIENTED_EDGE ( 'NONE', *, *, #5460, .T. ) ;
#1959 =( BOUNDED_CURVE ( )  B_SPLINE_CURVE ( 3, ( #2699, #1093, #685, #5310 ),
 .UNSPECIFIED., .F., .F. ) 
 B_SPLINE_CURVE_WITH_KNOTS ( ( 4, 4 ),
 ( 5.627134553879646006, 6.283185307179586232 ),
 .UNSPECIFIED. ) 
 CURVE ( )  GEOMETRIC_REPRESENTATION_ITEM ( )  RATIONAL_B_SPLINE_CURVE ( ( 1.000000000000000000, 0.9644535744459470372, 0.9644535744459470372, 1.000000000000000000 ) ) 
 REPRESENTATION_ITEM ( '' )  );
#1960 = ORIENTED_EDGE ( 'NONE', *, *, #646, .T. ) ;
#1961 = FACE_OUTER_BOUND ( 'NONE', #3318, .T. ) ;
#1962 = CIRCLE ( 'NONE', #1772, 1.349999999999996980 ) ;
#1963 = AXIS2_PLACEMENT_3D ( 'NONE', #5230, #3330, #2221 ) ;
#1964 = ORIENTED_EDGE ( 'NONE', *, *, #2874, .F. ) ;
#1965 = CARTESIAN_POINT ( 'NONE',  ( -16.30497970287511578, -2.330169852937341801, -1.283105640537247405 ) ) ;
#1966 = CIRCLE ( 'NONE', #2590, 0.3000000000000016542 ) ;
#1967 = CARTESIAN_POINT ( 'NONE',  ( -17.48062216692520110, -2.682871376733793500, 0.8161916798957017383 ) ) ;
#1968 = CIRCLE ( 'NONE', #556, 0.3000000000000016542 ) ;
#1969 = CARTESIAN_POINT ( 'NONE',  ( 18.47537424984308529, -1.318477165402296203, 19.09999999999999432 ) ) ;
#1970 = CIRCLE ( 'NONE', #823, 0.2999999999999981570 ) ;
#1971 = CARTESIAN_POINT ( 'NONE',  ( -16.40038422692439468, -2.448234810786869886, 15.76042122294275849 ) ) ;
#1972 = DIRECTION ( 'NONE',  ( 1.000000000000000000, 0.000000000000000000, 0.000000000000000000 ) ) ;
#1973 = EDGE_LOOP ( 'NONE', ( #4437, #1568, #1465 ) ) ;
#1974 = CARTESIAN_POINT ( 'NONE',  ( 1.446861452779088872E-21, 0.000000000000000000, -20.96442984884771477 ) ) ;
#1975 = B_SPLINE_CURVE_WITH_KNOTS ( 'NONE', 3,
 ( #2364, #5380, #5401, #1159 ),
 .UNSPECIFIED., .F., .F.,
 ( 4, 4 ),
 ( -4.434540387515700476E-06, 0.0005689958006611858798 ),
 .UNSPECIFIED. ) ;
#1976 = LINE ( 'NONE', #3664, #1786 ) ;
#1977 = CARTESIAN_POINT ( 'NONE',  ( -17.22487302548647747, -3.334165043726633026, -0.2072257464915822078 ) ) ;
#1978 = CIRCLE ( 'NONE', #3498, 1.350000000000002309 ) ;
#1979 = CARTESIAN_POINT ( 'NONE',  ( -17.15000000000000213, -1.760630054841077374, -16.99999999999988631 ) ) ;
#1980 = CARTESIAN_POINT ( 'NONE',  ( -20.00000000000000355, 0.000000000000000000, -23.09999999999999787 ) ) ;
#1981 = EDGE_CURVE ( 'NONE', #1849, #2577, #2709, .T. ) ;
#1982 = VERTEX_POINT ( 'NONE', #3006 ) ;
#1983 = ADVANCED_FACE ( 'NONE', ( #805 ), #2309, .T. ) ;
#1984 = CARTESIAN_POINT ( 'NONE',  ( -16.47586025187433023, -2.461276782429339782, 18.72212453670931964 ) ) ;
#1985 = ORIENTED_EDGE ( 'NONE', *, *, #335, .T. ) ;
#1986 = LINE ( 'NONE', #4550, #3306 ) ;
#1987 = EDGE_CURVE ( 'NONE', #304, #942, #419, .T. ) ;
#1988 = ORIENTED_EDGE ( 'NONE', *, *, #1531, .T. ) ;
#1989 = LINE ( 'NONE', #4911, #4495 ) ;
#1990 = AXIS2_PLACEMENT_3D ( 'NONE', #2707, #144, #4899 ) ;
#1991 = ORIENTED_EDGE ( 'NONE', *, *, #4724, .F. ) ;
#1992 = CARTESIAN_POINT ( 'NONE',  ( -16.21351765055973004, -2.392639167093149499, -1.433141065439272666 ) ) ;
#1993 = CARTESIAN_POINT ( 'NONE',  ( -16.00000000000000355, -2.761276782429341381, -19.57586025187433165 ) ) ;
#1994 = DIRECTION ( 'NONE',  ( -0.000000000000000000, 1.000000000000000000, -0.000000000000000000 ) ) ;
#1995 = CARTESIAN_POINT ( 'NONE',  ( -16.17586025187432242, -2.454777406777431725, -15.34115503686336623 ) ) ;
#1996 = ORIENTED_EDGE ( 'NONE', *, *, #5091, .T. ) ;
#1997 = DIRECTION ( 'NONE',  ( 0.000000000000000000, 0.000000000000000000, -1.000000000000000000 ) ) ;
#1998 = ORIENTED_EDGE ( 'NONE', *, *, #1613, .F. ) ;
#1999 = CARTESIAN_POINT ( 'NONE',  ( -16.17586025187432597, -2.461276782429340670, 15.27787546329090951 ) ) ;
#2000 = DIRECTION ( 'NONE',  ( -1.000000000000000000, 0.000000000000000000, -9.082321863752915673E-17 ) ) ;
#2001 = CARTESIAN_POINT ( 'NONE',  ( -17.43232950518520852, -2.761276782429341381, -16.11275136069916059 ) ) ;
#2002 = DIRECTION ( 'NONE',  ( 1.000000000000000000, -0.000000000000000000, 2.168404344971008868E-16 ) ) ;
#2003 = VERTEX_POINT ( 'NONE', #4332 ) ;
#2004 = CIRCLE ( 'NONE', #3440, 1.850000000000000533 ) ;
#2005 = DIRECTION ( 'NONE',  ( 1.000000000000000000, 0.000000000000000000, 0.000000000000000000 ) ) ;
#2006 = ORIENTED_EDGE ( 'NONE', *, *, #1037, .F. ) ;
#2007 = CARTESIAN_POINT ( 'NONE',  ( -16.97059815863676135, -2.514001906062030667, 17.76608985632350368 ) ) ;
#2008 = EDGE_CURVE ( 'NONE', #3594, #4124, #3029, .T. ) ;
#2009 = DIRECTION ( 'NONE',  ( -0.000000000000000000, 1.000000000000000000, -0.000000000000000000 ) ) ;
#2010 = AXIS2_PLACEMENT_3D ( 'NONE', #4233, #5120, #1279 ) ;
#2011 = UNCERTAINTY_MEASURE_WITH_UNIT (LENGTH_MEASURE( 1.000000000000000082E-05 ), #4255, 'distance_accuracy_value', 'NONE');
#2012 = ORIENTED_EDGE ( 'NONE', *, *, #484, .T. ) ;
#2013 = LINE ( 'NONE', #387, #207 ) ;
#2014 = AXIS2_PLACEMENT_3D ( 'NONE', #2194, #1361, #4675 ) ;
#2015 = ADVANCED_FACE ( 'NONE', ( #1732 ), #1296, .F. ) ;
#2016 = ORIENTED_EDGE ( 'NONE', *, *, #1473, .F. ) ;
#2017 = CARTESIAN_POINT ( 'NONE',  ( -15.99999999999998934, -1.260317096475860321, 21.27537424984308956 ) ) ;
#2018 = DIRECTION ( 'NONE',  ( 1.000000000000000000, 0.000000000000000000, 0.000000000000000000 ) ) ;
#2019 = CARTESIAN_POINT ( 'NONE',  ( -16.67586025187432597, -7.000000000000000000, -1.629530244943605322 ) ) ;
#2020 = CARTESIAN_POINT ( 'NONE',  ( 4.500000000000000888, -2.461276782429340670, 18.77586025187433094 ) ) ;
#2021 = EDGE_CURVE ( 'NONE', #3793, #1614, #3499, .T. ) ;
#2022 = CARTESIAN_POINT ( 'NONE',  ( -17.68537097729297614, -2.624592728049849111, 19.10000000000000497 ) ) ;
#2023 = ORIENTED_EDGE ( 'NONE', *, *, #637, .F. ) ;
#2024 = CARTESIAN_POINT ( 'NONE',  ( -17.43372062083369656, -2.761276782429340493, -19.09999999999999787 ) ) ;
#2025 = AXIS2_PLACEMENT_3D ( 'NONE', #3585, #4872, #212 ) ;
#2026 = DIRECTION ( 'NONE',  ( -0.000000000000000000, -1.000000000000000000, -0.000000000000000000 ) ) ;
#2027 = ADVANCED_FACE ( 'NONE', ( #888 ), #4985, .F. ) ;
#2028 = AXIS2_PLACEMENT_3D ( 'NONE', #4867, #955, #3551 ) ;
#2029 = CARTESIAN_POINT ( 'NONE',  ( -17.74330295098972954, -2.535326479271824418, -18.05386244708894594 ) ) ;
#2030 = FACE_OUTER_BOUND ( 'NONE', #2916, .T. ) ;
#2031 = ORIENTED_EDGE ( 'NONE', *, *, #1336, .T. ) ;
#2032 = ORIENTED_EDGE ( 'NONE', *, *, #2807, .T. ) ;
#2033 = CARTESIAN_POINT ( 'NONE',  ( -15.79999999999982130, -2.261276782429340493, 1.110223024625156540E-13 ) ) ;
#2034 = DIRECTION ( 'NONE',  ( -1.759699861102128667E-17, 0.000000000000000000, -1.000000000000000000 ) ) ;
#2035 = PRODUCT_CONTEXT ( 'NONE', #3461, 'mechanical' ) ;
#2036 = ORIENTED_EDGE ( 'NONE', *, *, #1613, .T. ) ;
#2037 = CARTESIAN_POINT ( 'NONE',  ( -17.15000000039939465, -3.449535428294709938, -17.06961243931703009 ) ) ;
#2038 = EDGE_LOOP ( 'NONE', ( #2408, #2719, #2266, #3353 ) ) ;
#2039 = CARTESIAN_POINT ( 'NONE',  ( -16.18449000709803798, -2.420224362160622089, -1.525200606943572623 ) ) ;
#2040 = DIRECTION ( 'NONE',  ( -0.000000000000000000, 1.000000000000000000, -0.000000000000000000 ) ) ;
#2041 = ADVANCED_FACE ( 'NONE', ( #447 ), #2132, .F. ) ;
#2042 = CARTESIAN_POINT ( 'NONE',  ( -16.17586025187432597, -2.461276672937103172, 18.69024612093940974 ) ) ;
#2043 = EDGE_CURVE ( 'NONE', #864, #4734, #2219, .T. ) ;
#2044 = EDGE_CURVE ( 'NONE', #4203, #1193, #3476, .T. ) ;
#2045 = CIRCLE ( 'NONE', #468, 0.5000000000000004441 ) ;
#2046 = VECTOR ( 'NONE', #295, 1000.000000000000000 ) ;
#2047 = CARTESIAN_POINT ( 'NONE',  ( -17.14999999999982094, -1.760630054841360481, 1.108996911173549856E-13 ) ) ;
#2048 = ORIENTED_EDGE ( 'NONE', *, *, #3386, .F. ) ;
#2049 = CARTESIAN_POINT ( 'NONE',  ( -18.42702460630235350, -1.481793111022802201, -19.09999999999999787 ) ) ;
#2050 = ORIENTED_EDGE ( 'NONE', *, *, #3829, .T. ) ;
#2051 = CARTESIAN_POINT ( 'NONE',  ( -16.40687602906891840, -2.658645796401013062, 1.418048484418874544 ) ) ;
#2052 = AXIS2_PLACEMENT_3D ( 'NONE', #4076, #3656, #4388 ) ;
#2053 = VECTOR ( 'NONE', #3155, 1000.000000000000000 ) ;
#2054 = CARTESIAN_POINT ( 'NONE',  ( 0.000000000000000000, -0.9766393502342392008, -21.37298027571892334 ) ) ;
#2055 = ADVANCED_FACE ( 'NONE', ( #1817 ), #5191, .F. ) ;
#2056 = AXIS2_PLACEMENT_3D ( 'NONE', #5338, #2256, #3127 ) ;
#2057 = FACE_OUTER_BOUND ( 'NONE', #708, .T. ) ;
#2058 = LINE ( 'NONE', #2113, #3466 ) ;
#2059 = AXIS2_PLACEMENT_3D ( 'NONE', #1209, #5487, #357 ) ;
#2060 = CIRCLE ( 'NONE', #2608, 1.850000000000000533 ) ;
#2061 = EDGE_CURVE ( 'NONE', #1595, #4042, #5175, .T. ) ;
#2062 = AXIS2_PLACEMENT_3D ( 'NONE', #4710, #3441, #5157 ) ;
#2063 = PLANE ( 'NONE',  #2286 ) ;
#2064 = ORIENTED_EDGE ( 'NONE', *, *, #4222, .T. ) ;
#2065 = CARTESIAN_POINT ( 'NONE',  ( 4.999999999999999112, -2.461276782429340670, 19.57586025187433521 ) ) ;
#2066 = DIRECTION ( 'NONE',  ( -2.168404344971008868E-16, -0.000000000000000000, 1.000000000000000000 ) ) ;
#2067 = VERTEX_POINT ( 'NONE', #1404 ) ;
#2068 = CARTESIAN_POINT ( 'NONE',  ( 4.500756218149382093, -2.617916264767566226, -19.31788439676465075 ) ) ;
#2069 = EDGE_LOOP ( 'NONE', ( #2135, #1155, #4563, #5094 ) ) ;
#2070 = ORIENTED_EDGE ( 'NONE', *, *, #236, .F. ) ;
#2071 = CARTESIAN_POINT ( 'NONE',  ( -17.93662936813097986, -2.237433572356055667, -16.30427359258083442 ) ) ;
#2072 = EDGE_CURVE ( 'NONE', #5156, #2175, #2128, .T. ) ;
#2073 = VERTEX_POINT ( 'NONE', #4355 ) ;
#2074 = DIRECTION ( 'NONE',  ( -1.000000000000000000, -0.000000000000000000, -1.084202172485504434E-16 ) ) ;
#2075 = ADVANCED_FACE ( 'NONE', ( #3063 ), #361, .F. ) ;
#2076 = DIRECTION ( 'NONE',  ( 0.000000000000000000, 0.000000000000000000, 1.000000000000000000 ) ) ;
#2077 = DIRECTION ( 'NONE',  ( -0.5621025027276270736, -1.445602896647332014E-15, 0.8270675766993516032 ) ) ;
#2078 = CARTESIAN_POINT ( 'NONE',  ( -16.93682217165739345, -2.376865701244323947, -17.72932909526670286 ) ) ;
#2079 = CARTESIAN_POINT ( 'NONE',  ( -17.79903525207013004, -2.449449663141653133, 16.03167172025239395 ) ) ;
#2080 = CARTESIAN_POINT ( 'NONE',  ( -16.43914126488126470, -2.261276782429340493, -18.18911666522916093 ) ) ;
#2081 = ORIENTED_EDGE ( 'NONE', *, *, #1804, .F. ) ;
#2082 = CARTESIAN_POINT ( 'NONE',  ( -16.41434023305460244, -2.688838202686085754, 1.460929623328123261 ) ) ;
#2083 = EDGE_CURVE ( 'NONE', #3719, #2476, #899, .T. ) ;
#2084 = SURFACE_STYLE_FILL_AREA ( #1740 ) ;
#2085 = FACE_OUTER_BOUND ( 'NONE', #3383, .T. ) ;
#2086 = LINE ( 'NONE', #428, #2480 ) ;
#2087 = ADVANCED_FACE ( 'NONE', ( #3562 ), #3471, .T. ) ;
#2088 = CARTESIAN_POINT ( 'NONE',  ( -17.48062216692520465, -2.682871376733794389, -0.8161916798954819141 ) ) ;
#2089 = EDGE_CURVE ( 'NONE', #5503, #4735, #275, .T. ) ;
#2090 = EDGE_LOOP ( 'NONE', ( #1701, #3280, #4874, #2438 ) ) ;
#2091 = ORIENTED_EDGE ( 'NONE', *, *, #403, .T. ) ;
#2092 = DIRECTION ( 'NONE',  ( 0.000000000000000000, 1.000000000000000000, 0.000000000000000000 ) ) ;
#2093 = DIRECTION ( 'NONE',  ( 0.000000000000000000, 0.000000000000000000, 1.000000000000000000 ) ) ;
#2094 = ORIENTED_EDGE ( 'NONE', *, *, #4948, .F. ) ;
#2095 = CARTESIAN_POINT ( 'NONE',  ( 4.555989047354009003, -2.728635204482381393, -19.43596187598345537 ) ) ;
#2096 = ORIENTED_EDGE ( 'NONE', *, *, #2970, .F. ) ;
#2097 = VERTEX_POINT ( 'NONE', #2747 ) ;
#2098 = CARTESIAN_POINT ( 'NONE',  ( -17.35314942879089273, -3.136506434860845349, -16.87068637654254744 ) ) ;
#2099 = AXIS2_PLACEMENT_3D ( 'NONE', #970, #3567, #3119 ) ;
#2100 = ORIENTED_EDGE ( 'NONE', *, *, #4460, .F. ) ;
#2101 = CYLINDRICAL_SURFACE ( 'NONE', #3677, 0.2999999999999981570 ) ;
#2102 = CARTESIAN_POINT ( 'NONE',  ( -16.00000000000000355, -0.6220286093256309767, -19.09999999999999787 ) ) ;
#2103 = CARTESIAN_POINT ( 'NONE',  ( 5.139196479107919657, -2.736251100286616555, 19.27026821311303451 ) ) ;
#2104 = LINE ( 'NONE', #5466, #558 ) ;
#2105 = B_SPLINE_CURVE_WITH_KNOTS ( 'NONE', 3,
 ( #1165, #4951, #1528, #2422 ),
 .UNSPECIFIED., .F., .F.,
 ( 4, 4 ),
 ( -4.434540387513106014E-06, 0.0005689958006611889156 ),
 .UNSPECIFIED. ) ;
#2106 =( BOUNDED_SURFACE ( )  B_SPLINE_SURFACE ( 3, 2, ( 
 ( #2341, #134, #3090 ),
 ( #997, #4855, #1880 ),
 ( #2366, #4051, #2783 ),
 ( #4510, #678, #225 ) ),
 .UNSPECIFIED., .F., .F., .F. ) 
 B_SPLINE_SURFACE_WITH_KNOTS ( ( 4, 4 ),
 ( 3, 3 ),
 ( 0.000000000000000000, 0.0001654608312809387834 ),
 ( 0.000000000000000000, 1.000000000000000000 ),
 .UNSPECIFIED. ) 
 GEOMETRIC_REPRESENTATION_ITEM ( )  RATIONAL_B_SPLINE_SURFACE ( (
 ( 1.000000000000000000, 0.8787452661043769764, 1.000000000000000000),
 ( 1.000000000000000000, 0.9096091172871292319, 1.000000000000000000),
 ( 1.000000000000000000, 0.9339119250438797648, 1.000000000000000000),
 ( 1.000000000000000000, 0.9323756345168580095, 1.000000000000000000) ) ) 
 REPRESENTATION_ITEM ( '' )  SURFACE ( )  );
#2107 = CARTESIAN_POINT ( 'NONE',  ( -16.45952028543840839, -2.761276782429340049, 1.648457672906140203 ) ) ;
#2108 = CARTESIAN_POINT ( 'NONE',  ( 15.80000000000035598, -7.000000000000000000, 15.64999999999989377 ) ) ;
#2109 = EDGE_LOOP ( 'NONE', ( #3340, #2050, #4348, #3582 ) ) ;
#2110 = CARTESIAN_POINT ( 'NONE',  ( -17.57235157232322820, -2.761276782429341381, 1.041000340687275649 ) ) ;
#2111 = LINE ( 'NONE', #5199, #1107 ) ;
#2112 = CARTESIAN_POINT ( 'NONE',  ( 4.500000000000005329, 0.000000000000000000, -19.27586025187432739 ) ) ;
#2113 = CARTESIAN_POINT ( 'NONE',  ( 4.500000000000000888, -2.461276782429340670, 19.27586025187433449 ) ) ;
#2114 = CARTESIAN_POINT ( 'NONE',  ( -17.05310072699620960, -1.965240329655581153, 17.50769224325158646 ) ) ;
#2115 = DIRECTION ( 'NONE',  ( 0.000000000000000000, 0.000000000000000000, 1.000000000000000000 ) ) ;
#2116 = DIRECTION ( 'NONE',  ( -1.000000000000000000, 0.000000000000000000, 0.000000000000000000 ) ) ;
#2117 = AXIS2_PLACEMENT_3D ( 'NONE', #3778, #1332, #5121 ) ;
#2118 = EDGE_CURVE ( 'NONE', #3872, #885, #4373, .T. ) ;
#2119 = DIRECTION ( 'NONE',  ( 0.000000000000000000, 0.000000000000000000, -1.000000000000000000 ) ) ;
#2120 = VERTEX_POINT ( 'NONE', #611 ) ;
#2121 = CARTESIAN_POINT ( 'NONE',  ( 4.747309813113183452, -2.761270640966726031, -19.57777984554301298 ) ) ;
#2122 = FACE_OUTER_BOUND ( 'NONE', #1485, .T. ) ;
#2123 = EDGE_LOOP ( 'NONE', ( #4494, #3208, #1958, #5166 ) ) ;
#2124 = ORIENTED_EDGE ( 'NONE', *, *, #5181, .T. ) ;
#2125 = CARTESIAN_POINT ( 'NONE',  ( -18.02758017987202876, -2.097289239799094762, -16.59577294314892626 ) ) ;
#2126 = EDGE_CURVE ( 'NONE', #4581, #4433, #4975, .T. ) ;
#2127 = ORIENTED_EDGE ( 'NONE', *, *, #5445, .T. ) ;
#2128 = CIRCLE ( 'NONE', #2758, 1.350000000000000089 ) ;
#2129 = EDGE_LOOP ( 'NONE', ( #3736, #1422, #2750, #1624 ) ) ;
#2130 = DIRECTION ( 'NONE',  ( 0.000000000000000000, 0.000000000000000000, 1.000000000000000000 ) ) ;
#2131 = CARTESIAN_POINT ( 'NONE',  ( 19.99999999999999645, 0.000000000000000000, -23.09999999999999787 ) ) ;
#2132 = PLANE ( 'NONE',  #4472 ) ;
#2133 = CARTESIAN_POINT ( 'NONE',  ( -16.91290387186581867, -2.261276782429335608, -17.76416292240982031 ) ) ;
#2134 = CARTESIAN_POINT ( 'NONE',  ( -16.18449000709805219, -2.420224362160618981, -18.52520060694361348 ) ) ;
#2135 = ORIENTED_EDGE ( 'NONE', *, *, #189, .F. ) ;
#2136 = CARTESIAN_POINT ( 'NONE',  ( 0.000000000000000000, -2.624592728049848667, -20.78537097729297400 ) ) ;
#2137 = CARTESIAN_POINT ( 'NONE',  ( -17.13710406055798074, -2.703303305887798658, 0.8452145396717533066 ) ) ;
#2138 =( BOUNDED_SURFACE ( )  B_SPLINE_SURFACE ( 3, 2, ( 
 ( #5391, #4172, #5342 ),
 ( #345, #1950, #2029 ),
 ( #1610, #3667, #2903 ),
 ( #3321, #4620, #4093 ),
 ( #789, #2481, #1563 ),
 ( #4201, #3641, #5369 ),
 ( #1507, #3213, #1536 ),
 ( #3247, #298, #4930 ),
 ( #1100, #3271, #2797 ),
 ( #1979, #4987, #1150 ) ),
 .UNSPECIFIED., .F., .F., .F. ) 
 B_SPLINE_SURFACE_WITH_KNOTS ( ( 4, 2, 2, 2, 4 ),
 ( 3, 3 ),
 ( 5.623198249359846912, 5.788195013814782186, 5.953191778269716572, 6.118188542724650958, 6.283185307179586232 ),
 ( 0.000000000000000000, 1.000000000000000000 ),
 .UNSPECIFIED. ) 
 GEOMETRIC_REPRESENTATION_ITEM ( )  RATIONAL_B_SPLINE_SURFACE ( (
 ( 1.000000000000000000, 0.4106827171458595771, 1.000000000000000000),
 ( 1.000000000000000000, 0.3934704490749086347, 1.000000000000000000),
 ( 1.000000000000000000, 0.3769759478149208309, 1.000000000000000000),
 ( 1.000000000000000000, 0.3466924852752718000, 1.000000000000000000),
 ( 1.000000000000000000, 0.3329004083484449206, 1.000000000000000000),
 ( 1.000000000000000000, 0.3096340490515040456, 1.000000000000000000),
 ( 1.000000000000000000, 0.3001821161215909028, 1.000000000000000000),
 ( 1.000000000000000000, 0.2872832617058487248, 1.000000000000000000),
 ( 1.000000000000000000, 0.2838492191247649066, 1.000000000000000000),
 ( 1.000000000000000000, 0.2838709904772642734, 1.000000000000000000) ) ) 
 REPRESENTATION_ITEM ( '' )  SURFACE ( )  );
#2139 = LINE ( 'NONE', #2112, #338 ) ;
#2140 = AXIS2_PLACEMENT_3D ( 'NONE', #5355, #2470, #4216 ) ;
#2141 = CARTESIAN_POINT ( 'NONE',  ( -15.79999999999964722, -2.261276782429340493, 17.00000000000011369 ) ) ;
#2142 = ADVANCED_FACE ( 'NONE', ( #1873 ), #3170, .F. ) ;
#2143 = AXIS2_PLACEMENT_3D ( 'NONE', #5410, #5307, #4536 ) ;
#2144 = AXIS2_PLACEMENT_3D ( 'NONE', #5124, #86, #4290 ) ;
#2145 = DIRECTION ( 'NONE',  ( -1.000000000000000000, 0.000000000000000000, 0.000000000000000000 ) ) ;
#2146 = ORIENTED_EDGE ( 'NONE', *, *, #2083, .F. ) ;
#2147 = DIRECTION ( 'NONE',  ( 1.972843160962271770E-14, 0.000000000000000000, -1.000000000000000000 ) ) ;
#2148 = CARTESIAN_POINT ( 'NONE',  ( -16.67586025187432597, 0.000000000000000000, 1.629530244943827366 ) ) ;
#2149 = LINE ( 'NONE', #4240, #710 ) ;
#2150 = ORIENTED_EDGE ( 'NONE', *, *, #5158, .F. ) ;
#2151 = EDGE_CURVE ( 'NONE', #2955, #1127, #1844, .T. ) ;
#2152 = CARTESIAN_POINT ( 'NONE',  ( -16.47586025187432668, -2.461276782429340670, -19.09999999999999787 ) ) ;
#2153 = ORIENTED_EDGE ( 'NONE', *, *, #4901, .T. ) ;
#2154 = DIRECTION ( 'NONE',  ( 0.000000000000000000, 0.3253534195861428335, -0.9455924874720628148 ) ) ;
#2155 = ORIENTED_EDGE ( 'NONE', *, *, #4948, .T. ) ;
#2156 = CARTESIAN_POINT ( 'NONE',  ( -17.37199030888791995, -2.681343701766018217, 0.7403378775450758509 ) ) ;
#2157 = EDGE_CURVE ( 'NONE', #1618, #610, #2661, .T. ) ;
#2158 = ORIENTED_EDGE ( 'NONE', *, *, #3717, .F. ) ;
#2159 = DIRECTION ( 'NONE',  ( 0.000000000000000000, 1.000000000000000000, 0.000000000000000000 ) ) ;
#2160 = CARTESIAN_POINT ( 'NONE',  ( -17.36765182934694707, -2.681282637093792331, -17.73730839948659721 ) ) ;
#2161 = DIRECTION ( 'NONE',  ( 0.000000000000000000, 0.000000000000000000, 1.000000000000000000 ) ) ;
#2162 = EDGE_LOOP ( 'NONE', ( #50, #2081, #4709, #3786 ) ) ;
#2163 = CARTESIAN_POINT ( 'NONE',  ( -16.40541907913244302, -2.671244943361664070, -1.424565264468364845 ) ) ;
#2164 = CARTESIAN_POINT ( 'NONE',  ( -18.47537424984308174, -1.318477165402296203, 19.10000000000000497 ) ) ;
#2165 = CARTESIAN_POINT ( 'NONE',  ( -17.24239954929794294, -2.631606310373612256, 16.30963101004219951 ) ) ;
#2166 = FACE_OUTER_BOUND ( 'NONE', #5263, .T. ) ;
#2167 = CIRCLE ( 'NONE', #4422, 0.2999999999999981570 ) ;
#2168 = CARTESIAN_POINT ( 'NONE',  ( -17.43232950518517299, -2.761276782429340937, -0.8872486393003702343 ) ) ;
#2169 = CARTESIAN_POINT ( 'NONE',  ( -15.79999999999982130, -2.261276782429340493, 1.110223024625156540E-13 ) ) ;
#2170 = CARTESIAN_POINT ( 'NONE',  ( 15.99999999999999645, -0.9057063555672495436, -21.16682382297187104 ) ) ;
#2171 = EDGE_CURVE ( 'NONE', #4739, #3358, #3296, .T. ) ;
#2172 = DIRECTION ( 'NONE',  ( -0.000000000000000000, 1.000000000000000000, -0.000000000000000000 ) ) ;
#2173 = ORIENTED_EDGE ( 'NONE', *, *, #3535, .F. ) ;
#2174 = CARTESIAN_POINT ( 'NONE',  ( -16.45952028543840484, -2.761276782429340493, 15.35154232709416888 ) ) ;
#2175 = VERTEX_POINT ( 'NONE', #5506 ) ;
#2176 = ORIENTED_EDGE ( 'NONE', *, *, #4642, .T. ) ;
#2177 = ORIENTED_EDGE ( 'NONE', *, *, #4046, .F. ) ;
#2178 = DIRECTION ( 'NONE',  ( 0.000000000000000000, 0.000000000000000000, 1.000000000000000000 ) ) ;
#2179 = EDGE_LOOP ( 'NONE', ( #5354, #100 ) ) ;
#2180 = CARTESIAN_POINT ( 'NONE',  ( -16.17586025187432597, -2.441904586412964928, 18.62953024494373366 ) ) ;
#2181 = ADVANCED_FACE ( 'NONE', ( #1961 ), #4910, .F. ) ;
#2182 = DIRECTION ( 'NONE',  ( 1.000000000000000000, -0.000000000000000000, 2.168404344971008868E-16 ) ) ;
#2183 = EDGE_CURVE ( 'NONE', #4236, #3583, #4815, .T. ) ;
#2184 = CIRCLE ( 'NONE', #3810, 1.350000000000000533 ) ;
#2185 = DIRECTION ( 'NONE',  ( -1.000000000000000000, -0.000000000000000000, -1.084202172485504434E-16 ) ) ;
#2186 = ORIENTED_EDGE ( 'NONE', *, *, #3048, .T. ) ;
#2187 = CARTESIAN_POINT ( 'NONE',  ( -16.97434785945362989, -2.520780012318001972, -16.23245801010369860 ) ) ;
#2188 = CARTESIAN_POINT ( 'NONE',  ( -15.99999999999999645, -2.461276782429340670, 19.57586025187433521 ) ) ;
#2189 = EDGE_CURVE ( 'NONE', #1435, #5376, #378, .T. ) ;
#2190 = LINE ( 'NONE', #81, #2913 ) ;
#2191 = VECTOR ( 'NONE', #739, 1000.000000000000000 ) ;
#2192 = CARTESIAN_POINT ( 'NONE',  ( 0.000000000000000000, 0.000000000000000000, -20.96442984884771477 ) ) ;
#2193 = EDGE_CURVE ( 'NONE', #746, #3066, #3564, .T. ) ;
#2194 = CARTESIAN_POINT ( 'NONE',  ( 16.00000000000000355, -1.260317096475860321, 19.10000000000000142 ) ) ;
#2195 = CARTESIAN_POINT ( 'NONE',  ( -17.51874846712226130, -2.761276782429340493, 17.94766554319184948 ) ) ;
#2196 = DIRECTION ( 'NONE',  ( -1.000000000000000000, 0.000000000000000000, -1.445602896647331225E-15 ) ) ;
#2197 = EDGE_CURVE ( 'NONE', #586, #2067, #2515, .T. ) ;
#2198 = CYLINDRICAL_SURFACE ( 'NONE', #880, 0.3000000000000016542 ) ;
#2199 = ORIENTED_EDGE ( 'NONE', *, *, #3848, .F. ) ;
#2200 = EDGE_CURVE ( 'NONE', #3983, #2771, #5211, .T. ) ;
#2201 = VECTOR ( 'NONE', #1811, 1000.000000000000000 ) ;
#2202 = PLANE ( 'NONE',  #3938 ) ;
#2203 = VERTEX_POINT ( 'NONE', #219 ) ;
#2204 = CARTESIAN_POINT ( 'NONE',  ( -17.10121926213786381, -1.863634338260529155, 16.63279259580252045 ) ) ;
#2205 = DIRECTION ( 'NONE',  ( -0.000000000000000000, 1.000000000000000000, -0.000000000000000000 ) ) ;
#2206 = ORIENTED_EDGE ( 'NONE', *, *, #4630, .T. ) ;
#2207 = CARTESIAN_POINT ( 'NONE',  ( -16.21351765055970873, -2.392639167093150832, 18.43314106543947162 ) ) ;
#2208 = ORIENTED_EDGE ( 'NONE', *, *, #4794, .F. ) ;
#2209 = DIRECTION ( 'NONE',  ( 0.000000000000000000, 0.000000000000000000, 1.000000000000000000 ) ) ;
#2210 = CIRCLE ( 'NONE', #1537, 2.475374249843082630 ) ;
#2211 = DIRECTION ( 'NONE',  ( 0.000000000000000000, -1.000000000000000000, 0.000000000000000000 ) ) ;
#2212 = VERTEX_POINT ( 'NONE', #3652 ) ;
#2213 = CARTESIAN_POINT ( 'NONE',  ( -16.00000000000000355, -1.260317096475860321, -21.27537424984308601 ) ) ;
#2214 = EDGE_CURVE ( 'NONE', #4042, #3229, #5095, .T. ) ;
#2215 = ADVANCED_FACE ( 'NONE', ( #2805 ), #3132, .F. ) ;
#2216 = ADVANCED_FACE ( 'NONE', ( #1518 ), #1906, .T. ) ;
#2217 = FACE_OUTER_BOUND ( 'NONE', #69, .T. ) ;
#2218 = DIRECTION ( 'NONE',  ( 0.8270675766994520783, 0.000000000000000000, -0.5621025027274794139 ) ) ;
#2219 = B_SPLINE_CURVE_WITH_KNOTS ( 'NONE', 3,
 ( #101, #4824, #4470, #1756 ),
 .UNSPECIFIED., .F., .F.,
 ( 4, 4 ),
 ( 0.000000000000000000, 9.595388173456533313E-05 ),
 .UNSPECIFIED. ) ;
#2220 = CARTESIAN_POINT ( 'NONE',  ( 17.68537097729297614, -2.624592728049848667, 19.09999999999999787 ) ) ;
#2221 = DIRECTION ( 'NONE',  ( 0.000000000000000000, 0.000000000000000000, 1.000000000000000000 ) ) ;
#2222 = EDGE_CURVE ( 'NONE', #1212, #1401, #2332, .T. ) ;
#2223 = CARTESIAN_POINT ( 'NONE',  ( 16.00000000000000355, 0.000000000000000000, 20.96442984884771832 ) ) ;
#2224 = CARTESIAN_POINT ( 'NONE',  ( -17.59666581547117303, -2.761276782429340493, 18.12848557855133436 ) ) ;
#2225 = CARTESIAN_POINT ( 'NONE',  ( -16.00000000000000355, -2.461276782429340670, -19.09999999999999787 ) ) ;
#2226 = AXIS2_PLACEMENT_3D ( 'NONE', #1444, #566, #1064 ) ;
#2227 = DIRECTION ( 'NONE',  ( -1.378677543226563889E-14, 0.000000000000000000, 1.000000000000000000 ) ) ;
#2228 = AXIS2_PLACEMENT_3D ( 'NONE', #3438, #1266, #2971 ) ;
#2229 = ADVANCED_FACE ( 'NONE', ( #3809 ), #4309, .T. ) ;
#2230 = DIRECTION ( 'NONE',  ( 0.000000000000000000, -1.000000000000000000, 0.000000000000000000 ) ) ;
#2231 = ORIENTED_EDGE ( 'NONE', *, *, #2651, .F. ) ;
#2232 = VECTOR ( 'NONE', #644, 1000.000000000000114 ) ;
#2233 = CIRCLE ( 'NONE', #5370, 2.272980275718924137 ) ;
#2234 = ORIENTED_EDGE ( 'NONE', *, *, #4972, .T. ) ;
#2235 = DIRECTION ( 'NONE',  ( 1.759699861102127435E-17, 0.000000000000000000, 1.000000000000000000 ) ) ;
#2236 = VERTEX_POINT ( 'NONE', #1665 ) ;
#2237 = CARTESIAN_POINT ( 'NONE',  ( -17.36694975814087272, -2.761276782429340493, 0.9834472306442885170 ) ) ;
#2238 = ORIENTED_EDGE ( 'NONE', *, *, #3636, .T. ) ;
#2239 = CARTESIAN_POINT ( 'NONE',  ( -16.43914126488116878, -2.261276782429340493, 18.18911666522924264 ) ) ;
#2240 = EDGE_CURVE ( 'NONE', #3358, #2848, #3856, .T. ) ;
#2241 = ORIENTED_EDGE ( 'NONE', *, *, #4500, .F. ) ;
#2242 = CARTESIAN_POINT ( 'NONE',  ( 4.743619525061239628, -2.761276782429340937, -19.57586025187433165 ) ) ;
#2243 = CARTESIAN_POINT ( 'NONE',  ( -18.17537424984308103, -1.318477165402296203, -19.09999999999999787 ) ) ;
#2244 = B_SPLINE_CURVE_WITH_KNOTS ( 'NONE', 3,
 ( #3803, #2931, #5145, #788 ),
 .UNSPECIFIED., .F., .F.,
 ( 4, 4 ),
 ( -4.434540387506932838E-06, 0.0005689958006612489804 ),
 .UNSPECIFIED. ) ;
#2245 = FACE_OUTER_BOUND ( 'NONE', #1834, .T. ) ;
#2246 = ORIENTED_EDGE ( 'NONE', *, *, #1552, .T. ) ;
#2247 = FACE_OUTER_BOUND ( 'NONE', #641, .T. ) ;
#2248 = DIRECTION ( 'NONE',  ( -1.084202172485504434E-16, 0.000000000000000000, 1.000000000000000000 ) ) ;
#2249 = EDGE_CURVE ( 'NONE', #4193, #1318, #4238, .T. ) ;
#2250 = EDGE_CURVE ( 'NONE', #5423, #3380, #3703, .T. ) ;
#2251 = DIRECTION ( 'NONE',  ( 1.401584811740506325E-15, 0.000000000000000000, -1.000000000000000000 ) ) ;
#2253 = EDGE_CURVE ( 'NONE', #4157, #3265, #5103, .T. ) ;
#2252 = DIRECTION ( 'NONE',  ( 0.000000000000000000, 1.000000000000000000, 0.000000000000000000 ) ) ;
#2254 = FACE_OUTER_BOUND ( 'NONE', #5468, .T. ) ;
#2255 = DIRECTION ( 'NONE',  ( -1.000000000000000000, 0.000000000000000000, 0.000000000000000000 ) ) ;
#2256 = DIRECTION ( 'NONE',  ( -9.082321863752915673E-17, -0.000000000000000000, 1.000000000000000000 ) ) ;
#2257 = CARTESIAN_POINT ( 'NONE',  ( -16.45959915732568035, -2.761276782429340937, -1.648813279936798049 ) ) ;
#2258 = EDGE_CURVE ( 'NONE', #3707, #2635, #4370, .T. ) ;
#2259 = AXIS2_PLACEMENT_3D ( 'NONE', #3336, #3311, #2076 ) ;
#2260 = CYLINDRICAL_SURFACE ( 'NONE', #794, 1.864429848847718674 ) ;
#2261 = CARTESIAN_POINT ( 'NONE',  ( -16.43914126488126470, -2.261276782429340493, -15.81088333477061880 ) ) ;
#2262 = ORIENTED_EDGE ( 'NONE', *, *, #711, .F. ) ;
#2263 = VERTEX_POINT ( 'NONE', #930 ) ;
#2264 = CARTESIAN_POINT ( 'NONE',  ( 5.000053997015295515, -2.761276782429340937, 18.82843118672675331 ) ) ;
#2265 = CARTESIAN_POINT ( 'NONE',  ( -17.02323375616378343, -2.028306737900657630, -0.5759444623555917131 ) ) ;
#2266 = ORIENTED_EDGE ( 'NONE', *, *, #4009, .T. ) ;
#2267 = CARTESIAN_POINT ( 'NONE',  ( 15.99999999999999645, 0.000000000000000000, -19.27586025187432739 ) ) ;
#2268 = ORIENTED_EDGE ( 'NONE', *, *, #1052, .T. ) ;
#2269 = CARTESIAN_POINT ( 'NONE',  ( 4.534165191500101777, -2.711185172143892430, -19.40674818874929741 ) ) ;
#2270 = CARTESIAN_POINT ( 'NONE',  ( 17.86442984884772045, -0.6220286093256309767, 19.09999999999999432 ) ) ;
#2271 = EDGE_CURVE ( 'NONE', #2571, #1839, #1966, .T. ) ;
#2272 = CARTESIAN_POINT ( 'NONE',  ( 0.000000000000000000, -0.9057063555672495436, -21.16682382297187104 ) ) ;
#2273 = EDGE_LOOP ( 'NONE', ( #5190, #2736, #549, #3541 ) ) ;
#2274 = CARTESIAN_POINT ( 'NONE',  ( -17.41329830943925927, -2.761276782429340493, 15.98505275966340555 ) ) ;
#2275 = DIRECTION ( 'NONE',  ( 0.000000000000000000, 1.000000000000000000, 0.000000000000000000 ) ) ;
#2276 = VECTOR ( 'NONE', #3969, 1000.000000000000000 ) ;
#2277 = DIRECTION ( 'NONE',  ( -0.000000000000000000, 1.000000000000000000, -0.000000000000000000 ) ) ;
#2278 = B_SPLINE_CURVE_WITH_KNOTS ( 'NONE', 3,
 ( #4301, #3877, #445, #5187, #2156, #3445 ),
 .UNSPECIFIED., .F., .F.,
 ( 4, 2, 4 ),
 ( -4.743336450992509852E-06, 0.0003861583939548970230, 0.0007770601243607866328 ),
 .UNSPECIFIED. ) ;
#2279 = CARTESIAN_POINT ( 'NONE',  ( -16.42651365871099500, -2.712846292388403580, 18.51055333245104961 ) ) ;
#2280 = CARTESIAN_POINT ( 'NONE',  ( -18.06941726076527743, -2.032823297542202035, 0.4119932148345910594 ) ) ;
#2281 = VECTOR ( 'NONE', #564, 1000.000000000000000 ) ;
#2282 = LINE ( 'NONE', #1828, #5504 ) ;
#2283 = CARTESIAN_POINT ( 'NONE',  ( 0.000000000000000000, -2.461276782429340670, -19.27586025187432739 ) ) ;
#2284 = DIRECTION ( 'NONE',  ( 0.000000000000000000, 0.000000000000000000, 1.000000000000000000 ) ) ;
#2285 = ADVANCED_FACE ( 'NONE', ( #1802 ), #2679, .T. ) ;
#2286 = AXIS2_PLACEMENT_3D ( 'NONE', #404, #1539, #5419 ) ;
#2287 = CARTESIAN_POINT ( 'NONE',  ( -16.97059815863683241, -2.514001906062015124, -16.23391014367609131 ) ) ;
#2288 = CARTESIAN_POINT ( 'NONE',  ( -15.79999999999964722, -2.261276782429340493, 17.00000000000011369 ) ) ;
#2289 = EDGE_CURVE ( 'NONE', #3260, #1490, #5233, .T. ) ;
#2290 = ORIENTED_EDGE ( 'NONE', *, *, #1374, .T. ) ;
#2291 = ADVANCED_FACE ( 'NONE', ( #541 ), #3579, .T. ) ;
#2292 = DIRECTION ( 'NONE',  ( 0.000000000000000000, 0.000000000000000000, 1.000000000000000000 ) ) ;
#2293 = CARTESIAN_POINT ( 'NONE',  ( -18.00256958295456045, -2.135827580961237704, -0.5032101464931295620 ) ) ;
#2294 = CIRCLE ( 'NONE', #3015, 2.066823822971873614 ) ;
#2295 = EDGE_LOOP ( 'NONE', ( #1015, #4346, #2715, #5131, #1047 ) ) ;
#2296 = CARTESIAN_POINT ( 'NONE',  ( -16.27687583000894023, -2.483026951957342465, 18.31324664775087996 ) ) ;
#2297 = EDGE_CURVE ( 'NONE', #3475, #3416, #1769, .T. ) ;
#2298 = ORIENTED_EDGE ( 'NONE', *, *, #903, .F. ) ;
#2299 = CARTESIAN_POINT ( 'NONE',  ( -16.92177160231769761, -2.390842763386753944, 0.7512482267798966662 ) ) ;
#2300 = DIRECTION ( 'NONE',  ( 0.000000000000000000, 0.000000000000000000, 1.000000000000000000 ) ) ;
#2301 = AXIS2_PLACEMENT_3D ( 'NONE', #1638, #2589, #487 ) ;
#2302 = CARTESIAN_POINT ( 'NONE',  ( -16.44278606269904230, -2.744937662367531672, -15.42311528724561676 ) ) ;
#2303 = ORIENTED_EDGE ( 'NONE', *, *, #2118, .T. ) ;
#2304 = FACE_OUTER_BOUND ( 'NONE', #4623, .T. ) ;
#2305 = EDGE_CURVE ( 'NONE', #3555, #1793, #17, .T. ) ;
#2306 = DIRECTION ( 'NONE',  ( -1.000000000000000000, -0.000000000000000000, -1.084202172485504434E-16 ) ) ;
#2307 = CARTESIAN_POINT ( 'NONE',  ( -16.67586025187432597, -7.000000000000000000, 1.629530244943827366 ) ) ;
#2308 = CARTESIAN_POINT ( 'NONE',  ( 17.68537097729297969, -2.624592728049848667, -19.09999999999999787 ) ) ;
#2309 = CONICAL_SURFACE ( 'NONE', #2489, 1.685370977292977690, 0.5756575517033382106 ) ;
#2310 = CARTESIAN_POINT ( 'NONE',  ( -16.45952028543840484, -2.761276782429341381, 18.64845767290606204 ) ) ;
#2311 = ORIENTED_EDGE ( 'NONE', *, *, #3446, .F. ) ;
#2312 = DIRECTION ( 'NONE',  ( -0.000000000000000000, 1.000000000000000000, -0.000000000000000000 ) ) ;
#2313 = EDGE_CURVE ( 'NONE', #5273, #304, #469, .T. ) ;
#2314 = CARTESIAN_POINT ( 'NONE',  ( -17.36694975814085495, -2.761276782429340493, 17.98344723064404249 ) ) ;
#2315 = CARTESIAN_POINT ( 'NONE',  ( -16.42651365871101632, -2.712846292388427116, -1.510553332450942143 ) ) ;
#2316 = CARTESIAN_POINT ( 'NONE',  ( -16.91290387186581512, -2.261276782429340493, -16.23583707758996297 ) ) ;
#2317 = LINE ( 'NONE', #1894, #1805 ) ;
#2318 = EDGE_LOOP ( 'NONE', ( #4997, #2899, #2629 ) ) ;
#2319 =( BOUNDED_CURVE ( )  B_SPLINE_CURVE ( 3, ( #3825, #4228, #481, #1222 ),
 .UNSPECIFIED., .F., .T. ) 
 B_SPLINE_CURVE_WITH_KNOTS ( ( 4, 4 ),
 ( 5.681483024433795492, 6.283185307179586232 ),
 .UNSPECIFIED. ) 
 CURVE ( )  GEOMETRIC_REPRESENTATION_ITEM ( )  RATIONAL_B_SPLINE_CURVE ( ( 1.000000000000000000, 0.9700564090925436478, 0.9700564090925436478, 1.000000000000000000 ) ) 
 REPRESENTATION_ITEM ( '' )  );
#2320 = ORIENTED_EDGE ( 'NONE', *, *, #240, .F. ) ;
#2321 = ADVANCED_FACE ( 'NONE', ( #4782 ), #4730, .T. ) ;
#2322 = VECTOR ( 'NONE', #1484, 1000.000000000000000 ) ;
#2323 = CARTESIAN_POINT ( 'NONE',  ( -16.17586025187432597, -2.441904586412965816, 15.37046975505648838 ) ) ;
#2324 = EDGE_LOOP ( 'NONE', ( #917, #2975, #4795, #160 ) ) ;
#2325 = ADVANCED_FACE ( 'NONE', ( #5 ), #1172, .F. ) ;
#2326 = FACE_OUTER_BOUND ( 'NONE', #1205, .T. ) ;
#2327 = CIRCLE ( 'NONE', #1605, 1.685370977292974359 ) ;
#2328 = ADVANCED_FACE ( 'NONE', ( #4344 ), #901, .T. ) ;
#2329 = ORIENTED_EDGE ( 'NONE', *, *, #767, .T. ) ;
#2330 = CARTESIAN_POINT ( 'NONE',  ( -16.91290387186581157, -2.261276782429340493, -17.76416292240984873 ) ) ;
#2331 = AXIS2_PLACEMENT_3D ( 'NONE', #136, #591, #1824 ) ;
#2332 = CIRCLE ( 'NONE', #3673, 4.000000000000000000 ) ;
#2333 = EDGE_LOOP ( 'NONE', ( #4311, #5488, #1560, #2773 ) ) ;
#2334 = CARTESIAN_POINT ( 'NONE',  ( -17.43372062083369656, -2.761276782429340493, -19.09999999999999787 ) ) ;
#2335 = FACE_OUTER_BOUND ( 'NONE', #4921, .T. ) ;
#2336 = EDGE_CURVE ( 'NONE', #4042, #3265, #5451, .T. ) ;
#2337 = AXIS2_PLACEMENT_3D ( 'NONE', #1405, #944, #4825 ) ;
#2338 = ORIENTED_EDGE ( 'NONE', *, *, #1315, .T. ) ;
#2339 = DIRECTION ( 'NONE',  ( 1.000000000000000000, -0.000000000000000000, 2.168404344971008868E-16 ) ) ;
#2340 = ORIENTED_EDGE ( 'NONE', *, *, #4895, .F. ) ;
#2341 = CARTESIAN_POINT ( 'NONE',  ( -17.68537097729297258, -2.624592728049851331, -15.87151442144819136 ) ) ;
#2342 = CIRCLE ( 'NONE', #1892, 1.350000000000000533 ) ;
#2343 = AXIS2_PLACEMENT_3D ( 'NONE', #752, #2439, #2154 ) ;
#2344 = LINE ( 'NONE', #5304, #4671 ) ;
#2345 = CARTESIAN_POINT ( 'NONE',  ( -16.17586025187432597, -2.454774288023115592, 1.658837938651729127 ) ) ;
#2346 = FACE_BOUND ( 'NONE', #3922, .T. ) ;
#2347 = DIRECTION ( 'NONE',  ( 0.000000000000000000, 1.000000000000000000, 0.000000000000000000 ) ) ;
#2348 = VERTEX_POINT ( 'NONE', #4319 ) ;
#2349 = CARTESIAN_POINT ( 'NONE',  ( 18.16442984884771761, -0.6220286093256309767, -19.09999999999999787 ) ) ;
#2350 = CARTESIAN_POINT ( 'NONE',  ( -17.43372062083369656, -2.761276782429340493, -15.87151442144819136 ) ) ;
#2351 = FACE_OUTER_BOUND ( 'NONE', #811, .T. ) ;
#2352 = CARTESIAN_POINT ( 'NONE',  ( -16.20779129528805740, -2.596317454525791657, -15.58433107055388511 ) ) ;
#2353 = DIRECTION ( 'NONE',  ( 0.000000000000000000, 0.000000000000000000, 1.000000000000000000 ) ) ;
#2354 = EDGE_CURVE ( 'NONE', #2067, #3390, #2855, .T. ) ;
#2355 = DIRECTION ( 'NONE',  ( 0.000000000000000000, 0.000000000000000000, 1.000000000000000000 ) ) ;
#2356 = ORIENTED_EDGE ( 'NONE', *, *, #282, .F. ) ;
#2357 = CARTESIAN_POINT ( 'NONE',  ( -16.28410836283606855, -2.335824805663244241, 15.72755431583719421 ) ) ;
#2358 = ORIENTED_EDGE ( 'NONE', *, *, #1715, .T. ) ;
#2359 = CARTESIAN_POINT ( 'NONE',  ( -17.58754440362142191, -2.684375009530408640, 16.10914828615358729 ) ) ;
#2360 = EDGE_LOOP ( 'NONE', ( #1632, #409, #247, #106 ) ) ;
#2361 = AXIS2_PLACEMENT_3D ( 'NONE', #5082, #836, #4249 ) ;
#2362 = ORIENTED_EDGE ( 'NONE', *, *, #2189, .T. ) ;
#2363 = CARTESIAN_POINT ( 'NONE',  ( 4.748292809239019086, -2.761276782429340937, 19.51010162364956813 ) ) ;
#2364 = CARTESIAN_POINT ( 'NONE',  ( -16.43914126488121852, -2.261276782429340493, -1.189116665229087211 ) ) ;
#2365 = ORIENTED_EDGE ( 'NONE', *, *, #358, .T. ) ;
#2366 = CARTESIAN_POINT ( 'NONE',  ( -17.59783774043591009, -2.684519876906062308, -16.10196066091654998 ) ) ;
#2367 = CARTESIAN_POINT ( 'NONE',  ( -16.40541907913244657, -2.671244943361666291, 1.424565264468588222 ) ) ;
#2368 = DIRECTION ( 'NONE',  ( -0.000000000000000000, 1.000000000000000000, -0.000000000000000000 ) ) ;
#2369 = EDGE_CURVE ( 'NONE', #5317, #777, #1284, .T. ) ;
#2370 = CARTESIAN_POINT ( 'NONE',  ( -16.95338979417063285, -2.370193824685753903, 17.70520044416336347 ) ) ;
#2371 = FACE_OUTER_BOUND ( 'NONE', #2090, .T. ) ;
#2372 = VERTEX_POINT ( 'NONE', #3465 ) ;
#2373 = FACE_OUTER_BOUND ( 'NONE', #4327, .T. ) ;
#2374 = DIRECTION ( 'NONE',  ( 0.000000000000000000, -1.000000000000000000, 0.000000000000000000 ) ) ;
#2375 = EDGE_CURVE ( 'NONE', #3781, #5344, #1962, .T. ) ;
#2376 = DIRECTION ( 'NONE',  ( 3.052773478957055940E-15, 0.000000000000000000, 1.000000000000000000 ) ) ;
#2377 = CARTESIAN_POINT ( 'NONE',  ( -16.39821889530372090, -2.589682679445429958, -15.65755969388920121 ) ) ;
#2378 = AXIS2_PLACEMENT_3D ( 'NONE', #4562, #2790, #4084 ) ;
#2379 = DIRECTION ( 'NONE',  ( 9.082321863752916905E-17, -0.000000000000000000, -1.000000000000000000 ) ) ;
#2380 = ADVANCED_FACE ( 'NONE', ( #4701 ), #5177, .F. ) ;
#2381 = DIRECTION ( 'NONE',  ( -0.000000000000000000, 1.000000000000000000, -0.000000000000000000 ) ) ;
#2382 = ORIENTED_EDGE ( 'NONE', *, *, #3607, .F. ) ;
#2383 = ORIENTED_EDGE ( 'NONE', *, *, #2183, .F. ) ;
#2384 = CARTESIAN_POINT ( 'NONE',  ( -17.66171820424964878, -2.661038824877606679, -15.99439653485967128 ) ) ;
#2385 = CARTESIAN_POINT ( 'NONE',  ( -17.86442984884772045, -0.6220286093256309767, -19.09999999999999787 ) ) ;
#2386 = ORIENTED_EDGE ( 'NONE', *, *, #4119, .T. ) ;
#2387 = ORIENTED_EDGE ( 'NONE', *, *, #4863, .F. ) ;
#2388 = DIRECTION ( 'NONE',  ( 0.000000000000000000, 0.000000000000000000, -1.000000000000000000 ) ) ;
#2389 = CARTESIAN_POINT ( 'NONE',  ( -16.67586025187432597, 0.000000000000000000, -1.629530244943605322 ) ) ;
#2390 = ORIENTED_EDGE ( 'NONE', *, *, #4534, .T. ) ;
#2391 = CARTESIAN_POINT ( 'NONE',  ( -16.43914126488121852, -2.261276782429340493, -1.189116665229088099 ) ) ;
#2392 = LINE ( 'NONE', #4108, #112 ) ;
#2393 = CIRCLE ( 'NONE', #3550, 0.3000000000000016542 ) ;
#2394 = DIRECTION ( 'NONE',  ( 0.000000000000000000, -1.000000000000000000, 0.000000000000000000 ) ) ;
#2395 = CARTESIAN_POINT ( 'NONE',  ( 4.999999999999999112, -2.720832312493716376, 18.81913644042592892 ) ) ;
#2396 = EDGE_LOOP ( 'NONE', ( #3729, #2383, #1471, #5301 ) ) ;
#2397 = DIRECTION ( 'NONE',  ( -1.000000000000000000, 0.000000000000000000, 0.000000000000000000 ) ) ;
#2398 = ORIENTED_EDGE ( 'NONE', *, *, #2981, .F. ) ;
#2399 = LINE ( 'NONE', #2024, #3489 ) ;
#2400 = EDGE_CURVE ( 'NONE', #222, #3782, #3072, .T. ) ;
#2401 = FACE_OUTER_BOUND ( 'NONE', #1063, .T. ) ;
#2402 = CARTESIAN_POINT ( 'NONE',  ( -17.16836100029496848, -3.421243321537239979, -0.1353237686956926256 ) ) ;
#2403 = CARTESIAN_POINT ( 'NONE',  ( 17.86442984884772045, -0.6220286093256309767, 19.09999999999999432 ) ) ;
#2404 = AXIS2_PLACEMENT_3D ( 'NONE', #2065, #1616, #5379 ) ;
#2405 = FACE_OUTER_BOUND ( 'NONE', #2273, .T. ) ;
#2406 = ADVANCED_FACE ( 'NONE', ( #206 ), #2676, .T. ) ;
#2407 = CARTESIAN_POINT ( 'NONE',  ( -15.99999999999998934, -0.9057063555672495436, 21.16682382297187814 ) ) ;
#2408 = ORIENTED_EDGE ( 'NONE', *, *, #5076, .F. ) ;
#2409 = CARTESIAN_POINT ( 'NONE',  ( 15.99999999999999645, -0.9766393502342392008, -21.37298027571892334 ) ) ;
#2410 = CARTESIAN_POINT ( 'NONE',  ( 17.43372062083370366, -2.761276782429340493, -19.09999999999999787 ) ) ;
#2411 = ORIENTED_EDGE ( 'NONE', *, *, #1042, .T. ) ;
#2412 = TOROIDAL_SURFACE ( 'NONE', #1863, 1.850000000000000533, 0.5000000000000000000 ) ;
#2413 = CARTESIAN_POINT ( 'NONE',  ( -16.40215748671850449, -2.433509384184478375, 15.76716710833922086 ) ) ;
#2414 = AXIS2_PLACEMENT_3D ( 'NONE', #623, #4086, #1944 ) ;
#2415 = ORIENTED_EDGE ( 'NONE', *, *, #499, .T. ) ;
#2416 = CARTESIAN_POINT ( 'NONE',  ( -16.43914126488121852, -2.261276782429340493, -1.189116665229087655 ) ) ;
#2417 = AXIS2_PLACEMENT_3D ( 'NONE', #3948, #119, #4757 ) ;
#2418 = CARTESIAN_POINT ( 'NONE',  ( -16.42651365871102342, -2.712846292388428449, 1.510553332451165520 ) ) ;
#2419 = CARTESIAN_POINT ( 'NONE',  ( -16.00000000000000355, 1.000000000000000000, -19.09999999999999787 ) ) ;
#2420 = CIRCLE ( 'NONE', #5107, 0.5000000000000004441 ) ;
#2421 = AXIS2_PLACEMENT_3D ( 'NONE', #34, #4700, #2115 ) ;
#2422 = CARTESIAN_POINT ( 'NONE',  ( -16.17586025187432597, -2.441904586412975142, 1.629530244943827366 ) ) ;
#2423 = ORIENTED_EDGE ( 'NONE', *, *, #4298, .T. ) ;
#2424 = CARTESIAN_POINT ( 'NONE',  ( -16.91290387186580091, -2.261276782429340493, -16.23583707758994166 ) ) ;
#2425 = ORIENTED_EDGE ( 'NONE', *, *, #4221, .T. ) ;
#2426 = CARTESIAN_POINT ( 'NONE',  ( 4.500000000000000888, 0.000000000000000000, 18.77586025187433094 ) ) ;
#2427 = DIRECTION ( 'NONE',  ( 0.000000000000000000, -1.000000000000000000, 0.000000000000000000 ) ) ;
#2428 = EDGE_CURVE ( 'NONE', #942, #1791, #1601, .T. ) ;
#2429 = CARTESIAN_POINT ( 'NONE',  ( -15.99999999999999645, 1.000000000000000000, 23.10000000000000497 ) ) ;
#2430 = CARTESIAN_POINT ( 'NONE',  ( -17.13710406055798074, -2.703303305887798214, -0.8452145396715335934 ) ) ;
#2431 = ORIENTED_EDGE ( 'NONE', *, *, #3427, .T. ) ;
#2432 = ADVANCED_FACE ( 'NONE', ( #141 ), #4457, .T. ) ;
#2433 = CARTESIAN_POINT ( 'NONE',  ( -17.58754440362147875, -2.684375009530361123, -16.10914828615284833 ) ) ;
#2434 = ORIENTED_EDGE ( 'NONE', *, *, #5213, .T. ) ;
#2435 = CARTESIAN_POINT ( 'NONE',  ( -16.93682218018022212, -2.376865701289037514, 17.72932910105546611 ) ) ;
#2436 = DIRECTION ( 'NONE',  ( 9.082321863752915673E-17, 0.000000000000000000, -1.000000000000000000 ) ) ;
#2437 = ADVANCED_FACE ( 'NONE', ( #4866 ), #4518, .F. ) ;
#2438 = ORIENTED_EDGE ( 'NONE', *, *, #4972, .F. ) ;
#2439 = DIRECTION ( 'NONE',  ( 7.054977686817677059E-17, -0.9455924874720628148, -0.3253534195861428335 ) ) ;
#2440 = EDGE_CURVE ( 'NONE', #1238, #544, #1565, .T. ) ;
#2441 = AXIS2_PLACEMENT_3D ( 'NONE', #4493, #4934, #2680 ) ;
#2442 = ORIENTED_EDGE ( 'NONE', *, *, #2981, .T. ) ;
#2443 = DIRECTION ( 'NONE',  ( -9.082321863752915673E-17, -0.000000000000000000, 1.000000000000000000 ) ) ;
#2444 = CARTESIAN_POINT ( 'NONE',  ( 16.00000000000000355, -0.9057063555672495436, -21.16682382297187459 ) ) ;
#2445 = ADVANCED_FACE ( 'NONE', ( #2764 ), #413, .T. ) ;
#2446 = CARTESIAN_POINT ( 'NONE',  ( 16.00000000000000000, -2.461276782429340670, -19.09999999999999787 ) ) ;
#2447 = CARTESIAN_POINT ( 'NONE',  ( 16.00000000000000355, -2.624592728049848667, 19.10000000000000142 ) ) ;
#2448 = VERTEX_POINT ( 'NONE', #2704 ) ;
#2449 = CARTESIAN_POINT ( 'NONE',  ( -15.99999999999998934, -0.6220286093256309767, 20.96442984884772187 ) ) ;
#2450 = VERTEX_POINT ( 'NONE', #4428 ) ;
#2451 = CARTESIAN_POINT ( 'NONE',  ( -16.41590915302826303, -2.346612762632989568, 1.201603750634594237 ) ) ;
#2452 = CARTESIAN_POINT ( 'NONE',  ( -15.80000000000000071, -2.261276782429340493, -16.99999999999988987 ) ) ;
#2453 = FACE_OUTER_BOUND ( 'NONE', #3145, .T. ) ;
#2454 = EDGE_CURVE ( 'NONE', #5273, #2263, #3998, .T. ) ;
#2455 = CARTESIAN_POINT ( 'NONE',  ( -16.17586025187432597, 0.000000000000000000, 15.37046975505648660 ) ) ;
#2456 = ORIENTED_EDGE ( 'NONE', *, *, #3150, .T. ) ;
#2457 = EDGE_LOOP ( 'NONE', ( #946, #1815, #3953, #4904 ) ) ;
#2458 = AXIS2_PLACEMENT_3D ( 'NONE', #1886, #536, #4859 ) ;
#2459 = LINE ( 'NONE', #4205, #5340 ) ;
#2460 = ORIENTED_EDGE ( 'NONE', *, *, #3485, .T. ) ;
#2461 = CARTESIAN_POINT ( 'NONE',  ( -15.99999999999999645, -2.624592728049848667, 19.10000000000000497 ) ) ;
#2462 = EDGE_CURVE ( 'NONE', #5296, #3727, #8, .T. ) ;
#2463 = APPLICATION_PROTOCOL_DEFINITION ( 'draft international standard', 'automotive_design', 1998, #3461 ) ;
#2464 = EDGE_CURVE ( 'NONE', #436, #4130, #4118, .T. ) ;
#2465 = AXIS2_PLACEMENT_3D ( 'NONE', #2640, #4364, #1442 ) ;
#2466 = ORIENTED_EDGE ( 'NONE', *, *, #2240, .T. ) ;
#2467 = DIRECTION ( 'NONE',  ( 0.000000000000000000, 0.000000000000000000, 1.000000000000000000 ) ) ;
#2468 = AXIS2_PLACEMENT_3D ( 'NONE', #5337, #139, #658 ) ;
#2469 = ORIENTED_EDGE ( 'NONE', *, *, #3535, .T. ) ;
#2470 = DIRECTION ( 'NONE',  ( 1.000000000000000000, -0.000000000000000000, 1.084202172485504434E-16 ) ) ;
#2471 = ADVANCED_FACE ( 'NONE', ( #3245 ), #3220, .F. ) ;
#2472 = CARTESIAN_POINT ( 'NONE',  ( -17.41329830943926282, -2.761276782429340493, -1.014947240336850909 ) ) ;
#2473 = DIRECTION ( 'NONE',  ( -0.000000000000000000, 1.000000000000000000, 0.000000000000000000 ) ) ;
#2474 = CARTESIAN_POINT ( 'NONE',  ( -17.15000000039903938, -3.449535428295259720, 17.06961243931804972 ) ) ;
#2475 = ORIENTED_EDGE ( 'NONE', *, *, #3259, .T. ) ;
#2476 = VERTEX_POINT ( 'NONE', #4544 ) ;
#2477 = CARTESIAN_POINT ( 'NONE',  ( -16.20779129528796147, -2.596317454525742363, 1.415668929446012303 ) ) ;
#2478 = VECTOR ( 'NONE', #1806, 1000.000000000000000 ) ;
#2479 = CARTESIAN_POINT ( 'NONE',  ( -16.17586025187432242, 0.000000000000000000, -1.629530244943604211 ) ) ;
#2480 = VECTOR ( 'NONE', #897, 1000.000000000000000 ) ;
#2481 = CARTESIAN_POINT ( 'NONE',  ( -17.31849011044064213, -3.189912302759462026, -16.84071495496595361 ) ) ;
#2482 = EDGE_CURVE ( 'NONE', #4038, #5156, #3897, .T. ) ;
#2483 = DIRECTION ( 'NONE',  ( 1.000000000000000000, 0.000000000000000000, 1.084202172485504434E-16 ) ) ;
#2484 = VERTEX_POINT ( 'NONE', #958 ) ;
#2485 = DIRECTION ( 'NONE',  ( 0.000000000000000000, 1.000000000000000000, 0.000000000000000000 ) ) ;
#2486 = EDGE_CURVE ( 'NONE', #4966, #723, #5189, .T. ) ;
#2487 = CARTESIAN_POINT ( 'NONE',  ( -15.99999999999999289, 0.000000000000000000, 19.27586025187433094 ) ) ;
#2488 = CARTESIAN_POINT ( 'NONE',  ( 5.093613629181331426, -3.252809491275993725, -19.19738132844431533 ) ) ;
#2489 = AXIS2_PLACEMENT_3D ( 'NONE', #4715, #3337, #918 ) ;
#2490 = ORIENTED_EDGE ( 'NONE', *, *, #2197, .T. ) ;
#2491 = ORIENTED_EDGE ( 'NONE', *, *, #1531, .F. ) ;
#2492 = CARTESIAN_POINT ( 'NONE',  ( -17.31849011044043962, -3.189912302759956741, -17.15928504503384389 ) ) ;
#2493 = ADVANCED_FACE ( 'NONE', ( #4682 ), #4347, .T. ) ;
#2494 = ORIENTED_EDGE ( 'NONE', *, *, #5478, .F. ) ;
#2495 = DIRECTION ( 'NONE',  ( -9.082321863752915673E-17, 0.000000000000000000, 1.000000000000000000 ) ) ;
#2496 = CARTESIAN_POINT ( 'NONE',  ( -16.17586025187432242, -2.441904586412974698, -1.629530244943605322 ) ) ;
#2497 = CARTESIAN_POINT ( 'NONE',  ( 5.113950140263925803, -2.655007725190121626, 19.30344258343759023 ) ) ;
#2498 = FACE_OUTER_BOUND ( 'NONE', #4589, .T. ) ;
#2499 = EDGE_CURVE ( 'NONE', #2484, #2854, #4568, .T. ) ;
#2500 =( BOUNDED_SURFACE ( )  B_SPLINE_SURFACE ( 3, 2, ( 
 ( #1633, #3371, #5414 ),
 ( #2082, #3343, #4540 ),
 ( #2051, #2477, #709 ),
 ( #1250, #317, #785 ),
 ( #5388, #1657, #369 ),
 ( #1561, #397, #3774 ),
 ( #2451, #5471, #4614 ),
 ( #3267, #4645, #2900 ) ),
 .UNSPECIFIED., .F., .F., .F. ) 
 B_SPLINE_SURFACE_WITH_KNOTS ( ( 4, 2, 2, 4 ),
 ( 3, 3 ),
 ( 0.000000000000000000, 7.043057940911626852E-05, 0.0001408611588182325370, 0.0002817223176364650741 ),
 ( 0.000000000000000000, 1.000000000000000000 ),
 .UNSPECIFIED. ) 
 GEOMETRIC_REPRESENTATION_ITEM ( )  RATIONAL_B_SPLINE_SURFACE ( (
 ( 1.000000000000000000, 0.7630493574722724270, 1.000000000000000000),
 ( 1.000000000000000000, 0.7907442192148924631, 1.000000000000000000),
 ( 1.000000000000000000, 0.8222421583422353519, 1.000000000000000000),
 ( 1.000000000000000000, 0.8819230614696441650, 1.000000000000000000),
 ( 1.000000000000000000, 0.9091139688530377461, 1.000000000000000000),
 ( 1.000000000000000000, 0.9756671857386001179, 1.000000000000000000),
 ( 1.000000000000000000, 1.000481776875459250, 1.000000000000000000),
 ( 1.000000000000000000, 1.000000000000000000, 1.000000000000000000) ) ) 
 REPRESENTATION_ITEM ( '' )  SURFACE ( )  );
#2501 = VECTOR ( 'NONE', #1119, 1000.000000000000000 ) ;
#2502 = AXIS2_PLACEMENT_3D ( 'NONE', #2997, #855, #1366 ) ;
#2503 = CYLINDRICAL_SURFACE ( 'NONE', #1420, 0.3000000000000016542 ) ;
#2504 = CARTESIAN_POINT ( 'NONE',  ( -16.43914126488126115, -2.261276782429340493, -18.18911666522916093 ) ) ;
#2505 = ORIENTED_EDGE ( 'NONE', *, *, #1073, .T. ) ;
#2506 = DIRECTION ( 'NONE',  ( 1.000000000000000000, -0.000000000000000000, 2.168404344971008868E-16 ) ) ;
#2507 = VECTOR ( 'NONE', #3081, 1000.000000000000000 ) ;
#2508 = AXIS2_PLACEMENT_3D ( 'NONE', #2213, #483, #2584 ) ;
#2509 = FACE_OUTER_BOUND ( 'NONE', #497, .T. ) ;
#2510 = CARTESIAN_POINT ( 'NONE',  ( -17.48062216692526150, -2.682871376733769075, -16.18380832010404191 ) ) ;
#2511 = DIRECTION ( 'NONE',  ( 0.000000000000000000, 1.000000000000000000, 0.000000000000000000 ) ) ;
#2512 = AXIS2_PLACEMENT_3D ( 'NONE', #5271, #3144, #2717 ) ;
#2513 = CARTESIAN_POINT ( 'NONE',  ( -17.30587230842922253, -2.762465887268324316, -0.8012104636791365087 ) ) ;
#2514 = CARTESIAN_POINT ( 'NONE',  ( 17.68537097729297969, -2.624592728049849111, 19.09999999999999787 ) ) ;
#2515 = LINE ( 'NONE', #639, #2576 ) ;
#2516 = EDGE_CURVE ( 'NONE', #2203, #4687, #1355, .T. ) ;
#2517 = CARTESIAN_POINT ( 'NONE',  ( -17.14999999999982094, -1.760630054841360481, 1.108996911173549856E-13 ) ) ;
#2518 = CARTESIAN_POINT ( 'NONE',  ( -16.17586025187432242, -2.461276782429340670, -19.09999999999999787 ) ) ;
#2519 = VERTEX_POINT ( 'NONE', #1725 ) ;
#2520 = VERTEX_POINT ( 'NONE', #66 ) ;
#2521 = CARTESIAN_POINT ( 'NONE',  ( -17.79903525207022597, -2.449449663141496814, -16.03167172025186460 ) ) ;
#2522 = ORIENTED_EDGE ( 'NONE', *, *, #1139, .F. ) ;
#2523 = DIRECTION ( 'NONE',  ( 0.000000000000000000, 0.000000000000000000, 1.000000000000000000 ) ) ;
#2524 = CARTESIAN_POINT ( 'NONE',  ( -18.42702460630235706, -1.481793111022802201, -19.09999999999999787 ) ) ;
#2525 = EDGE_CURVE ( 'NONE', #3618, #4274, #645, .T. ) ;
#2526 = CARTESIAN_POINT ( 'NONE',  ( 5.135883902675778323, -2.709171930568028408, 19.26946928975060658 ) ) ;
#2527 = CARTESIAN_POINT ( 'NONE',  ( -17.93662936813085906, -2.237433572356247957, 0.6957264074189943859 ) ) ;
#2528 = VECTOR ( 'NONE', #5464, 1000.000000000000000 ) ;
#2529 = FACE_OUTER_BOUND ( 'NONE', #4552, .T. ) ;
#2530 = CARTESIAN_POINT ( 'NONE',  ( -16.30497970287510867, -2.330169852937338248, -18.28310564053736442 ) ) ;
#2531 = EDGE_LOOP ( 'NONE', ( #368, #3173, #1908, #123 ) ) ;
#2532 = FACE_OUTER_BOUND ( 'NONE', #2622, .T. ) ;
#2533 = EDGE_CURVE ( 'NONE', #4522, #1055, #3469, .T. ) ;
#2534 =( BOUNDED_SURFACE ( )  B_SPLINE_SURFACE ( 3, 2, ( 
 ( #2316, #208, #2647 ),
 ( #4372, #3131, #598 ),
 ( #2287, #4000, #3612 ),
 ( #174, #1860, #5315 ),
 ( #3189, #1588, #3724 ),
 ( #4120, #2001, #320 ) ),
 .UNSPECIFIED., .F., .F., .F. ) 
 B_SPLINE_SURFACE_WITH_KNOTS ( ( 4, 2, 4 ),
 ( 3, 3 ),
 ( -3.402509798033886189E-06, 0.0001578014212445722939, 0.0003190053522871784592 ),
 ( 0.000000000000000000, 1.000000000000000000 ),
 .UNSPECIFIED. ) 
 GEOMETRIC_REPRESENTATION_ITEM ( )  RATIONAL_B_SPLINE_SURFACE ( (
 ( 1.000000000000000000, 1.000000000000000000, 1.000000000000000000),
 ( 1.000000000000000000, 1.000892769164670071, 1.000000000000000000),
 ( 1.000000000000000000, 0.9833350963521932941, 1.000000000000000000),
 ( 1.000000000000000000, 0.9452470562640072904, 1.000000000000000000),
 ( 1.000000000000000000, 0.9280706857054394909, 1.000000000000000000),
 ( 1.000000000000000000, 0.9323756345168580095, 1.000000000000000000) ) ) 
 REPRESENTATION_ITEM ( '' )  SURFACE ( )  );
#2535 = CARTESIAN_POINT ( 'NONE',  ( -16.45959915732564127, -2.761276782429340049, 15.35118672006328211 ) ) ;
#2536 = PLANE ( 'NONE',  #4898 ) ;
#2537 = EDGE_CURVE ( 'NONE', #1521, #4600, #439, .T. ) ;
#2538 = DIRECTION ( 'NONE',  ( -0.000000000000000000, 1.000000000000000000, -0.000000000000000000 ) ) ;
#2539 = DIRECTION ( 'NONE',  ( -0.000000000000000000, 1.000000000000000000, -0.000000000000000000 ) ) ;
#2540 = CARTESIAN_POINT ( 'NONE',  ( 15.80000000000035598, -2.761276782429340937, 16.99999999999988987 ) ) ;
#2541 = CARTESIAN_POINT ( 'NONE',  ( -17.14999999999982094, -1.760630054841357373, -0.2749323656207376398 ) ) ;
#2542 = ORIENTED_EDGE ( 'NONE', *, *, #2789, .T. ) ;
#2543 = CARTESIAN_POINT ( 'NONE',  ( -17.68537097729297614, -2.624592728049848667, 18.12848557855133791 ) ) ;
#2544 = ADVANCED_FACE ( 'NONE', ( #2122 ), #2412, .T. ) ;
#2545 = CARTESIAN_POINT ( 'NONE',  ( -16.42651365871099856, -2.712846292388405800, 15.48944666754917243 ) ) ;
#2546 = ORIENTED_EDGE ( 'NONE', *, *, #2258, .F. ) ;
#2547 = ORIENTED_EDGE ( 'NONE', *, *, #1124, .T. ) ;
#2548 = DIRECTION ( 'NONE',  ( -1.000000000000000000, -0.000000000000000000, -1.084202172485504434E-16 ) ) ;
#2549 = ORIENTED_EDGE ( 'NONE', *, *, #3385, .F. ) ;
#2550 = CIRCLE ( 'NONE', #4169, 0.3000000000000011546 ) ;
#2551 = ORIENTED_EDGE ( 'NONE', *, *, #10, .T. ) ;
#2552 = FACE_OUTER_BOUND ( 'NONE', #1184, .T. ) ;
#2553 = CYLINDRICAL_SURFACE ( 'NONE', #2361, 0.2999999999999981570 ) ;
#2554 = CARTESIAN_POINT ( 'NONE',  ( 19.99999999999999645, 1.000000000000000000, -19.09999999999999787 ) ) ;
#2555 = DIRECTION ( 'NONE',  ( -0.000000000000000000, 1.000000000000000000, -0.000000000000000000 ) ) ;
#2556 = CARTESIAN_POINT ( 'NONE',  ( -16.00000000000000355, 0.000000000000000000, -20.96442984884771121 ) ) ;
#2557 = ORIENTED_EDGE ( 'NONE', *, *, #5220, .F. ) ;
#2558 = CARTESIAN_POINT ( 'NONE',  ( -17.68537097729297614, -2.624592728049849111, 1.128485578551574164 ) ) ;
#2559 = CARTESIAN_POINT ( 'NONE',  ( 16.00000000000000711, -2.461276782429340670, 20.53372062083370864 ) ) ;
#2560 = EDGE_CURVE ( 'NONE', #3222, #1902, #835, .T. ) ;
#2561 = CARTESIAN_POINT ( 'NONE',  ( -16.17586025187432952, -2.674574700801712002, 15.47264070633042010 ) ) ;
#2562 = VECTOR ( 'NONE', #4153, 1000.000000000000000 ) ;
#2564 = EDGE_CURVE ( 'NONE', #2848, #149, #5154, .T. ) ;
#2563 = CARTESIAN_POINT ( 'NONE',  ( 17.43372062083370011, -2.461276782429340670, 19.09999999999999787 ) ) ;
#2565 = CARTESIAN_POINT ( 'NONE',  ( -17.34091168500255264, -3.155363335666884872, 16.89550829625112272 ) ) ;
#2566 = CARTESIAN_POINT ( 'NONE',  ( -16.43914126488116878, -2.261276782429340493, 18.18911666522924264 ) ) ;
#2567 = DIRECTION ( 'NONE',  ( 2.058565739352063395E-15, 0.000000000000000000, -1.000000000000000000 ) ) ;
#2568 = VECTOR ( 'NONE', #2511, 1000.000000000000000 ) ;
#2569 = ADVANCED_FACE ( 'NONE', ( #4760 ), #2202, .F. ) ;
#2570 = DIRECTION ( 'NONE',  ( -9.082321863752915673E-17, -0.000000000000000000, 1.000000000000000000 ) ) ;
#2571 = VERTEX_POINT ( 'NONE', #3414 ) ;
#2572 = DIRECTION ( 'NONE',  ( 1.310874163206655169E-16, 0.000000000000000000, -1.000000000000000000 ) ) ;
#2573 = ORIENTED_EDGE ( 'NONE', *, *, #866, .F. ) ;
#2574 = CARTESIAN_POINT ( 'NONE',  ( -16.40038422692443731, -2.448234810786888094, 1.239578777057536607 ) ) ;
#2575 = EDGE_LOOP ( 'NONE', ( #1695, #1012, #1018, #3924, #5225 ) ) ;
#2576 = VECTOR ( 'NONE', #2485, 1000.000000000000000 ) ;
#2577 = VERTEX_POINT ( 'NONE', #3952 ) ;
#2578 = DIRECTION ( 'NONE',  ( -0.000000000000000000, -1.000000000000000000, -0.000000000000000000 ) ) ;
#2579 = ORIENTED_EDGE ( 'NONE', *, *, #3636, .F. ) ;
#2580 = CARTESIAN_POINT ( 'NONE',  ( -16.17586025187432242, -2.454774288023120032, -15.34116206134818228 ) ) ;
#2581 = CARTESIAN_POINT ( 'NONE',  ( -16.95269420987094122, -2.177256420440713214, 0.7066179338701800150 ) ) ;
#2582 = DIRECTION ( 'NONE',  ( -9.082321863752915673E-17, -0.000000000000000000, 1.000000000000000000 ) ) ;
#2583 = ORIENTED_EDGE ( 'NONE', *, *, #60, .T. ) ;
#2584 = DIRECTION ( 'NONE',  ( 0.000000000000000000, 0.000000000000000000, 1.000000000000000000 ) ) ;
#2585 = DIRECTION ( 'NONE',  ( -1.000000000000000000, 0.000000000000000000, -1.084202172485504434E-16 ) ) ;
#2586 = CONICAL_SURFACE ( 'NONE', #3483, 2.272980275718920584, 1.239410868079301009 ) ;
#2587 = CARTESIAN_POINT ( 'NONE',  ( -16.99451589930861317, -2.497524331345296833, 16.28592923395126846 ) ) ;
#2588 = AXIS2_PLACEMENT_3D ( 'NONE', #1570, #3301, #4602 ) ;
#2589 = DIRECTION ( 'NONE',  ( 2.168404344971008868E-16, 0.000000000000000000, -1.000000000000000000 ) ) ;
#2590 = AXIS2_PLACEMENT_3D ( 'NONE', #515, #4262, #2196 ) ;
#2591 = AXIS2_PLACEMENT_3D ( 'NONE', #862, #2555, #4716 ) ;
#2592 = FACE_OUTER_BOUND ( 'NONE', #3104, .T. ) ;
#2593 = DIRECTION ( 'NONE',  ( -1.000000000000000000, 0.000000000000000000, 0.000000000000000000 ) ) ;
#2594 = CARTESIAN_POINT ( 'NONE',  ( -17.43372062083370366, -2.461276782429340670, -19.09999999999999787 ) ) ;
#2595 = AXIS2_PLACEMENT_3D ( 'NONE', #612, #308, #4044 ) ;
#2596 = CARTESIAN_POINT ( 'NONE',  ( 16.00000000000000711, -0.9057063555672495436, 21.16682382297188170 ) ) ;
#2597 = CIRCLE ( 'NONE', #1347, 0.3000000000000016542 ) ;
#2598 = CARTESIAN_POINT ( 'NONE',  ( -15.79999999999964722, -2.261276782429340493, 17.00000000000011369 ) ) ;
#2599 = ADVANCED_FACE ( 'NONE', ( #122 ), #2586, .T. ) ;
#2600 = ORIENTED_EDGE ( 'NONE', *, *, #653, .T. ) ;
#2601 = EDGE_LOOP ( 'NONE', ( #4145, #797, #2991, #2799 ) ) ;
#2602 = ORIENTED_EDGE ( 'NONE', *, *, #498, .F. ) ;
#2603 = DIRECTION ( 'NONE',  ( 1.000000000000000000, 0.000000000000000000, 0.000000000000000000 ) ) ;
#2604 = ADVANCED_FACE ( 'NONE', ( #3527 ), #4655, .T. ) ;
#2605 = EDGE_LOOP ( 'NONE', ( #3632, #1928, #760 ) ) ;
#2606 = CARTESIAN_POINT ( 'NONE',  ( 4.999999999999999112, -2.804186173078123456, 18.83673045211570241 ) ) ;
#2607 = DIRECTION ( 'NONE',  ( -0.000000000000000000, 1.000000000000000000, -0.000000000000000000 ) ) ;
#2608 = AXIS2_PLACEMENT_3D ( 'NONE', #1025, #3068, #3991 ) ;
#2609 = DIRECTION ( 'NONE',  ( 0.000000000000000000, 0.9156105726957578517, 0.4020662621605380349 ) ) ;
#2610 = EDGE_LOOP ( 'NONE', ( #1835, #2687, #4939, #3568 ) ) ;
#2611 = DIRECTION ( 'NONE',  ( 0.000000000000000000, 0.000000000000000000, 1.000000000000000000 ) ) ;
#2612 =( NAMED_UNIT ( * ) SI_UNIT ( $, .STERADIAN. ) SOLID_ANGLE_UNIT ( ) );
#2613 = DIRECTION ( 'NONE',  ( 0.000000000000000000, 0.000000000000000000, 1.000000000000000000 ) ) ;
#2614 = LINE ( 'NONE', #816, #1846 ) ;
#2615 = VECTOR ( 'NONE', #3738, 1000.000000000000000 ) ;
#2616 = CARTESIAN_POINT ( 'NONE',  ( -17.14386075605757398, -1.773593541059774514, 17.14849617540406612 ) ) ;
#2617 = DIRECTION ( 'NONE',  ( -0.000000000000000000, 1.000000000000000000, -0.000000000000000000 ) ) ;
#2618 = DIRECTION ( 'NONE',  ( 0.000000000000000000, 0.000000000000000000, 1.000000000000000000 ) ) ;
#2619 = DIRECTION ( 'NONE',  ( -1.000000000000000000, -0.000000000000000000, -0.000000000000000000 ) ) ;
#2620 = ORIENTED_EDGE ( 'NONE', *, *, #296, .T. ) ;
#2621 = CARTESIAN_POINT ( 'NONE',  ( -16.47586025187433023, -2.761276782429340493, 15.27787546329090773 ) ) ;
#2622 = EDGE_LOOP ( 'NONE', ( #4417, #1872, #1674, #1264 ) ) ;
#2623 = CARTESIAN_POINT ( 'NONE',  ( -16.86650022477494204, -2.359261655682999059, 16.17230605260515119 ) ) ;
#2624 = EDGE_CURVE ( 'NONE', #2120, #1418, #5128, .T. ) ;
#2625 = DIRECTION ( 'NONE',  ( 0.000000000000000000, 0.000000000000000000, -1.000000000000000000 ) ) ;
#2626 = ADVANCED_FACE ( 'NONE', ( #4294 ), #464, .T. ) ;
#2627 = ORIENTED_EDGE ( 'NONE', *, *, #4119, .F. ) ;
#2628 = DIRECTION ( 'NONE',  ( 0.000000000000000000, -0.000000000000000000, 1.000000000000000000 ) ) ;
#2629 = ORIENTED_EDGE ( 'NONE', *, *, #4077, .F. ) ;
#2630 = DIRECTION ( 'NONE',  ( -0.000000000000000000, 1.000000000000000000, -0.000000000000000000 ) ) ;
#2631 = CARTESIAN_POINT ( 'NONE',  ( -16.17586025187432242, 0.000000000000000000, -19.09999999999999787 ) ) ;
#2632 = VECTOR ( 'NONE', #5495, 1000.000000000000000 ) ;
#2633 = ADVANCED_FACE ( 'NONE', ( #3339 ), #1927, .T. ) ;
#2634 = PLANE ( 'NONE',  #3002 ) ;
#2635 = VERTEX_POINT ( 'NONE', #4191 ) ;
#2636 = CARTESIAN_POINT ( 'NONE',  ( -18.47537424984308529, -1.260317096475860321, -19.09999999999999787 ) ) ;
#2637 = AXIS2_PLACEMENT_3D ( 'NONE', #4284, #1197, #2902 ) ;
#2638 = CARTESIAN_POINT ( 'NONE',  ( 15.99999999999999645, -2.761276782429341381, -19.57586025187432810 ) ) ;
#2639 = EDGE_CURVE ( 'NONE', #3197, #4229, #4304, .T. ) ;
#2640 = CARTESIAN_POINT ( 'NONE',  ( 17.43372062083370366, -2.461276782429340670, -19.09999999999999787 ) ) ;
#2641 = VECTOR ( 'NONE', #1065, 1000.000000000000000 ) ;
#2642 = DIRECTION ( 'NONE',  ( 0.000000000000000000, 1.000000000000000000, 0.000000000000000000 ) ) ;
#2643 = CARTESIAN_POINT ( 'NONE',  ( 5.006748948644625052, -3.018442137361614375, -18.92704947088511602 ) ) ;
#2644 = CARTESIAN_POINT ( 'NONE',  ( -17.93662936813074538, -2.237433572356427369, 17.69572640741882807 ) ) ;
#2645 = DIRECTION ( 'NONE',  ( 0.000000000000000000, 0.000000000000000000, 1.000000000000000000 ) ) ;
#2646 = CARTESIAN_POINT ( 'NONE',  ( -16.17586025187432242, 0.000000000000000000, -19.09999999999999787 ) ) ;
#2647 = CARTESIAN_POINT ( 'NONE',  ( -16.91290387186581867, -2.261276782429335608, -16.23583707758996297 ) ) ;
#2648 = ADVANCED_FACE ( 'NONE', ( #3901 ), #2503, .T. ) ;
#2649 = CIRCLE ( 'NONE', #266, 0.2999999999999981570 ) ;
#2650 = CARTESIAN_POINT ( 'NONE',  ( -16.91290387186570854, -2.261276782429340493, 17.76416292240968176 ) ) ;
#2651 = EDGE_CURVE ( 'NONE', #2520, #3583, #5365, .T. ) ;
#2652 = ORIENTED_EDGE ( 'NONE', *, *, #1779, .T. ) ;
#2653 = DIRECTION ( 'NONE',  ( -1.000000000000000000, 0.000000000000000000, 0.000000000000000000 ) ) ;
#2654 = CARTESIAN_POINT ( 'NONE',  ( -17.14272612737125456, -2.707035054904088689, -17.84823493032987329 ) ) ;
#2655 = VERTEX_POINT ( 'NONE', #2047 ) ;
#2656 = CARTESIAN_POINT ( 'NONE',  ( -16.42651365871099500, -2.712846292388404024, 18.51055333245104961 ) ) ;
#2657 = ORIENTED_EDGE ( 'NONE', *, *, #2044, .T. ) ;
#2658 = CARTESIAN_POINT ( 'NONE',  ( -17.25557228288823097, -2.761276782429340493, 0.9112594513249958617 ) ) ;
#2659 = ADVANCED_FACE ( 'NONE', ( #2529 ), #3769, .T. ) ;
#2660 = FACE_OUTER_BOUND ( 'NONE', #1783, .T. ) ;
#2661 = CIRCLE ( 'NONE', #976, 4.000000000000000000 ) ;
#2662 = VERTEX_POINT ( 'NONE', #339 ) ;
#2663 = DIRECTION ( 'NONE',  ( -0.000000000000000000, 1.000000000000000000, -0.000000000000000000 ) ) ;
#2664 = ORIENTED_EDGE ( 'NONE', *, *, #3030, .F. ) ;
#2665 = DIRECTION ( 'NONE',  ( 0.000000000000000000, 0.3253534195861428335, 0.9455924874720629258 ) ) ;
#2666 = CARTESIAN_POINT ( 'NONE',  ( -15.80000000000000071, -2.761276782429340493, -16.99999999999988987 ) ) ;
#2667 = EDGE_CURVE ( 'NONE', #3199, #833, #3303, .T. ) ;
#2668 = PLANE ( 'NONE',  #4087 ) ;
#2669 = LINE ( 'NONE', #4396, #1922 ) ;
#2670 = CARTESIAN_POINT ( 'NONE',  ( 16.00000000000000711, -1.260317096475860321, 21.57537424984309382 ) ) ;
#2671 = CARTESIAN_POINT ( 'NONE',  ( -15.99999999999999645, -1.260317096475860321, 19.10000000000000497 ) ) ;
#2672 = VECTOR ( 'NONE', #1448, 1000.000000000000000 ) ;
#2673 = CARTESIAN_POINT ( 'NONE',  ( -15.79999999999964722, -7.000000000000000000, 17.00000000000011369 ) ) ;
#2674 = CARTESIAN_POINT ( 'NONE',  ( -16.17586025187432242, -2.441904586412985356, -15.37046975505607449 ) ) ;
#2675 = AXIS2_PLACEMENT_3D ( 'NONE', #3850, #2578, #2523 ) ;
#2676 =( BOUNDED_SURFACE ( )  B_SPLINE_SURFACE ( 3, 2, ( 
 ( #2795, #3973, #4927 ),
 ( #572, #3666, #2257 ),
 ( #3639, #3610, #3159 ),
 ( #1921, #4061, #2315 ) ),
 .UNSPECIFIED., .F., .F., .T. ) 
 B_SPLINE_SURFACE_WITH_KNOTS ( ( 4, 4 ),
 ( 3, 3 ),
 ( 7.560970504000410824E-05, 0.0001703977873965625855 ),
 ( 0.000000000000000000, 1.000000000000000000 ),
 .UNSPECIFIED. ) 
 GEOMETRIC_REPRESENTATION_ITEM ( )  RATIONAL_B_SPLINE_SURFACE ( (
 ( 1.000000000000000000, 0.7071067811865475727, 1.000000000000000000),
 ( 1.000000000000000000, 0.7262877011042930819, 1.000000000000000000),
 ( 1.000000000000000000, 0.7452025455529307507, 1.000000000000000000),
 ( 1.000000000000000000, 0.7630493574722724270, 1.000000000000000000) ) ) 
 REPRESENTATION_ITEM ( '' )  SURFACE ( )  );
#2677 = CIRCLE ( 'NONE', #1869, 1.750000000000008438 ) ;
#2678 = DIRECTION ( 'NONE',  ( -1.000000000000000000, -0.000000000000000000, -1.084202172485504434E-16 ) ) ;
#2679 = TOROIDAL_SURFACE ( 'NONE', #2144, 2.175374249843081031, 0.3000000000000009881 ) ;
#2680 = DIRECTION ( 'NONE',  ( -0.5443864854016887689, -0.8388345215309135350, 0.000000000000000000 ) ) ;
#2681 = ORIENTED_EDGE ( 'NONE', *, *, #4942, .T. ) ;
#2682 = AXIS2_PLACEMENT_3D ( 'NONE', #5277, #972, #4017 ) ;
#2683 = AXIS2_PLACEMENT_3D ( 'NONE', #2169, #3892, #2645 ) ;
#2684 = DIRECTION ( 'NONE',  ( -1.084202172485501969E-16, 0.000000000000000000, 1.000000000000000000 ) ) ;
#2685 = ORIENTED_EDGE ( 'NONE', *, *, #434, .F. ) ;
#2686 = CARTESIAN_POINT ( 'NONE',  ( -17.31849011044040765, -3.189912302759890572, 0.1592850450340036750 ) ) ;
#2687 = ORIENTED_EDGE ( 'NONE', *, *, #3875, .F. ) ;
#2688 = CARTESIAN_POINT ( 'NONE',  ( -16.36815602830900218, -2.295410210117952765, 18.22727069604665218 ) ) ;
#2689 = ORIENTED_EDGE ( 'NONE', *, *, #1139, .T. ) ;
#2690 = DIRECTION ( 'NONE',  ( 1.000000000000000000, 0.000000000000000000, 0.000000000000000000 ) ) ;
#2691 = CARTESIAN_POINT ( 'NONE',  ( -15.99999999999999645, -2.461276782429340670, 19.10000000000000497 ) ) ;
#2692 = EDGE_LOOP ( 'NONE', ( #1887, #2238, #3592 ) ) ;
#2693 = DIRECTION ( 'NONE',  ( -0.000000000000000000, 1.000000000000000000, -0.000000000000000000 ) ) ;
#2694 = VERTEX_POINT ( 'NONE', #5029 ) ;
#2695 = CARTESIAN_POINT ( 'NONE',  ( 1.877765552635376824E-13, 0.5999999999999937605, 1.350000000000000089 ) ) ;
#2696 = DIRECTION ( 'NONE',  ( 0.000000000000000000, 0.000000000000000000, 1.000000000000000000 ) ) ;
#2697 = FACE_OUTER_BOUND ( 'NONE', #414, .T. ) ;
#2698 = DIRECTION ( 'NONE',  ( 9.082321863752916905E-17, -0.000000000000000000, -1.000000000000000000 ) ) ;
#2699 = CARTESIAN_POINT ( 'NONE',  ( -17.68537097729297258, -2.624592728049848667, -18.12848557855159015 ) ) ;
#2700 = ADVANCED_FACE ( 'NONE', ( #4611 ), #1221, .F. ) ;
#2701 = EDGE_CURVE ( 'NONE', #5423, #4236, #2891, .T. ) ;
#2702 = CARTESIAN_POINT ( 'NONE',  ( -16.43914126488116878, -2.261276782429340493, 15.81088333477098296 ) ) ;
#2703 = CARTESIAN_POINT ( 'NONE',  ( 15.80000000000000071, -2.761276782429340937, -17.00000000000011369 ) ) ;
#2704 = CARTESIAN_POINT ( 'NONE',  ( -16.00000000000000355, -1.318477165402296203, -21.57537424984308672 ) ) ;
#2705 = DIRECTION ( 'NONE',  ( 0.000000000000000000, 0.000000000000000000, 1.000000000000000000 ) ) ;
#2706 = EDGE_CURVE ( 'NONE', #3929, #91, #4225, .T. ) ;
#2707 = CARTESIAN_POINT ( 'NONE',  ( -15.80000000000000071, -2.261276782429340493, -16.99999999999988987 ) ) ;
#2708 = ORIENTED_EDGE ( 'NONE', *, *, #2297, .T. ) ;
#2709 =( BOUNDED_CURVE ( )  B_SPLINE_CURVE ( 3, ( #392, #479, #5162, #5083 ),
 .UNSPECIFIED., .F., .T. ) 
 B_SPLINE_CURVE_WITH_KNOTS ( ( 4, 4 ),
 ( 5.627134553879958645, 6.283185307179586232 ),
 .UNSPECIFIED. ) 
 CURVE ( )  GEOMETRIC_REPRESENTATION_ITEM ( )  RATIONAL_B_SPLINE_CURVE ( ( 1.000000000000000000, 0.9644535744459805660, 0.9644535744459805660, 1.000000000000000000 ) ) 
 REPRESENTATION_ITEM ( '' )  );
#2710 = EDGE_CURVE ( 'NONE', #5344, #3781, #2946, .T. ) ;
#2711 = CARTESIAN_POINT ( 'NONE',  ( -17.43372062083369656, -2.461276782429340670, -19.09999999999999787 ) ) ;
#2712 = CARTESIAN_POINT ( 'NONE',  ( -17.93662936813091235, -2.237433572356160916, -0.6957264074187761160 ) ) ;
#2713 = ORIENTED_EDGE ( 'NONE', *, *, #4330, .F. ) ;
#2714 = CARTESIAN_POINT ( 'NONE',  ( -17.48062216692526150, -2.682871376733769075, -17.81619167989573782 ) ) ;
#2715 = ORIENTED_EDGE ( 'NONE', *, *, #2440, .T. ) ;
#2716 = DIRECTION ( 'NONE',  ( -1.000000000000000000, 0.000000000000000000, -0.000000000000000000 ) ) ;
#2717 = DIRECTION ( 'NONE',  ( 0.000000000000000000, 0.000000000000000000, 1.000000000000000000 ) ) ;
#2718 = B_SPLINE_CURVE_WITH_KNOTS ( 'NONE', 3,
 ( #423, #4776, #843, #3067 ),
 .UNSPECIFIED., .F., .F.,
 ( 4, 4 ),
 ( 0.000000000000000000, 9.595388173458709849E-05 ),
 .UNSPECIFIED. ) ;
#2719 = ORIENTED_EDGE ( 'NONE', *, *, #2118, .F. ) ;
#2720 = FACE_OUTER_BOUND ( 'NONE', #3650, .T. ) ;
#2721 = EDGE_LOOP ( 'NONE', ( #3315, #92, #4066, #4057 ) ) ;
#2722 = DIRECTION ( 'NONE',  ( 0.000000000000000000, 0.000000000000000000, 1.000000000000000000 ) ) ;
#2723 = CARTESIAN_POINT ( 'NONE',  ( -17.68537097729297614, -2.624592728049848667, 1.128485578551573276 ) ) ;
#2724 = AXIS2_PLACEMENT_3D ( 'NONE', #1021, #4445, #2609 ) ;
#2725 = CARTESIAN_POINT ( 'NONE',  ( -17.13710406055794877, -2.703303305887782670, 16.15478546032871066 ) ) ;
#2726 = CARTESIAN_POINT ( 'NONE',  ( 4.999999999999999112, -2.461276782429340670, 18.77586025187433094 ) ) ;
#2727 = EDGE_LOOP ( 'NONE', ( #5088, #4817, #4243, #4387, #643 ) ) ;
#2728 = VECTOR ( 'NONE', #1054, 1000.000000000000000 ) ;
#2729 = DIRECTION ( 'NONE',  ( 0.000000000000000000, 0.000000000000000000, 1.000000000000000000 ) ) ;
#2730 = CARTESIAN_POINT ( 'NONE',  ( 4.501210496958190532, -2.631012932033073071, 19.32546713319808163 ) ) ;
#2731 = EDGE_CURVE ( 'NONE', #383, #4823, #3616, .T. ) ;
#2732 = CARTESIAN_POINT ( 'NONE',  ( -16.17586025187432242, -2.454774288023120032, -18.65883793865159745 ) ) ;
#2733 = VECTOR ( 'NONE', #979, 1000.000000000000000 ) ;
#2734 = DIRECTION ( 'NONE',  ( 0.000000000000000000, 0.000000000000000000, -1.000000000000000000 ) ) ;
#2735 = CARTESIAN_POINT ( 'NONE',  ( -17.48062216692520110, -2.682871376733793500, -0.8161916798954796937 ) ) ;
#2736 = ORIENTED_EDGE ( 'NONE', *, *, #3232, .F. ) ;
#2737 = ADVANCED_FACE ( 'NONE', ( #2739 ), #4484, .T. ) ;
#2738 = ORIENTED_EDGE ( 'NONE', *, *, #2879, .T. ) ;
#2739 = FACE_OUTER_BOUND ( 'NONE', #921, .T. ) ;
#2740 = ORIENTED_EDGE ( 'NONE', *, *, #2835, .T. ) ;
#2741 = CARTESIAN_POINT ( 'NONE',  ( -17.11947023826678915, -1.825095997098529432, -0.2949765009451840725 ) ) ;
#2742 = AXIS2_PLACEMENT_3D ( 'NONE', #2033, #2800, #3752 ) ;
#2743 = ORIENTED_EDGE ( 'NONE', *, *, #77, .F. ) ;
#2744 = FACE_OUTER_BOUND ( 'NONE', #2692, .T. ) ;
#2745 = UNCERTAINTY_MEASURE_WITH_UNIT (LENGTH_MEASURE( 1.000000000000000082E-05 ), #2829, 'distance_accuracy_value', 'NONE');
#2746 = EDGE_LOOP ( 'NONE', ( #4095, #697, #4101, #614, #3561, #4680, #3800, #4992, #4708, #1879, #3447, #3849, #2826, #3452 ) ) ;
#2747 = CARTESIAN_POINT ( 'NONE',  ( -17.43372062083370011, -2.761276782429340493, 15.87151442144887170 ) ) ;
#2748 = DIRECTION ( 'NONE',  ( 1.429506294639272552E-15, 0.000000000000000000, -1.000000000000000000 ) ) ;
#2749 = CIRCLE ( 'NONE', #3022, 4.000000000000000000 ) ;
#2750 = ORIENTED_EDGE ( 'NONE', *, *, #5519, .T. ) ;
#2751 = CARTESIAN_POINT ( 'NONE',  ( 17.86442984884772045, -0.6220286093256309767, -19.09999999999999787 ) ) ;
#2752 = ORIENTED_EDGE ( 'NONE', *, *, #2905, .T. ) ;
#2753 = DIRECTION ( 'NONE',  ( -0.000000000000000000, 1.000000000000000000, -0.000000000000000000 ) ) ;
#2754 = DIRECTION ( 'NONE',  ( -1.000000000000000000, -0.000000000000000000, -1.084202172485504434E-16 ) ) ;
#2755 = CARTESIAN_POINT ( 'NONE',  ( -16.91290387186571920, -2.261276782429340493, 16.23583707759052785 ) ) ;
#2756 = AXIS2_PLACEMENT_3D ( 'NONE', #283, #4949, #4140 ) ;
#2757 = CARTESIAN_POINT ( 'NONE',  ( -16.47586025187433023, -2.761276782429341381, -19.09999999999999787 ) ) ;
#2758 = AXIS2_PLACEMENT_3D ( 'NONE', #186, #584, #3113 ) ;
#2759 = DIRECTION ( 'NONE',  ( 1.000000000000000000, 0.000000000000000000, 0.000000000000000000 ) ) ;
#2760 = ORIENTED_EDGE ( 'NONE', *, *, #5472, .T. ) ;
#2761 = FACE_OUTER_BOUND ( 'NONE', #178, .T. ) ;
#2762 = CARTESIAN_POINT ( 'NONE',  ( -16.41373097297995898, -2.354612538281993572, -18.20277450602955582 ) ) ;
#2763 = CARTESIAN_POINT ( 'NONE',  ( -18.17537424984308458, -1.318477165402296203, 19.10000000000000497 ) ) ;
#2764 = FACE_OUTER_BOUND ( 'NONE', #4247, .T. ) ;
#2765 = DIRECTION ( 'NONE',  ( 1.000000000000000000, 0.000000000000000000, 1.156482317317864980E-14 ) ) ;
#2766 = DIRECTION ( 'NONE',  ( -0.000000000000000000, 1.000000000000000000, 0.000000000000000000 ) ) ;
#2767 = VERTEX_POINT ( 'NONE', #1898 ) ;
#2768 = VECTOR ( 'NONE', #1398, 1000.000000000000000 ) ;
#2769 = AXIS2_PLACEMENT_3D ( 'NONE', #2148, #3868, #1747 ) ;
#2770 = CARTESIAN_POINT ( 'NONE',  ( -18.47537424984308529, -1.260317096475860321, 19.10000000000000497 ) ) ;
#2771 = VERTEX_POINT ( 'NONE', #244 ) ;
#2772 = DIRECTION ( 'NONE',  ( 0.000000000000000000, 0.000000000000000000, 1.000000000000000000 ) ) ;
#2773 = ORIENTED_EDGE ( 'NONE', *, *, #4724, .T. ) ;
#2774 = DIRECTION ( 'NONE',  ( 0.000000000000000000, 0.000000000000000000, 1.000000000000000000 ) ) ;
#2775 = EDGE_CURVE ( 'NONE', #2203, #2896, #3393, .T. ) ;
#2776 = CIRCLE ( 'NONE', #2682, 1.864429848847718674 ) ;
#2777 = CIRCLE ( 'NONE', #23, 1.850000000000000977 ) ;
#2778 = EDGE_LOOP ( 'NONE', ( #3529, #2803, #908, #1930 ) ) ;
#2779 = CARTESIAN_POINT ( 'NONE',  ( 5.001619230208454780, -2.761276782429340049, 18.96314191428843898 ) ) ;
#2780 = CARTESIAN_POINT ( 'NONE',  ( -16.36815602830979444, -2.295410210119940064, 15.77272930395399619 ) ) ;
#2781 = AXIS2_PLACEMENT_3D ( 'NONE', #3085, #1790, #4356 ) ;
#2782 = ORIENTED_EDGE ( 'NONE', *, *, #2486, .T. ) ;
#2783 = CARTESIAN_POINT ( 'NONE',  ( -17.41430376235674515, -2.761276782429340937, -15.98436885093283344 ) ) ;
#2784 = PRESENTATION_LAYER_ASSIGNMENT (  '', '', ( #3768 ) ) ;
#2785 = ADVANCED_FACE ( 'NONE', ( #3531 ), #1396, .T. ) ;
#2786 = CARTESIAN_POINT ( 'NONE',  ( -16.44282970718980152, -2.745023667718113902, -18.57706246765667046 ) ) ;
#2787 = CARTESIAN_POINT ( 'NONE',  ( -17.86442984884771334, 0.000000000000000000, 19.10000000000000497 ) ) ;
#2788 = DIRECTION ( 'NONE',  ( 0.000000000000000000, 0.000000000000000000, 1.000000000000000000 ) ) ;
#2789 = EDGE_CURVE ( 'NONE', #5156, #2003, #1929, .T. ) ;
#2790 = DIRECTION ( 'NONE',  ( 0.000000000000000000, 1.000000000000000000, 0.000000000000000000 ) ) ;
#2791 = VERTEX_POINT ( 'NONE', #2770 ) ;
#2792 = DIRECTION ( 'NONE',  ( 0.000000000000000000, 0.000000000000000000, -1.000000000000000000 ) ) ;
#2793 = FACE_OUTER_BOUND ( 'NONE', #1731, .T. ) ;
#2794 = DIRECTION ( 'NONE',  ( 0.000000000000000000, 0.000000000000000000, 1.000000000000000000 ) ) ;
#2795 = CARTESIAN_POINT ( 'NONE',  ( -16.17586025187432242, -2.461276782429339782, -1.722124536709165099 ) ) ;
#2796 = AXIS2_PLACEMENT_3D ( 'NONE', #1120, #3291, #1635 ) ;
#2797 = CARTESIAN_POINT ( 'NONE',  ( -18.06941726076136234, -2.032823297548234098, -17.10174857720017627 ) ) ;
#2798 = DIRECTION ( 'NONE',  ( -7.709882115452472644E-15, 0.000000000000000000, 1.000000000000000000 ) ) ;
#2799 = ORIENTED_EDGE ( 'NONE', *, *, #1606, .T. ) ;
#2800 = DIRECTION ( 'NONE',  ( -0.000000000000000000, -1.000000000000000000, -0.000000000000000000 ) ) ;
#2801 = ORIENTED_EDGE ( 'NONE', *, *, #466, .T. ) ;
#2802 = CARTESIAN_POINT ( 'NONE',  ( -17.25135937711331025, -2.761276782429341825, 17.90852906081493501 ) ) ;
#2803 = ORIENTED_EDGE ( 'NONE', *, *, #4723, .F. ) ;
#2804 = ORIENTED_EDGE ( 'NONE', *, *, #3584, .F. ) ;
#2805 = FACE_OUTER_BOUND ( 'NONE', #2940, .T. ) ;
#2806 = CARTESIAN_POINT ( 'NONE',  ( -16.23359033370483573, -2.377535297380072521, 15.60772050115333798 ) ) ;
#2807 = EDGE_CURVE ( 'NONE', #1408, #3444, #1559, .T. ) ;
#2808 = ADVANCED_FACE ( 'NONE', ( #4377 ), #4408, .F. ) ;
#2809 = ORIENTED_EDGE ( 'NONE', *, *, #828, .F. ) ;
#2810 = CARTESIAN_POINT ( 'NONE',  ( -16.40215748671853291, -2.433509384184526336, -1.232832891660876395 ) ) ;
#2811 = DIRECTION ( 'NONE',  ( 9.082321863752916905E-17, -0.000000000000000000, -1.000000000000000000 ) ) ;
#2812 = CYLINDRICAL_SURFACE ( 'NONE', #4912, 0.3000000000000016542 ) ;
#2813 = ADVANCED_FACE ( 'NONE', ( #1512 ), #547, .F. ) ;
#2814 = CARTESIAN_POINT ( 'NONE',  ( -16.17586025187432242, -2.461276672937103172, -15.30975387906047835 ) ) ;
#2815 = CARTESIAN_POINT ( 'NONE',  ( -16.47586025187433023, -2.761276782429340493, 19.10000000000000497 ) ) ;
#2816 = ORIENTED_EDGE ( 'NONE', *, *, #5311, .T. ) ;
#2817 = CARTESIAN_POINT ( 'NONE',  ( -18.06941726076527743, -2.032823297542202035, 1.108161866824613597E-13 ) ) ;
#2818 = DIRECTION ( 'NONE',  ( -9.082321863752915673E-17, 0.000000000000000000, 1.000000000000000000 ) ) ;
#2819 = DIRECTION ( 'NONE',  ( -1.000000000000000000, -0.000000000000000000, -1.084202172485504434E-16 ) ) ;
#2820 = DIRECTION ( 'NONE',  ( -2.602085213965210642E-15, 0.000000000000000000, 1.000000000000000000 ) ) ;
#2821 = AXIS2_PLACEMENT_3D ( 'NONE', #4359, #4335, #4015 ) ;
#2822 = CARTESIAN_POINT ( 'NONE',  ( -16.47586025187432668, -2.761276782429341381, -19.09999999999999787 ) ) ;
#2823 = CARTESIAN_POINT ( 'NONE',  ( -17.03252458482133136, -2.472777061404273002, -0.6753931363547291955 ) ) ;
#2824 = ORIENTED_EDGE ( 'NONE', *, *, #1510, .T. ) ;
#2825 = DIRECTION ( 'NONE',  ( -1.000000000000000000, -0.000000000000000000, -0.000000000000000000 ) ) ;
#2826 = ORIENTED_EDGE ( 'NONE', *, *, #646, .F. ) ;
#2827 = DIRECTION ( 'NONE',  ( 0.000000000000000000, 1.000000000000000000, 0.000000000000000000 ) ) ;
#2828 = ORIENTED_EDGE ( 'NONE', *, *, #3848, .T. ) ;
#2829 =( LENGTH_UNIT ( ) NAMED_UNIT ( * ) SI_UNIT ( .MILLI., .METRE. ) );
#2830 = ORIENTED_EDGE ( 'NONE', *, *, #3978, .T. ) ;
#2831 = CARTESIAN_POINT ( 'NONE',  ( -16.42651365871099856, -2.712846292388405800, 15.48944666754917066 ) ) ;
#2832 = CIRCLE ( 'NONE', #4279, 0.3000000000000005440 ) ;
#2833 = ORIENTED_EDGE ( 'NONE', *, *, #1097, .F. ) ;
#2834 = CARTESIAN_POINT ( 'NONE',  ( -15.99999999999999645, -2.624592728049848667, 19.10000000000000497 ) ) ;
#2835 = EDGE_CURVE ( 'NONE', #3782, #3929, #1939, .T. ) ;
#2836 = FACE_OUTER_BOUND ( 'NONE', #157, .T. ) ;
#2837 = VECTOR ( 'NONE', #628, 1000.000000000000000 ) ;
#2838 = DIRECTION ( 'NONE',  ( 1.000000000000000000, 0.000000000000000000, 0.000000000000000000 ) ) ;
#2839 = CARTESIAN_POINT ( 'NONE',  ( -16.42651365871104474, -2.712846292388453318, -15.48944666754871236 ) ) ;
#2840 = ORIENTED_EDGE ( 'NONE', *, *, #2183, .T. ) ;
#2841 = ORIENTED_EDGE ( 'NONE', *, *, #2197, .F. ) ;
#2842 = DIRECTION ( 'NONE',  ( -1.084202172485505174E-16, 0.000000000000000000, 1.000000000000000000 ) ) ;
#2843 = EDGE_CURVE ( 'NONE', #5116, #5324, #124, .T. ) ;
#2844 = DIRECTION ( 'NONE',  ( 9.082321863752916905E-17, -0.000000000000000000, -1.000000000000000000 ) ) ;
#2845 = AXIS2_PLACEMENT_3D ( 'NONE', #250, #3326, #2966 ) ;
#2846 = CARTESIAN_POINT ( 'NONE',  ( 15.80000000000000071, -2.761276782429340937, -18.35000000000010800 ) ) ;
#2847 = CARTESIAN_POINT ( 'NONE',  ( -17.17936786132541727, -2.694393592153379924, -0.7482795626010041445 ) ) ;
#2848 = VERTEX_POINT ( 'NONE', #3556 ) ;
#2849 = DIRECTION ( 'NONE',  ( -0.000000000000000000, 1.000000000000000000, -0.000000000000000000 ) ) ;
#2850 = ORIENTED_EDGE ( 'NONE', *, *, #1449, .F. ) ;
#2851 = CARTESIAN_POINT ( 'NONE',  ( -16.42651365871104474, -2.712846292388454206, -18.51055333245107093 ) ) ;
#2852 = EDGE_CURVE ( 'NONE', #5004, #2791, #5266, .T. ) ;
#2853 = CARTESIAN_POINT ( 'NONE',  ( 0.000000000000000000, 0.000000000000000000, 0.000000000000000000 ) ) ;
#2854 = VERTEX_POINT ( 'NONE', #4846 ) ;
#2855 = CIRCLE ( 'NONE', #2769, 0.5000000000000002220 ) ;
#2856 = CARTESIAN_POINT ( 'NONE',  ( 1.877765552635376824E-13, -7.000000000000000000, 0.000000000000000000 ) ) ;
#2857 = B_SPLINE_CURVE_WITH_KNOTS ( 'NONE', 3,
 ( #3704, #4131, #2359, #353 ),
 .UNSPECIFIED., .F., .F.,
 ( 4, 4 ),
 ( 0.000000000000000000, 0.0003868267142610004421 ),
 .UNSPECIFIED. ) ;
#2858 = CIRCLE ( 'NONE', #2675, 0.5000000000000004441 ) ;
#2859 =( BOUNDED_SURFACE ( )  B_SPLINE_SURFACE ( 3, 2, ( 
 ( #4569, #3272, #5012 ),
 ( #819, #5040, #4594 ),
 ( #2823, #745, #4545 ),
 ( #3347, #2847, #2430 ),
 ( #4150, #2513, #4173 ),
 ( #5371, #718, #5067 ) ),
 .UNSPECIFIED., .F., .F., .F. ) 
 B_SPLINE_SURFACE_WITH_KNOTS ( ( 4, 2, 4 ),
 ( 3, 3 ),
 ( -3.402509798032671120E-06, 0.0001578014212445658971, 0.0003190053522871644730 ),
 ( 0.000000000000000000, 1.000000000000000000 ),
 .UNSPECIFIED. ) 
 GEOMETRIC_REPRESENTATION_ITEM ( )  RATIONAL_B_SPLINE_SURFACE ( (
 ( 1.000000000000000000, 1.000000000000000000, 1.000000000000000000),
 ( 1.000000000000000000, 1.000892769164744234, 1.000000000000000000),
 ( 1.000000000000000000, 0.9833350963520985921, 1.000000000000000000),
 ( 1.000000000000000000, 0.9452470562641301921, 1.000000000000000000),
 ( 1.000000000000000000, 0.9280706857053763192, 1.000000000000000000),
 ( 1.000000000000000000, 0.9323756345168795479, 1.000000000000000000) ) ) 
 REPRESENTATION_ITEM ( '' )  SURFACE ( )  );
#2860 = AXIS2_PLACEMENT_3D ( 'NONE', #2447, #5358, #3601 ) ;
#2861 = ORIENTED_EDGE ( 'NONE', *, *, #2908, .T. ) ;
#2862 = FACE_OUTER_BOUND ( 'NONE', #2295, .T. ) ;
#2863 = VECTOR ( 'NONE', #407, 1000.000000000000000 ) ;
#2864 = VECTOR ( 'NONE', #1334, 1000.000000000000000 ) ;
#2865 = CARTESIAN_POINT ( 'NONE',  ( 0.000000000000000000, -1.260317096475860321, -21.27537424984308245 ) ) ;
#2866 = FACE_OUTER_BOUND ( 'NONE', #4176, .T. ) ;
#2867 = ADVANCED_FACE ( 'NONE', ( #1013 ), #4037, .T. ) ;
#2868 = AXIS2_PLACEMENT_3D ( 'NONE', #2389, #1081, #1519 ) ;
#2869 = CARTESIAN_POINT ( 'NONE',  ( -16.67586025187432597, 0.000000000000000000, 18.62953024494373366 ) ) ;
#2870 = DIRECTION ( 'NONE',  ( -0.000000000000000000, 1.000000000000000000, -0.000000000000000000 ) ) ;
#2871 = ORIENTED_EDGE ( 'NONE', *, *, #2960, .T. ) ;
#2872 = CARTESIAN_POINT ( 'NONE',  ( -16.43914126488121852, -2.261276782429340493, -1.189116665229087211 ) ) ;
#2873 = CARTESIAN_POINT ( 'NONE',  ( 15.99999999999999645, -1.260317096475860321, -21.57537424984308672 ) ) ;
#2874 = EDGE_CURVE ( 'NONE', #3479, #1905, #5079, .T. ) ;
#2875 = CARTESIAN_POINT ( 'NONE',  ( -19.99999999999999645, 0.000000000000000000, 19.10000000000000142 ) ) ;
#2876 = EDGE_CURVE ( 'NONE', #1292, #4871, #4990, .T. ) ;
#2877 = FACE_OUTER_BOUND ( 'NONE', #1208, .T. ) ;
#2878 = ORIENTED_EDGE ( 'NONE', *, *, #2061, .T. ) ;
#2879 = EDGE_CURVE ( 'NONE', #5516, #3911, #3649, .T. ) ;
#2880 = CARTESIAN_POINT ( 'NONE',  ( -17.68537097729297258, -2.624592728049848667, -15.87151442144819491 ) ) ;
#2881 = ORIENTED_EDGE ( 'NONE', *, *, #4045, .F. ) ;
#2882 = EDGE_CURVE ( 'NONE', #1943, #3503, #164, .T. ) ;
#2883 = FACE_OUTER_BOUND ( 'NONE', #3651, .T. ) ;
#2884 = ORIENTED_EDGE ( 'NONE', *, *, #5110, .T. ) ;
#2885 = FACE_OUTER_BOUND ( 'NONE', #5447, .T. ) ;
#2886 = EDGE_CURVE ( 'NONE', #1791, #1482, #4991, .T. ) ;
#2887 = VECTOR ( 'NONE', #1162, 1000.000000000000000 ) ;
#2888 = ORIENTED_EDGE ( 'NONE', *, *, #1078, .T. ) ;
#2889 = CARTESIAN_POINT ( 'NONE',  ( -16.42651365871101987, -2.712846292388428449, -1.510553332450943032 ) ) ;
#2890 = DIRECTION ( 'NONE',  ( -0.000000000000000000, 1.000000000000000000, -0.000000000000000000 ) ) ;
#2891 = B_SPLINE_CURVE_WITH_KNOTS ( 'NONE', 3,
 ( #2264, #1455, #1103, #4435 ),
 .UNSPECIFIED., .F., .F.,
 ( 4, 4 ),
 ( 0.0007532453068569225103, 0.0007945886782372111202 ),
 .UNSPECIFIED. ) ;
#2892 = CARTESIAN_POINT ( 'NONE',  ( -16.43914126488116878, -2.261276782429340493, 18.18911666522924264 ) ) ;
#2893 =( BOUNDED_SURFACE ( )  B_SPLINE_SURFACE ( 3, 2, ( 
 ( #1443, #565, #1384 ),
 ( #511, #137, #168 ),
 ( #1825, #1855, #3153 ),
 ( #5255, #3994, #592 ) ),
 .UNSPECIFIED., .F., .F., .F. ) 
 B_SPLINE_SURFACE_WITH_KNOTS ( ( 4, 4 ),
 ( 3, 3 ),
 ( 0.0002236592279505890087, 0.0003184753319593797193 ),
 ( 0.000000000000000000, 1.000000000000000000 ),
 .UNSPECIFIED. ) 
 GEOMETRIC_REPRESENTATION_ITEM ( )  RATIONAL_B_SPLINE_SURFACE ( (
 ( 1.000000000000000000, 0.7071067811865475727, 1.000000000000000000),
 ( 1.000000000000000000, 0.7262877011042903064, 1.000000000000000000),
 ( 1.000000000000000000, 0.7452025455529360798, 1.000000000000000000),
 ( 1.000000000000000000, 0.7630493574722686523, 1.000000000000000000) ) ) 
 REPRESENTATION_ITEM ( '' )  SURFACE ( )  );
#2894 = CARTESIAN_POINT ( 'NONE',  ( -18.06100422277044970, -2.045786783760649818, 16.79650524111347565 ) ) ;
#2895 = EDGE_CURVE ( 'NONE', #4687, #3444, #2832, .T. ) ;
#2896 = VERTEX_POINT ( 'NONE', #4096 ) ;
#2897 = CARTESIAN_POINT ( 'NONE',  ( 0.000000000000000000, -2.461276782429340670, -19.27586025187432739 ) ) ;
#2898 = EDGE_CURVE ( 'NONE', #1055, #5276, #303, .T. ) ;
#2899 = ORIENTED_EDGE ( 'NONE', *, *, #328, .T. ) ;
#2900 = CARTESIAN_POINT ( 'NONE',  ( -16.43914126488122207, -2.261276782429340493, 1.189116665229309255 ) ) ;
#2901 = LINE ( 'NONE', #2479, #204 ) ;
#2902 = DIRECTION ( 'NONE',  ( 0.000000000000000000, 0.000000000000000000, 1.000000000000000000 ) ) ;
#2903 = CARTESIAN_POINT ( 'NONE',  ( -17.79903525207018689, -2.449449663141561651, -17.96832827974781921 ) ) ;
#2904 = DIRECTION ( 'NONE',  ( 0.000000000000000000, 1.000000000000000000, 0.000000000000000000 ) ) ;
#2905 = EDGE_CURVE ( 'NONE', #4713, #3719, #1058, .T. ) ;
#2906 = ORIENTED_EDGE ( 'NONE', *, *, #4500, .T. ) ;
#2907 = CARTESIAN_POINT ( 'NONE',  ( 4.500000000000005329, -2.461276782429340670, -19.57586025187432810 ) ) ;
#2908 = EDGE_CURVE ( 'NONE', #3716, #1372, #2459, .T. ) ;
#2909 = TOROIDAL_SURFACE ( 'NONE', #4702, 0.8000000000000008216, 0.5000000000000000000 ) ;
#2910 = CARTESIAN_POINT ( 'NONE',  ( -17.68537097729297614, -2.624592728049848667, 18.12848557855133791 ) ) ;
#2911 = ORIENTED_EDGE ( 'NONE', *, *, #5417, .F. ) ;
#2912 = CARTESIAN_POINT ( 'NONE',  ( -16.41373097297762840, -2.354612538281174228, -15.79722549396896802 ) ) ;
#2913 = VECTOR ( 'NONE', #5282, 1000.000000000000000 ) ;
#2914 = ORIENTED_EDGE ( 'NONE', *, *, #538, .T. ) ;
#2915 = EDGE_CURVE ( 'NONE', #2212, #4016, #3467, .T. ) ;
#2916 = EDGE_LOOP ( 'NONE', ( #2127, #3623, #2964, #1129 ) ) ;
#2917 = CARTESIAN_POINT ( 'NONE',  ( -18.00256958295475584, -2.135827580960929062, -16.49678985350654159 ) ) ;
#2918 = ORIENTED_EDGE ( 'NONE', *, *, #1779, .F. ) ;
#2919 = DIRECTION ( 'NONE',  ( -1.000000000000000000, 0.000000000000000000, -9.082321863752915673E-17 ) ) ;
#2920 = CARTESIAN_POINT ( 'NONE',  ( -15.99999999999999289, -2.761276782429341381, 19.57586025187433165 ) ) ;
#2921 = DIRECTION ( 'NONE',  ( 0.000000000000000000, -0.000000000000000000, 1.000000000000000000 ) ) ;
#2922 = CARTESIAN_POINT ( 'NONE',  ( -17.79903525207018689, -2.449449663141564315, 0.9683282797479209059 ) ) ;
#2923 = CARTESIAN_POINT ( 'NONE',  ( -17.89570055624916733, -2.300499980601624639, 16.21074277380931150 ) ) ;
#2924 = ORIENTED_EDGE ( 'NONE', *, *, #1104, .F. ) ;
#2925 = LINE ( 'NONE', #3884, #5323 ) ;
#2926 = ORIENTED_EDGE ( 'NONE', *, *, #5417, .T. ) ;
#2927 = DIRECTION ( 'NONE',  ( 0.000000000000000000, 0.000000000000000000, 1.000000000000000000 ) ) ;
#2928 = VECTOR ( 'NONE', #2937, 1000.000000000000000 ) ;
#2929 = DIRECTION ( 'NONE',  ( -9.082321863752915673E-17, -0.000000000000000000, 1.000000000000000000 ) ) ;
#2930 =( BOUNDED_SURFACE ( )  B_SPLINE_SURFACE ( 3, 2, ( 
 ( #898, #3917, #5174 ),
 ( #4342, #1257, #57 ),
 ( #1333, #3866, #513 ),
 ( #2963, #2168, #2088 ) ),
 .UNSPECIFIED., .F., .F., .F. ) 
 B_SPLINE_SURFACE_WITH_KNOTS ( ( 4, 4 ),
 ( 3, 3 ),
 ( -6.369687763352338550E-19, 0.0001654608312809801186 ),
 ( 0.000000000000000000, 1.000000000000000000 ),
 .UNSPECIFIED. ) 
 GEOMETRIC_REPRESENTATION_ITEM ( )  RATIONAL_B_SPLINE_SURFACE ( (
 ( 1.000000000000000000, 0.8787452661043723134, 1.000000000000000000),
 ( 1.000000000000000000, 0.9096091172871356711, 1.000000000000000000),
 ( 1.000000000000000000, 0.9339119250439026354, 1.000000000000000000),
 ( 1.000000000000000000, 0.9323756345168805471, 1.000000000000000000) ) ) 
 REPRESENTATION_ITEM ( '' )  SURFACE ( )  );
#2931 = CARTESIAN_POINT ( 'NONE',  ( -16.28410836283651975, -2.335824805664341586, -18.27244568416271164 ) ) ;
#2932 = DIRECTION ( 'NONE',  ( 0.000000000000000000, -1.000000000000000000, -0.000000000000000000 ) ) ;
#2933 = DIRECTION ( 'NONE',  ( 0.000000000000000000, 0.000000000000000000, 1.000000000000000000 ) ) ;
#2934 = EDGE_LOOP ( 'NONE', ( #3299, #3415, #405, #5427 ) ) ;
#2935 = EDGE_LOOP ( 'NONE', ( #5075, #4692, #2878, #5511 ) ) ;
#2936 = CARTESIAN_POINT ( 'NONE',  ( 4.501154971696761820, -2.630313079360902861, -19.32494204645707825 ) ) ;
#2937 = DIRECTION ( 'NONE',  ( -0.000000000000000000, 1.000000000000000000, -0.000000000000000000 ) ) ;
#2938 = VERTEX_POINT ( 'NONE', #4177 ) ;
#2939 = FACE_OUTER_BOUND ( 'NONE', #4440, .T. ) ;
#2940 = EDGE_LOOP ( 'NONE', ( #4970, #1991, #2583, #341 ) ) ;
#2941 = ORIENTED_EDGE ( 'NONE', *, *, #872, .T. ) ;
#2942 = CARTESIAN_POINT ( 'NONE',  ( -17.10121926213815158, -1.863634338260086620, -16.63279259580207992 ) ) ;
#2943 = EDGE_CURVE ( 'NONE', #1372, #963, #1567, .T. ) ;
#2944 = ORIENTED_EDGE ( 'NONE', *, *, #3150, .F. ) ;
#2945 = LINE ( 'NONE', #4660, #5449 ) ;
#2946 = CIRCLE ( 'NONE', #4389, 1.349999999999996980 ) ;
#2947 = LINE ( 'NONE', #2131, #763 ) ;
#2948 = CARTESIAN_POINT ( 'NONE',  ( 5.082499910665829290, -2.638437138893578116, 19.32322722413656635 ) ) ;
#2949 = CARTESIAN_POINT ( 'NONE',  ( -16.91290387186581512, -2.261276782429340493, -17.76416292240982031 ) ) ;
#2950 = CIRCLE ( 'NONE', #5450, 0.2999999999999981570 ) ;
#2951 = AXIS2_PLACEMENT_3D ( 'NONE', #715, #3696, #2820 ) ;
#2952 = CARTESIAN_POINT ( 'NONE',  ( -18.02758017987171968, -2.097289239799576155, 16.59577294314929219 ) ) ;
#2953 = ADVANCED_FACE ( 'NONE', ( #381 ), #720, .F. ) ;
#2954 = LINE ( 'NONE', #3451, #3628 ) ;
#2955 = VERTEX_POINT ( 'NONE', #3275 ) ;
#2956 = LINE ( 'NONE', #865, #1692 ) ;
#2957 =( GEOMETRIC_REPRESENTATION_CONTEXT ( 3 ) GLOBAL_UNCERTAINTY_ASSIGNED_CONTEXT ( ( #2745 ) ) GLOBAL_UNIT_ASSIGNED_CONTEXT ( ( #2829, #5020, #5455 ) ) REPRESENTATION_CONTEXT ( 'NONE', 'WORKASPACE' ) );
#2958 = CARTESIAN_POINT ( 'NONE',  ( -19.99999999999999645, 1.000000000000000000, 19.10000000000000142 ) ) ;
#2959 = AXIS2_PLACEMENT_3D ( 'NONE', #1801, #2539, #58 ) ;
#2960 = EDGE_CURVE ( 'NONE', #1429, #1604, #3100, .T. ) ;
#2961 = CARTESIAN_POINT ( 'NONE',  ( -16.47586025187433023, -2.761276782429340493, 15.27787546329091128 ) ) ;
#2962 = DIRECTION ( 'NONE',  ( -1.000000000000000000, 0.000000000000000000, -9.082321863752915673E-17 ) ) ;
#2963 = CARTESIAN_POINT ( 'NONE',  ( -17.36694975814087272, -2.761276782429340937, -0.9834472306440680267 ) ) ;
#2964 = ORIENTED_EDGE ( 'NONE', *, *, #1478, .F. ) ;
#2965 = FACE_OUTER_BOUND ( 'NONE', #3216, .T. ) ;
#2966 = DIRECTION ( 'NONE',  ( 0.000000000000000000, 0.000000000000000000, 1.000000000000000000 ) ) ;
#2967 = DIRECTION ( 'NONE',  ( 0.000000000000000000, -0.3253534195861428335, -0.9455924874720629258 ) ) ;
#2968 = ORIENTED_EDGE ( 'NONE', *, *, #4245, .F. ) ;
#2969 = CARTESIAN_POINT ( 'NONE',  ( 1.879418825814225786E-13, 0.000000000000000000, -1.350000000000000089 ) ) ;
#2970 = EDGE_CURVE ( 'NONE', #4644, #4968, #3162, .T. ) ;
#2971 = DIRECTION ( 'NONE',  ( 0.000000000000000000, 0.000000000000000000, -1.000000000000000000 ) ) ;
#2972 = ORIENTED_EDGE ( 'NONE', *, *, #1041, .F. ) ;
#2973 = ORIENTED_EDGE ( 'NONE', *, *, #5173, .T. ) ;
#2974 = CARTESIAN_POINT ( 'NONE',  ( -17.16836100029535217, -3.421243321536653337, -17.13532376869598295 ) ) ;
#2975 = ORIENTED_EDGE ( 'NONE', *, *, #2369, .F. ) ;
#2976 = DIRECTION ( 'NONE',  ( 1.000000000000000000, 0.000000000000000000, 0.000000000000000000 ) ) ;
#2977 = DIRECTION ( 'NONE',  ( 0.000000000000000000, 1.000000000000000000, 0.000000000000000000 ) ) ;
#2978 = CARTESIAN_POINT ( 'NONE',  ( 4.695069765861871858, -2.761441411530723311, 19.55104724175896536 ) ) ;
#2979 = DIRECTION ( 'NONE',  ( -1.759699861102128667E-17, 0.000000000000000000, -1.000000000000000000 ) ) ;
#2980 = B_SPLINE_CURVE_WITH_KNOTS ( 'NONE', 3,
 ( #3001, #882, #2574, #5407, #2367, #2418 ),
 .UNSPECIFIED., .F., .F.,
 ( 4, 2, 4 ),
 ( -4.529101847677496762E-06, 0.0002885454276274015571, 0.0005816199571024806194 ),
 .UNSPECIFIED. ) ;
#2981 = EDGE_CURVE ( 'NONE', #1300, #4016, #3091, .T. ) ;
#2982 = VECTOR ( 'NONE', #2766, 1000.000000000000000 ) ;
#2983 = DIRECTION ( 'NONE',  ( 0.000000000000000000, 0.000000000000000000, 1.000000000000000000 ) ) ;
#2984 = ORIENTED_EDGE ( 'NONE', *, *, #3054, .F. ) ;
#2985 = DIRECTION ( 'NONE',  ( -1.000000000000000000, 0.000000000000000000, 3.577867169202174099E-15 ) ) ;
#2986 = FILL_AREA_STYLE_COLOUR ( '', #4762 ) ;
#2987 = EDGE_CURVE ( 'NONE', #2236, #4968, #5421, .T. ) ;
#2988 = CARTESIAN_POINT ( 'NONE',  ( -16.91290387186572630, -2.261276782429340493, 16.23583707759057049 ) ) ;
#2989 = DIRECTION ( 'NONE',  ( 0.000000000000000000, 0.000000000000000000, -1.000000000000000000 ) ) ;
#2990 = CARTESIAN_POINT ( 'NONE',  ( -16.91202532835179539, -2.263131894695357360, 17.76903393985189439 ) ) ;
#2991 = ORIENTED_EDGE ( 'NONE', *, *, #545, .T. ) ;
#2992 = CARTESIAN_POINT ( 'NONE',  ( -17.36694975814089048, -2.761276782429340937, -17.98344723064433026 ) ) ;
#2993 = DIRECTION ( 'NONE',  ( 0.000000000000000000, 1.000000000000000000, 0.000000000000000000 ) ) ;
#2994 = DIRECTION ( 'NONE',  ( -1.000000000000000000, 0.000000000000000000, -1.084202172485504434E-16 ) ) ;
#2995 = ORIENTED_EDGE ( 'NONE', *, *, #769, .F. ) ;
#2996 = CARTESIAN_POINT ( 'NONE',  ( 5.139537578730011269, -2.736152499016046402, -19.26982777381821421 ) ) ;
#2997 = CARTESIAN_POINT ( 'NONE',  ( 15.80000000000017835, -2.761276782429340937, -1.110223024625156540E-13 ) ) ;
#2998 = ORIENTED_EDGE ( 'NONE', *, *, #4088, .T. ) ;
#2999 = ORIENTED_EDGE ( 'NONE', *, *, #3712, .F. ) ;
#3000 = AXIS2_PLACEMENT_3D ( 'NONE', #733, #315, #1997 ) ;
#3001 = CARTESIAN_POINT ( 'NONE',  ( -16.43914126488121852, -2.261276782429340493, 1.189116665229309255 ) ) ;
#3002 = AXIS2_PLACEMENT_3D ( 'NONE', #1378, #4853, #191 ) ;
#3003 = ORIENTED_EDGE ( 'NONE', *, *, #2943, .T. ) ;
#3004 = DIRECTION ( 'NONE',  ( -9.082321863752915673E-17, -0.000000000000000000, 1.000000000000000000 ) ) ;
#3005 = ORIENTED_EDGE ( 'NONE', *, *, #1237, .F. ) ;
#3006 = CARTESIAN_POINT ( 'NONE',  ( -15.99999999999998934, -0.9766393502342392008, 21.37298027571893044 ) ) ;
#3007 = CARTESIAN_POINT ( 'NONE',  ( -17.35719857694626356, -3.130267181414100985, 0.04183604436841259488 ) ) ;
#3008 = AXIS2_PLACEMENT_3D ( 'NONE', #170, #1857, #2729 ) ;
#3009 = CARTESIAN_POINT ( 'NONE',  ( -16.21351765055972294, -2.392639167093174812, -18.43314106543940412 ) ) ;
#3010 = VERTEX_POINT ( 'NONE', #2910 ) ;
#3011 = CARTESIAN_POINT ( 'NONE',  ( -17.14272612737125456, -2.707035054904088245, -16.15176506966990289 ) ) ;
#3012 = ADVANCED_FACE ( 'NONE', ( #4627 ), #796, .F. ) ;
#3013 = CARTESIAN_POINT ( 'NONE',  ( -17.36694975814086916, -2.761276782429340937, 0.9834472306442911815 ) ) ;
#3014 = CARTESIAN_POINT ( 'NONE',  ( -16.42651365871099500, -2.712846292388404468, 15.48944666754917243 ) ) ;
#3015 = AXIS2_PLACEMENT_3D ( 'NONE', #5235, #1009, #5260 ) ;
#3016 = PLANE ( 'NONE',  #2301 ) ;
#3017 = EDGE_CURVE ( 'NONE', #2662, #1849, #1126, .T. ) ;
#3018 = DIRECTION ( 'NONE',  ( 0.000000000000000000, 0.000000000000000000, 1.000000000000000000 ) ) ;
#3019 = ORIENTED_EDGE ( 'NONE', *, *, #3227, .T. ) ;
#3020 = DIRECTION ( 'NONE',  ( -0.000000000000000000, 1.000000000000000000, -0.000000000000000000 ) ) ;
#3021 = CARTESIAN_POINT ( 'NONE',  ( 5.800000000000005151, -4.261276782429340493, -18.81819258583060517 ) ) ;
#3022 = AXIS2_PLACEMENT_3D ( 'NONE', #1174, #4520, #1123 ) ;
#3023 = CARTESIAN_POINT ( 'NONE',  ( 0.000000000000000000, -0.9057063555672495436, -21.16682382297187104 ) ) ;
#3024 = EDGE_CURVE ( 'NONE', #3265, #3905, #4129, .T. ) ;
#3025 = CARTESIAN_POINT ( 'NONE',  ( 16.00000000000000000, 0.000000000000000000, -19.09999999999999787 ) ) ;
#3026 = VERTEX_POINT ( 'NONE', #904 ) ;
#3027 = VERTEX_POINT ( 'NONE', #2596 ) ;
#3028 = EDGE_LOOP ( 'NONE', ( #3194, #2460, #46, #881 ) ) ;
#3029 = CIRCLE ( 'NONE', #5090, 0.3000000000000014877 ) ;
#3030 = EDGE_CURVE ( 'NONE', #3416, #5376, #2649, .T. ) ;
#3031 = EDGE_LOOP ( 'NONE', ( #2685, #5101, #2828, #4963 ) ) ;
#3032 = CARTESIAN_POINT ( 'NONE',  ( 15.99999999999999645, -1.318477165402296203, -21.27537424984308245 ) ) ;
#3033 = VERTEX_POINT ( 'NONE', #4321 ) ;
#3034 = CARTESIAN_POINT ( 'NONE',  ( -17.36694975814089048, -2.461276782429340226, -17.98344723064433026 ) ) ;
#3035 = CARTESIAN_POINT ( 'NONE',  ( -17.13710406055792390, -2.703303305887731600, -17.84521453967179028 ) ) ;
#3036 = DIRECTION ( 'NONE',  ( 0.000000000000000000, 0.000000000000000000, -1.000000000000000000 ) ) ;
#3037 = ORIENTED_EDGE ( 'NONE', *, *, #3741, .T. ) ;
#3038 = CARTESIAN_POINT ( 'NONE',  ( -17.66421921914094995, -2.657185059793531146, 1.018596580922152661 ) ) ;
#3039 = CARTESIAN_POINT ( 'NONE',  ( -15.99999999999999289, -2.624592728049849111, 20.78537097729297756 ) ) ;
#3040 = AXIS2_PLACEMENT_3D ( 'NONE', #1506, #4894, #3575 ) ;
#3041 = CARTESIAN_POINT ( 'NONE',  ( 15.99999999999999645, -2.624592728049849111, -20.78537097729297400 ) ) ;
#3042 = TOROIDAL_SURFACE ( 'NONE', #5105, 2.175374249843084584, 0.3000000000000009881 ) ;
#3043 = DIRECTION ( 'NONE',  ( 0.000000000000000000, 0.000000000000000000, -1.000000000000000000 ) ) ;
#3044 = VECTOR ( 'NONE', #3926, 1000.000000000000000 ) ;
#3045 = LINE ( 'NONE', #3891, #1931 ) ;
#3046 = CARTESIAN_POINT ( 'NONE',  ( -17.43372079780320405, -2.761276782429340937, 18.07344121986051277 ) ) ;
#3047 = DIRECTION ( 'NONE',  ( -9.082321863752915673E-17, -0.000000000000000000, 1.000000000000000000 ) ) ;
#3048 = EDGE_CURVE ( 'NONE', #4016, #1839, #4264, .T. ) ;
#3049 = CARTESIAN_POINT ( 'NONE',  ( 16.00000000000000355, -0.9057063555672495436, 19.10000000000000142 ) ) ;
#3050 = ORIENTED_EDGE ( 'NONE', *, *, #3843, .F. ) ;
#3051 = VECTOR ( 'NONE', #3888, 1000.000000000000000 ) ;
#3052 = CARTESIAN_POINT ( 'NONE',  ( -15.99999999999999289, -1.318477165402296203, 21.27537424984308601 ) ) ;
#3053 = ORIENTED_EDGE ( 'NONE', *, *, #1949, .T. ) ;
#3054 = EDGE_CURVE ( 'NONE', #2655, #1292, #4047, .T. ) ;
#3055 = ORIENTED_EDGE ( 'NONE', *, *, #4587, .F. ) ;
#3056 = EDGE_CURVE ( 'NONE', #4871, #190, #491, .T. ) ;
#3057 = CARTESIAN_POINT ( 'NONE',  ( -17.35314942879034206, -3.136506434861448422, 16.87068637654329351 ) ) ;
#3058 = ORIENTED_EDGE ( 'NONE', *, *, #809, .T. ) ;
#3059 = CARTESIAN_POINT ( 'NONE',  ( -16.86650022477498112, -2.359261655683003944, -0.8276939473950172266 ) ) ;
#3060 = ORIENTED_EDGE ( 'NONE', *, *, #3657, .F. ) ;
#3061 = CARTESIAN_POINT ( 'NONE',  ( -16.43914126488126470, -2.261276782429340493, -15.81088333477061880 ) ) ;
#3062 = EDGE_LOOP ( 'NONE', ( #3202, #1899, #4010, #1457, #802, #2490 ) ) ;
#3063 = FACE_OUTER_BOUND ( 'NONE', #988, .T. ) ;
#3064 = DIRECTION ( 'NONE',  ( -0.000000000000000000, 1.000000000000000000, -0.000000000000000000 ) ) ;
#3065 = CARTESIAN_POINT ( 'NONE',  ( -16.95338979417289593, -2.370193824683128447, 16.29479955584015372 ) ) ;
#3066 = VERTEX_POINT ( 'NONE', #877 ) ;
#3067 = CARTESIAN_POINT ( 'NONE',  ( -16.17586025187432597, -2.461276782429340670, 15.27787546329090951 ) ) ;
#3068 = DIRECTION ( 'NONE',  ( 0.000000000000000000, 1.000000000000000000, 0.000000000000000000 ) ) ;
#3069 = DIRECTION ( 'NONE',  ( 1.000000000000000000, 0.000000000000000000, 0.000000000000000000 ) ) ;
#3070 = CYLINDRICAL_SURFACE ( 'NONE', #3177, 0.2999999999999981570 ) ;
#3071 = CARTESIAN_POINT ( 'NONE',  ( -17.31849011044017317, -3.189912302760219198, 16.84071495496606374 ) ) ;
#3072 = LINE ( 'NONE', #3186, #374 ) ;
#3073 =( BOUNDED_SURFACE ( )  B_SPLINE_SURFACE ( 3, 2, ( 
 ( #2656, #4822, #1489 ),
 ( #1458, #3982, #4875 ),
 ( #3168, #1840, #4380 ),
 ( #1784, #550, #2207 ),
 ( #1868, #2296, #1048 ),
 ( #4907, #3928, #3508 ),
 ( #4467, #5295, #2688 ),
 ( #4412, #2239, #3588 ) ),
 .UNSPECIFIED., .F., .F., .F. ) 
 B_SPLINE_SURFACE_WITH_KNOTS ( ( 4, 2, 2, 4 ),
 ( 3, 3 ),
 ( 0.000000000000000000, 7.043057940911000726E-05, 0.0001408611588182200145, 0.0002817223176364400290 ),
 ( 0.000000000000000000, 1.000000000000000000 ),
 .UNSPECIFIED. ) 
 GEOMETRIC_REPRESENTATION_ITEM ( )  RATIONAL_B_SPLINE_SURFACE ( (
 ( 1.000000000000000000, 0.7630493574722989614, 1.000000000000000000),
 ( 1.000000000000000000, 0.7907442192148802507, 1.000000000000000000),
 ( 1.000000000000000000, 0.8222421583423192848, 1.000000000000000000),
 ( 1.000000000000000000, 0.8819230614696041970, 1.000000000000000000),
 ( 1.000000000000000000, 0.9091139688530103236, 1.000000000000000000),
 ( 1.000000000000000000, 0.9756671857386802760, 1.000000000000000000),
 ( 1.000000000000000000, 1.000481776875402629, 1.000000000000000000),
 ( 1.000000000000000000, 1.000000000000000000, 1.000000000000000000) ) ) 
 REPRESENTATION_ITEM ( '' )  SURFACE ( )  );
#3074 = DIRECTION ( 'NONE',  ( -1.084202172485501106E-16, 0.000000000000000000, 1.000000000000000000 ) ) ;
#3075 = ORIENTED_EDGE ( 'NONE', *, *, #3634, .T. ) ;
#3076 = CARTESIAN_POINT ( 'NONE',  ( -20.00000000000000355, 1.000000000000000000, -23.09999999999999787 ) ) ;
#3077 = ORIENTED_EDGE ( 'NONE', *, *, #1715, .F. ) ;
#3078 = CARTESIAN_POINT ( 'NONE',  ( -16.47586025187433023, -2.761276782429341381, 1.722124536709383813 ) ) ;
#3079 = CARTESIAN_POINT ( 'NONE',  ( -16.91290387186581157, -2.261276782429340493, -17.76416292240984873 ) ) ;
#3080 = ORIENTED_EDGE ( 'NONE', *, *, #3017, .T. ) ;
#3081 = DIRECTION ( 'NONE',  ( -1.000000000000000000, -0.000000000000000000, -1.084202172485504434E-16 ) ) ;
#3082 = ADVANCED_FACE ( 'NONE', ( #4293, #3468 ), #5125, .F. ) ;
#3083 = VERTEX_POINT ( 'NONE', #435 ) ;
#3084 = CARTESIAN_POINT ( 'NONE',  ( 17.43372062083370366, -2.461276782429340670, 19.09999999999999787 ) ) ;
#3085 = CARTESIAN_POINT ( 'NONE',  ( 16.00000000000000000, -1.481793111022802201, -19.09999999999999787 ) ) ;
#3086 = CIRCLE ( 'NONE', #4439, 0.3000000000000016542 ) ;
#3087 = ORIENTED_EDGE ( 'NONE', *, *, #3462, .T. ) ;
#3088 = CARTESIAN_POINT ( 'NONE',  ( -15.99999999999999645, -1.481793111022802201, 19.10000000000000497 ) ) ;
#3089 = ORIENTED_EDGE ( 'NONE', *, *, #2313, .T. ) ;
#3090 = CARTESIAN_POINT ( 'NONE',  ( -17.43372062083370011, -2.761276782429340937, -15.87151442144819136 ) ) ;
#3091 = B_SPLINE_CURVE_WITH_KNOTS ( 'NONE', 3,
 ( #748, #2433, #2384, #2880 ),
 .UNSPECIFIED., .F., .F.,
 ( 4, 4 ),
 ( 0.000000000000000000, 0.0003881701390679808371 ),
 .UNSPECIFIED. ) ;
#3092 = FACE_OUTER_BOUND ( 'NONE', #4143, .T. ) ;
#3093 = DIRECTION ( 'NONE',  ( 1.000000000000000000, 0.000000000000000000, -0.000000000000000000 ) ) ;
#3094 = VECTOR ( 'NONE', #766, 1000.000000000000000 ) ;
#3095 = DIRECTION ( 'NONE',  ( 0.000000000000000000, 0.000000000000000000, 1.000000000000000000 ) ) ;
#3096 = DIRECTION ( 'NONE',  ( 0.000000000000000000, 1.000000000000000000, 0.000000000000000000 ) ) ;
#3097 = CARTESIAN_POINT ( 'NONE',  ( 0.000000000000000000, -2.761276782429340493, -20.53372062083369798 ) ) ;
#3098 = DIRECTION ( 'NONE',  ( 0.000000000000000000, 1.000000000000000000, 0.000000000000000000 ) ) ;
#3099 = CARTESIAN_POINT ( 'NONE',  ( -16.23359033370492455, -2.377535297380080959, -15.60772050115307152 ) ) ;
#3100 = CIRCLE ( 'NONE', #1498, 0.3000000000000016542 ) ;
#3101 = DIRECTION ( 'NONE',  ( 0.5621025027276270736, 0.000000000000000000, 0.8270675766993516032 ) ) ;
#3102 = AXIS2_PLACEMENT_3D ( 'NONE', #3221, #2235, #1836 ) ;
#3103 = DIRECTION ( 'NONE',  ( -0.000000000000000000, -1.000000000000000000, -0.000000000000000000 ) ) ;
#3104 = EDGE_LOOP ( 'NONE', ( #3515, #4354, #2573, #4631 ) ) ;
#3105 =( BOUNDED_SURFACE ( )  B_SPLINE_SURFACE ( 3, 2, ( 
 ( #2558, #1328, #4282 ),
 ( #3038, #2110, #5117 ),
 ( #451, #4748, #5142 ),
 ( #1301, #3625, #1850 ) ),
 .UNSPECIFIED., .F., .F., .F. ) 
 B_SPLINE_SURFACE_WITH_KNOTS ( ( 4, 4 ),
 ( 3, 3 ),
 ( 1.355252715606880543E-20, 0.0001654608312809741555 ),
 ( 0.000000000000000000, 1.000000000000000000 ),
 .UNSPECIFIED. ) 
 GEOMETRIC_REPRESENTATION_ITEM ( )  RATIONAL_B_SPLINE_SURFACE ( (
 ( 1.000000000000000000, 0.8787452661043737567, 1.000000000000000000),
 ( 1.000000000000000000, 0.9096091172871405561, 1.000000000000000000),
 ( 1.000000000000000000, 0.9339119250439008590, 1.000000000000000000),
 ( 1.000000000000000000, 0.9323756345168804360, 1.000000000000000000) ) ) 
 REPRESENTATION_ITEM ( '' )  SURFACE ( )  );
#3106 = ORIENTED_EDGE ( 'NONE', *, *, #5106, .F. ) ;
#3107 = EDGE_CURVE ( 'NONE', #3329, #1618, #2149, .T. ) ;
#3108 = CARTESIAN_POINT ( 'NONE',  ( 0.000000000000000000, 0.000000000000000000, 0.000000000000000000 ) ) ;
#3109 = CARTESIAN_POINT ( 'NONE',  ( -16.47586025187432668, -2.761276782429341381, -19.09999999999999787 ) ) ;
#3110 = ORIENTED_EDGE ( 'NONE', *, *, #113, .T. ) ;
#3111 = DIRECTION ( 'NONE',  ( -1.000000000000000000, 0.000000000000000000, -1.084202172485504434E-16 ) ) ;
#3112 = ORIENTED_EDGE ( 'NONE', *, *, #2008, .F. ) ;
#3113 = DIRECTION ( 'NONE',  ( 0.000000000000000000, 0.000000000000000000, 1.000000000000000000 ) ) ;
#3114 = LINE ( 'NONE', #2631, #4031 ) ;
#3115 = AXIS2_PLACEMENT_3D ( 'NONE', #3238, #2473, #4950 ) ;
#3116 = EDGE_CURVE ( 'NONE', #4600, #457, #2393, .T. ) ;
#3117 = EDGE_LOOP ( 'NONE', ( #768, #1153, #2968, #3566 ) ) ;
#3118 = EDGE_CURVE ( 'NONE', #3033, #4124, #1838, .T. ) ;
#3119 = DIRECTION ( 'NONE',  ( -1.000000000000000000, 0.000000000000000000, -9.082321863753514714E-17 ) ) ;
#3120 = ORIENTED_EDGE ( 'NONE', *, *, #1037, .T. ) ;
#3121 = DIRECTION ( 'NONE',  ( 1.000000000000000000, -0.000000000000000000, 2.168404344971008868E-16 ) ) ;
#3122 = CARTESIAN_POINT ( 'NONE',  ( -17.48062216692519755, -2.682871376733795277, 0.8161916798957041808 ) ) ;
#3123 = ADVANCED_FACE ( 'NONE', ( #3921 ), #36, .F. ) ;
#3124 = CARTESIAN_POINT ( 'NONE',  ( -17.43232950518513391, -2.761276782429340493, 16.11275136069987823 ) ) ;
#3125 = PLANE ( 'NONE',  #2458 ) ;
#3126 = FACE_OUTER_BOUND ( 'NONE', #5291, .T. ) ;
#3127 = DIRECTION ( 'NONE',  ( 1.000000000000000000, 0.000000000000000000, 0.000000000000000000 ) ) ;
#3128 = CARTESIAN_POINT ( 'NONE',  ( -16.43914126488126470, -2.261276782429340493, -15.81088333477061880 ) ) ;
#3129 = EDGE_CURVE ( 'NONE', #3929, #1604, #3999, .T. ) ;
#3130 = VECTOR ( 'NONE', #3787, 1000.000000000000000 ) ;
#3131 = CARTESIAN_POINT ( 'NONE',  ( -16.93682217980029847, -2.376865701243926932, -16.27067089934359956 ) ) ;
#3132 = TOROIDAL_SURFACE ( 'NONE', #740, 2.164429848847716720, 0.2999999999999983791 ) ;
#3133 = DIRECTION ( 'NONE',  ( 0.000000000000000000, 0.000000000000000000, 1.000000000000000000 ) ) ;
#3134 = EDGE_LOOP ( 'NONE', ( #3808, #3192 ) ) ;
#3135 = AXIS2_PLACEMENT_3D ( 'NONE', #4693, #3886, #893 ) ;
#3136 = AXIS2_PLACEMENT_3D ( 'NONE', #2703, #1829, #2794 ) ;
#3137 = ORIENTED_EDGE ( 'NONE', *, *, #1315, .F. ) ;
#3138 = DIRECTION ( 'NONE',  ( 0.000000000000000000, 1.000000000000000000, 0.000000000000000000 ) ) ;
#3139 = CARTESIAN_POINT ( 'NONE',  ( -17.34091168500251001, -3.155363335667210833, 0.1044917037492213985 ) ) ;
#3140 = EDGE_LOOP ( 'NONE', ( #3154, #5329, #5509, #5470, #5494, #4785, #232, #3277, #1276, #2546, #5217, #4461, #1454, #960, #3965, #4105, #28, #323, #4007, #1112, #3325 ) ) ;
#3141 = DIRECTION ( 'NONE',  ( -0.000000000000000000, 1.000000000000000000, -0.000000000000000000 ) ) ;
#3142 = ORIENTED_EDGE ( 'NONE', *, *, #228, .T. ) ;
#3143 = DIRECTION ( 'NONE',  ( 2.419890529255386171E-15, 0.000000000000000000, -1.000000000000000000 ) ) ;
#3144 = DIRECTION ( 'NONE',  ( -0.000000000000000000, 1.000000000000000000, -0.000000000000000000 ) ) ;
#3145 = EDGE_LOOP ( 'NONE', ( #4409, #2431, #1867, #5244, #4981 ) ) ;
#3146 = CARTESIAN_POINT ( 'NONE',  ( -15.99999999999999289, -1.260317096475860321, 21.57537424984309027 ) ) ;
#3147 = ORIENTED_EDGE ( 'NONE', *, *, #2789, .F. ) ;
#3148 = CARTESIAN_POINT ( 'NONE',  ( 16.00000000000000355, -0.6220286093256309767, 19.10000000000000142 ) ) ;
#3149 = ADVANCED_FACE ( 'NONE', ( #1694 ), #5152, .F. ) ;
#3150 = EDGE_CURVE ( 'NONE', #1125, #2896, #3372, .T. ) ;
#3151 = CARTESIAN_POINT ( 'NONE',  ( -17.57235157232406308, -2.761276782429340049, 15.95899965931321240 ) ) ;
#3152 = DIRECTION ( 'NONE',  ( 0.000000000000000000, 0.000000000000000000, -1.000000000000000000 ) ) ;
#3153 = CARTESIAN_POINT ( 'NONE',  ( -16.17586025187432597, -2.454777406777438831, 1.658844963136527628 ) ) ;
#3154 = ORIENTED_EDGE ( 'NONE', *, *, #2667, .T. ) ;
#3155 = DIRECTION ( 'NONE',  ( 0.000000000000000000, -1.000000000000000000, 0.000000000000000000 ) ) ;
#3156 = EDGE_CURVE ( 'NONE', #3027, #3981, #4099, .T. ) ;
#3157 = CARTESIAN_POINT ( 'NONE',  ( -16.00000000000000355, -2.461276782429340670, -19.57586025187433165 ) ) ;
#3158 = CARTESIAN_POINT ( 'NONE',  ( -17.66171820424963457, -2.661038824877633768, 18.00560346513983490 ) ) ;
#3159 = CARTESIAN_POINT ( 'NONE',  ( -16.44282970718991876, -2.745023667718117455, -1.577062467656527467 ) ) ;
#3160 = VECTOR ( 'NONE', #2811, 1000.000000000000000 ) ;
#3161 = CARTESIAN_POINT ( 'NONE',  ( -17.36694975814089048, -2.461276782429340226, -16.01655276935544947 ) ) ;
#3162 = B_SPLINE_CURVE_WITH_KNOTS ( 'NONE', 3,
 ( #1179, #5018, #5483, #351 ),
 .UNSPECIFIED., .F., .F.,
 ( 4, 4 ),
 ( 0.0002580890375058779895, 0.0003021635391285443120 ),
 .UNSPECIFIED. ) ;
#3163 = CARTESIAN_POINT ( 'NONE',  ( -17.25557228288823097, -2.761276782429340937, -0.9112594513247735950 ) ) ;
#3164 = EDGE_LOOP ( 'NONE', ( #3473, #3699, #4526, #2208 ) ) ;
#3165 = DIRECTION ( 'NONE',  ( 0.000000000000000000, -0.000000000000000000, 1.000000000000000000 ) ) ;
#3166 = CARTESIAN_POINT ( 'NONE',  ( -17.14386075605778714, -1.773593541059502066, -0.1484961754036450143 ) ) ;
#3167 = ORIENTED_EDGE ( 'NONE', *, *, #3427, .F. ) ;
#3168 = CARTESIAN_POINT ( 'NONE',  ( -16.40687602906885090, -2.658645796400935346, 18.41804848441873332 ) ) ;
#3169 = VERTEX_POINT ( 'NONE', #1232 ) ;
#3170 = PLANE ( 'NONE',  #5261 ) ;
#3171 = CARTESIAN_POINT ( 'NONE',  ( -16.40687602906884734, -2.658645796400950001, 15.58195151558147273 ) ) ;
#3172 = DIRECTION ( 'NONE',  ( 0.000000000000000000, 1.000000000000000000, 0.000000000000000000 ) ) ;
#3173 = ORIENTED_EDGE ( 'NONE', *, *, #2021, .F. ) ;
#3174 = LINE ( 'NONE', #1085, #1777 ) ;
#3175 = DIRECTION ( 'NONE',  ( -0.000000000000000000, -1.000000000000000000, -0.000000000000000000 ) ) ;
#3176 = CARTESIAN_POINT ( 'NONE',  ( 1.877765552635376824E-13, 0.5999999999999937605, 0.000000000000000000 ) ) ;
#3177 = AXIS2_PLACEMENT_3D ( 'NONE', #4836, #1359, #3179 ) ;
#3178 = CARTESIAN_POINT ( 'NONE',  ( -17.48062216692514426, -2.682871376733816593, 17.81619167989545360 ) ) ;
#3179 = DIRECTION ( 'NONE',  ( -1.000000000000000000, 0.000000000000000000, 0.000000000000000000 ) ) ;
#3180 = ORIENTED_EDGE ( 'NONE', *, *, #3107, .T. ) ;
#3181 = DIRECTION ( 'NONE',  ( 1.000000000000000000, 0.000000000000000000, 0.000000000000000000 ) ) ;
#3182 = AXIS2_PLACEMENT_3D ( 'NONE', #1820, #3540, #5248 ) ;
#3183 = B_SPLINE_CURVE_WITH_KNOTS ( 'NONE', 3,
 ( #2279, #621, #2310, #4023 ),
 .UNSPECIFIED., .F., .F.,
 ( 4, 4 ),
 ( 0.000000000000000000, 0.0002261942365850524756 ),
 .UNSPECIFIED. ) ;
#3184 = CARTESIAN_POINT ( 'NONE',  ( -16.40038422692439468, -2.448234810786867222, 18.23957877705747421 ) ) ;
#3185 = DIRECTION ( 'NONE',  ( 0.000000000000000000, 0.000000000000000000, 1.000000000000000000 ) ) ;
#3186 = CARTESIAN_POINT ( 'NONE',  ( 18.47537424984308885, -1.260317096475860321, -19.09999999999999787 ) ) ;
#3187 = AXIS2_PLACEMENT_3D ( 'NONE', #263, #4616, #5441 ) ;
#3188 = ADVANCED_FACE ( 'NONE', ( #3382 ), #2198, .T. ) ;
#3189 = CARTESIAN_POINT ( 'NONE',  ( -17.25135937711348433, -2.761276782429340049, -16.09147093918482341 ) ) ;
#3190 = DIRECTION ( 'NONE',  ( -1.000000000000000000, -0.000000000000000000, -0.000000000000000000 ) ) ;
#3191 = ORIENTED_EDGE ( 'NONE', *, *, #4245, .T. ) ;
#3192 = ORIENTED_EDGE ( 'NONE', *, *, #79, .T. ) ;
#3193 = EDGE_CURVE ( 'NONE', #831, #3762, #3812, .T. ) ;
#3194 = ORIENTED_EDGE ( 'NONE', *, *, #637, .T. ) ;
#3195 = CARTESIAN_POINT ( 'NONE',  ( -17.17936786132543858, -2.694393592153346617, 17.74827956260105921 ) ) ;
#3196 = AXIS2_PLACEMENT_3D ( 'NONE', #2711, #180, #1864 ) ;
#3197 = VERTEX_POINT ( 'NONE', #1068 ) ;
#3198 = CARTESIAN_POINT ( 'NONE',  ( -17.36694975814085495, -2.761276782429340493, 16.01655276935618133 ) ) ;
#3199 = VERTEX_POINT ( 'NONE', #5289 ) ;
#3200 = CARTESIAN_POINT ( 'NONE',  ( 4.499999999999992895, -2.595304020552779978, -19.30452293722148838 ) ) ;
#3201 = DIRECTION ( 'NONE',  ( 1.000000000000000000, 0.000000000000000000, 1.310874163206655416E-16 ) ) ;
#3202 = ORIENTED_EDGE ( 'NONE', *, *, #577, .T. ) ;
#3203 = ORIENTED_EDGE ( 'NONE', *, *, #681, .T. ) ;
#3204 = PLANE ( 'NONE',  #1526 ) ;
#3205 = FACE_OUTER_BOUND ( 'NONE', #201, .T. ) ;
#3206 = CARTESIAN_POINT ( 'NONE',  ( -17.37199030888791995, -2.681343701766017773, -0.7403378775448534732 ) ) ;
#3207 = CARTESIAN_POINT ( 'NONE',  ( -16.17586025187432597, 0.000000000000000000, -19.09999999999999787 ) ) ;
#3208 = ORIENTED_EDGE ( 'NONE', *, *, #3430, .F. ) ;
#3209 = CARTESIAN_POINT ( 'NONE',  ( -16.91290387186581157, -2.261276782429340493, -17.76416292240984873 ) ) ;
#3210 = DIRECTION ( 'NONE',  ( 3.577867169202174099E-15, 0.000000000000000000, 1.000000000000000000 ) ) ;
#3211 = CARTESIAN_POINT ( 'NONE',  ( 16.00000000000000711, -2.761276782429340493, 20.53372062083370864 ) ) ;
#3212 = CARTESIAN_POINT ( 'NONE',  ( -16.17586025187432242, -2.432301537196445818, -15.42514005821096390 ) ) ;
#3213 = CARTESIAN_POINT ( 'NONE',  ( -17.22487302548652721, -3.334165043726502908, -16.79277425350838726 ) ) ;
#3214 = FACE_OUTER_BOUND ( 'NONE', #1781, .T. ) ;
#3215 = EDGE_CURVE ( 'NONE', #4016, #474, #1585, .T. ) ;
#3216 = EDGE_LOOP ( 'NONE', ( #177, #984, #3702, #192 ) ) ;
#3217 = EDGE_CURVE ( 'NONE', #1318, #3716, #4717, .T. ) ;
#3218 = EDGE_LOOP ( 'NONE', ( #1102, #3434 ) ) ;
#3219 = CIRCLE ( 'NONE', #3937, 0.2999999999999981570 ) ;
#3220 = TOROIDAL_SURFACE ( 'NONE', #462, 2.164429848847713167, 0.2999999999999983791 ) ;
#3221 = CARTESIAN_POINT ( 'NONE',  ( 18.17537424984308814, -1.260317096475860321, -19.09999999999999787 ) ) ;
#3222 = VERTEX_POINT ( 'NONE', #1477 ) ;
#3223 = DIRECTION ( 'NONE',  ( -1.084202172485504434E-16, 0.000000000000000000, 1.000000000000000000 ) ) ;
#3224 = AXIS2_PLACEMENT_3D ( 'NONE', #1730, #5160, #2628 ) ;
#3225 = EDGE_LOOP ( 'NONE', ( #3362, #1649, #878, #553 ) ) ;
#3226 = VECTOR ( 'NONE', #3121, 1000.000000000000000 ) ;
#3227 = EDGE_CURVE ( 'NONE', #777, #3872, #2294, .T. ) ;
#3228 = CIRCLE ( 'NONE', #299, 2.066823822971877167 ) ;
#3229 = VERTEX_POINT ( 'NONE', #5208 ) ;
#3230 = CARTESIAN_POINT ( 'NONE',  ( 4.742943202478221210, -2.761276782429340937, 19.57586025187433521 ) ) ;
#3231 = CYLINDRICAL_SURFACE ( 'NONE', #4751, 1.350000000000000089 ) ;
#3232 = EDGE_CURVE ( 'NONE', #1160, #3815, #239, .T. ) ;
#3233 = AXIS2_PLACEMENT_3D ( 'NONE', #2691, #3931, #5222 ) ;
#3234 = ORIENTED_EDGE ( 'NONE', *, *, #4953, .T. ) ;
#3235 = PLANE ( 'NONE',  #1424 ) ;
#3236 = AXIS2_PLACEMENT_3D ( 'NONE', #703, #2306, #5332 ) ;
#3237 = CARTESIAN_POINT ( 'NONE',  ( 16.00000000000000355, -1.318477165402296203, 19.10000000000000142 ) ) ;
#3238 = CARTESIAN_POINT ( 'NONE',  ( 5.799999999999999822, -44.23524452124112827, 18.81913644042592892 ) ) ;
#3239 = CARTESIAN_POINT ( 'NONE',  ( -16.17586025187432242, -2.461276782429339782, -15.27787546329054535 ) ) ;
#3240 = DIRECTION ( 'NONE',  ( 0.000000000000000000, 0.8388345215309135350, -0.5443864854016887689 ) ) ;
#3241 = ORIENTED_EDGE ( 'NONE', *, *, #4298, .F. ) ;
#3242 = LINE ( 'NONE', #3546, #2053 ) ;
#3243 = CARTESIAN_POINT ( 'NONE',  ( -16.17586025187432242, 0.000000000000000000, -19.09999999999999787 ) ) ;
#3244 = CARTESIAN_POINT ( 'NONE',  ( -18.02758017987182271, -2.097289239799415395, 0.4042270568510827333 ) ) ;
#3245 = FACE_OUTER_BOUND ( 'NONE', #3885, .T. ) ;
#3246 = ADVANCED_FACE ( 'NONE', ( #663 ), #2260, .T. ) ;
#3247 = CARTESIAN_POINT ( 'NONE',  ( -17.14386075605796123, -1.773593541059258705, -17.14849617540369664 ) ) ;
#3248 = DIRECTION ( 'NONE',  ( 0.9455924874720629258, 0.3253534195861428335, 0.000000000000000000 ) ) ;
#3249 = ORIENTED_EDGE ( 'NONE', *, *, #4617, .T. ) ;
#3250 = CIRCLE ( 'NONE', #847, 0.2999999999999981570 ) ;
#3251 = CARTESIAN_POINT ( 'NONE',  ( -17.68537097729297258, -2.624592728049848667, -19.09999999999999787 ) ) ;
#3252 = ORIENTED_EDGE ( 'NONE', *, *, #4609, .F. ) ;
#3253 = ADVANCED_FACE ( 'NONE', ( #1450 ), #3526, .T. ) ;
#3254 = CARTESIAN_POINT ( 'NONE',  ( -17.43372062083370011, -2.761276782429340493, 1.072746385850901207 ) ) ;
#3255 = EDGE_LOOP ( 'NONE', ( #1229, #4453, #307, #1862 ) ) ;
#3256 = CARTESIAN_POINT ( 'NONE',  ( -17.36694975814089048, -2.761276782429340493, -16.01655276935544947 ) ) ;
#3257 = ORIENTED_EDGE ( 'NONE', *, *, #2533, .F. ) ;
#3258 = DIRECTION ( 'NONE',  ( 1.000000000000000000, -0.000000000000000000, 2.168404344971008868E-16 ) ) ;
#3259 = EDGE_CURVE ( 'NONE', #1791, #5273, #1392, .T. ) ;
#3260 = VERTEX_POINT ( 'NONE', #4458 ) ;
#3261 = CARTESIAN_POINT ( 'NONE',  ( 16.00000000000000000, 0.000000000000000000, -23.09999999999999787 ) ) ;
#3262 = CARTESIAN_POINT ( 'NONE',  ( 0.000000000000000000, -2.761276782429340493, -20.53372062083369798 ) ) ;
#3263 = DIRECTION ( 'NONE',  ( -0.000000000000000000, 1.000000000000000000, -0.000000000000000000 ) ) ;
#3264 = CARTESIAN_POINT ( 'NONE',  ( -16.91290387186576538, -2.261276782429340493, -0.7641629224096546658 ) ) ;
#3265 = VERTEX_POINT ( 'NONE', #1831 ) ;
#3266 = VERTEX_POINT ( 'NONE', #1923 ) ;
#3267 = CARTESIAN_POINT ( 'NONE',  ( -16.43914126488121852, -2.261276782429340493, 1.189116665229310144 ) ) ;
#3268 = CARTESIAN_POINT ( 'NONE',  ( -17.36694975814085495, -2.761276782429340493, 17.98344723064404249 ) ) ;
#3269 = EDGE_CURVE ( 'NONE', #5485, #1300, #1319, .T. ) ;
#3270 = VECTOR ( 'NONE', #132, 1000.000000000000000 ) ;
#3271 = CARTESIAN_POINT ( 'NONE',  ( -17.15000000039939465, -3.449535428294710382, -16.93038756068270700 ) ) ;
#3272 = CARTESIAN_POINT ( 'NONE',  ( -16.91290387186576893, -2.261276782429341381, -0.7641629224096219142 ) ) ;
#3274 = ORIENTED_EDGE ( 'NONE', *, *, #1765, .F. ) ;
#3273 = CIRCLE ( 'NONE', #870, 2.475374249843079077 ) ;
#3275 = CARTESIAN_POINT ( 'NONE',  ( -16.43914126488126470, -2.261276782429340493, -18.18911666522916093 ) ) ;
#3276 = LINE ( 'NONE', #2409, #4126 ) ;
#3277 = ORIENTED_EDGE ( 'NONE', *, *, #602, .T. ) ;
#3278 = DIRECTION ( 'NONE',  ( 1.000000000000000000, 0.000000000000000000, 0.000000000000000000 ) ) ;
#3279 = VECTOR ( 'NONE', #2570, 1000.000000000000000 ) ;
#3280 = ORIENTED_EDGE ( 'NONE', *, *, #3386, .T. ) ;
#3281 = CARTESIAN_POINT ( 'NONE',  ( -16.41590915302808540, -2.346612762632922955, -1.201603750634467671 ) ) ;
#3282 = DIRECTION ( 'NONE',  ( 2.803169623481012650E-15, 0.000000000000000000, 1.000000000000000000 ) ) ;
#3283 = AXIS2_PLACEMENT_3D ( 'NONE', #2563, #4285, #455 ) ;
#3284 = CARTESIAN_POINT ( 'NONE',  ( -17.68537097729297258, -2.624592728049848667, -1.128485578551358115 ) ) ;
#3285 = ADVANCED_FACE ( 'NONE', ( #4430 ), #4813, .T. ) ;
#3286 = EDGE_CURVE ( 'NONE', #3905, #3594, #1024, .T. ) ;
#3287 = CARTESIAN_POINT ( 'NONE',  ( -17.03798588938042258, -2.478550394424852588, 17.67441888442638387 ) ) ;
#3288 = DIRECTION ( 'NONE',  ( 9.082321863752918138E-17, -1.232595164407830946E-32, -1.000000000000000000 ) ) ;
#3289 = ORIENTED_EDGE ( 'NONE', *, *, #4725, .T. ) ;
#3290 = CARTESIAN_POINT ( 'NONE',  ( 0.000000000000000000, -0.6220286093256309767, -21.26442984884771192 ) ) ;
#3291 = DIRECTION ( 'NONE',  ( -0.000000000000000000, 0.4020662621606340692, 0.9156105726957157742 ) ) ;
#3292 = ADVANCED_FACE ( 'NONE', ( #143 ), #4030, .T. ) ;
#3293 = FACE_OUTER_BOUND ( 'NONE', #1703, .T. ) ;
#3294 = ADVANCED_FACE ( 'NONE', ( #1036 ), #2534, .T. ) ;
#3295 = DIRECTION ( 'NONE',  ( -0.000000000000000000, -1.000000000000000000, -0.000000000000000000 ) ) ;
#3296 = B_SPLINE_CURVE_WITH_KNOTS ( 'NONE', 3,
 ( #2242, #130, #4415, #2269, #3984, #2936, #3200, #4073 ),
 .UNSPECIFIED., .F., .F.,
 ( 4, 2, 2, 4 ),
 ( 5.570731627148125361E-18, 0.0002374292141397876821, 0.0003561438212096782298, 0.0004748584282795687505 ),
 .UNSPECIFIED. ) ;
#3297 = EDGE_LOOP ( 'NONE', ( #5077, #965, #2415, #2491 ) ) ;
#3298 = DIRECTION ( 'NONE',  ( -1.000000000000000000, -0.000000000000000000, -1.084202172485504434E-16 ) ) ;
#3299 = ORIENTED_EDGE ( 'NONE', *, *, #4156, .F. ) ;
#3300 = CARTESIAN_POINT ( 'NONE',  ( 4.999999999999999112, -2.761276782429343601, 18.81913644042592892 ) ) ;
#3301 = DIRECTION ( 'NONE',  ( -0.000000000000000000, 1.000000000000000000, -0.000000000000000000 ) ) ;
#3302 = ORIENTED_EDGE ( 'NONE', *, *, #2667, .F. ) ;
#3303 = CIRCLE ( 'NONE', #4211, 0.4999999999999987232 ) ;
#3304 = DIRECTION ( 'NONE',  ( -0.000000000000000000, -1.000000000000000000, -0.000000000000000000 ) ) ;
#3305 = CIRCLE ( 'NONE', #4125, 1.433720620833699888 ) ;
#3306 = VECTOR ( 'NONE', #722, 1000.000000000000000 ) ;
#3307 = ORIENTED_EDGE ( 'NONE', *, *, #4292, .T. ) ;
#3308 = FACE_OUTER_BOUND ( 'NONE', #1142, .T. ) ;
#3309 = AXIS2_PLACEMENT_3D ( 'NONE', #433, #5205, #2618 ) ;
#3310 = CIRCLE ( 'NONE', #4400, 0.3000000000000003220 ) ;
#3311 = DIRECTION ( 'NONE',  ( -0.000000000000000000, -1.000000000000000000, -0.000000000000000000 ) ) ;
#3312 = CARTESIAN_POINT ( 'NONE',  ( -16.47586025187433023, -2.761276782429340493, 18.72212453670931254 ) ) ;
#3313 = AXIS2_PLACEMENT_3D ( 'NONE', #4012, #1549, #2748 ) ;
#3314 = DIRECTION ( 'NONE',  ( 0.000000000000000000, 0.000000000000000000, 1.000000000000000000 ) ) ;
#3315 = ORIENTED_EDGE ( 'NONE', *, *, #364, .F. ) ;
#3316 = AXIS2_PLACEMENT_3D ( 'NONE', #4271, #5459, #4183 ) ;
#3317 = CARTESIAN_POINT ( 'NONE',  ( -17.06852840518281766, -1.932663599452721037, -16.46248396218310717 ) ) ;
#3318 = EDGE_LOOP ( 'NONE', ( #1241, #1998, #2231, #5294 ) ) ;
#3319 = CYLINDRICAL_SURFACE ( 'NONE', #4578, 0.2999999999999981570 ) ;
#3320 = CARTESIAN_POINT ( 'NONE',  ( 16.00000000000000711, -1.481793111022802201, 21.52702460630236558 ) ) ;
#3321 = CARTESIAN_POINT ( 'NONE',  ( -17.02323375616393264, -2.028306737900500867, -17.57594446235566821 ) ) ;
#3322 = EDGE_CURVE ( 'NONE', #1482, #1053, #2749, .T. ) ;
#3323 = CARTESIAN_POINT ( 'NONE',  ( -15.80000000000000071, -2.261276782429340493, -16.99999999999988987 ) ) ;
#3324 = ORIENTED_EDGE ( 'NONE', *, *, #3454, .F. ) ;
#3325 = ORIENTED_EDGE ( 'NONE', *, *, #1546, .T. ) ;
#3326 = DIRECTION ( 'NONE',  ( 0.000000000000000000, 1.000000000000000000, 0.000000000000000000 ) ) ;
#3327 = VECTOR ( 'NONE', #649, 1000.000000000000000 ) ;
#3328 = DIRECTION ( 'NONE',  ( -0.000000000000000000, 0.4020662621607067333, 0.9156105726956836888 ) ) ;
#3329 = VERTEX_POINT ( 'NONE', #2875 ) ;
#3330 = DIRECTION ( 'NONE',  ( -0.000000000000000000, -1.000000000000000000, -0.000000000000000000 ) ) ;
#3331 = VERTEX_POINT ( 'NONE', #1198 ) ;
#3332 = ORIENTED_EDGE ( 'NONE', *, *, #3193, .F. ) ;
#3333 = CARTESIAN_POINT ( 'NONE',  ( -17.15000000000000213, -3.449535428910095458, -16.99999999999988987 ) ) ;
#3334 = ORIENTED_EDGE ( 'NONE', *, *, #2876, .T. ) ;
#3335 = CARTESIAN_POINT ( 'NONE',  ( -16.27687583000896865, -2.483026951957335804, -1.313246647750667240 ) ) ;
#3336 = CARTESIAN_POINT ( 'NONE',  ( 15.80000000000035598, 0.000000000000000000, 16.99999999999988987 ) ) ;
#3337 = DIRECTION ( 'NONE',  ( -0.000000000000000000, 1.000000000000000000, -0.000000000000000000 ) ) ;
#3338 = CYLINDRICAL_SURFACE ( 'NONE', #2591, 2.475374249843086183 ) ;
#3339 = FACE_OUTER_BOUND ( 'NONE', #3846, .T. ) ;
#3340 = ORIENTED_EDGE ( 'NONE', *, *, #2710, .F. ) ;
#3341 = DIRECTION ( 'NONE',  ( -0.000000000000000000, -1.000000000000000000, -0.000000000000000000 ) ) ;
#3342 = ORIENTED_EDGE ( 'NONE', *, *, #148, .T. ) ;
#3343 = CARTESIAN_POINT ( 'NONE',  ( -16.18667063810960016, -2.637089349345691058, 1.463019011973323957 ) ) ;
#3344 = DIRECTION ( 'NONE',  ( -0.000000000000000000, -1.000000000000000000, -0.000000000000000000 ) ) ;
#3345 = CARTESIAN_POINT ( 'NONE',  ( -16.91290387186572630, -2.261276782429343157, 16.23583707759057404 ) ) ;
#3346 = CYLINDRICAL_SURFACE ( 'NONE', #4994, 4.000000000000000000 ) ;
#3347 = CARTESIAN_POINT ( 'NONE',  ( -17.24239954929812058, -2.631606310373606927, -0.6903689899579762423 ) ) ;
#3348 = DIRECTION ( 'NONE',  ( -0.000000000000000000, 1.000000000000000000, -0.000000000000000000 ) ) ;
#3349 = DIRECTION ( 'NONE',  ( -1.000000000000000000, 0.000000000000000000, 0.000000000000000000 ) ) ;
#3350 = EDGE_CURVE ( 'NONE', #4883, #4446, #4961, .T. ) ;
#3351 = VECTOR ( 'NONE', #2185, 1000.000000000000000 ) ;
#3352 = CARTESIAN_POINT ( 'NONE',  ( 0.000000000000000000, -1.260317096475860321, -21.57537424984308672 ) ) ;
#3353 = ORIENTED_EDGE ( 'NONE', *, *, #5206, .T. ) ;
#3354 = DIRECTION ( 'NONE',  ( -1.000000000000000000, 0.000000000000000000, 0.000000000000000000 ) ) ;
#3355 = VECTOR ( 'NONE', #5170, 1000.000000000000000 ) ;
#3356 = ADVANCED_FACE ( 'NONE', ( #2405 ), #4593, .F. ) ;
#3357 = ORIENTED_EDGE ( 'NONE', *, *, #2454, .T. ) ;
#3358 = VERTEX_POINT ( 'NONE', #5418 ) ;
#3359 = CARTESIAN_POINT ( 'NONE',  ( -17.02323375616387580, -2.028306737900477330, -16.42405553764401205 ) ) ;
#3360 = EDGE_CURVE ( 'NONE', #2236, #4499, #5443, .T. ) ;
#3361 = VECTOR ( 'NONE', #375, 1000.000000000000000 ) ;
#3362 = ORIENTED_EDGE ( 'NONE', *, *, #1478, .T. ) ;
#3363 = CARTESIAN_POINT ( 'NONE',  ( -18.06682382297187317, -0.9057063555672495436, -19.09999999999999787 ) ) ;
#3364 = CARTESIAN_POINT ( 'NONE',  ( -17.68537097729297969, -2.624592728049849111, -19.09999999999999787 ) ) ;
#3365 = ADVANCED_FACE ( 'NONE', ( #3293 ), #372, .T. ) ;
#3366 = CARTESIAN_POINT ( 'NONE',  ( 5.049931783828522924, -3.208600841561782158, 19.10224219777601817 ) ) ;
#3367 = CARTESIAN_POINT ( 'NONE',  ( -16.99451589930864159, -2.497524331345451820, -17.71407076604922892 ) ) ;
#3368 = CARTESIAN_POINT ( 'NONE',  ( -17.22487302548629273, -3.334165043726745825, 17.20722574649260395 ) ) ;
#3369 = CARTESIAN_POINT ( 'NONE',  ( -16.42651365871104474, -2.712846292388454206, -18.51055333245107093 ) ) ;
#3370 = EDGE_LOOP ( 'NONE', ( #1180, #2268, #3342, #1106, #5299 ) ) ;
#3371 = CARTESIAN_POINT ( 'NONE',  ( -16.17586025187432597, -2.674574700801750193, 1.527359293669906526 ) ) ;
#3372 = CIRCLE ( 'NONE', #4547, 0.2999999999999995448 ) ;
#3373 = CARTESIAN_POINT ( 'NONE',  ( -17.25135937711338130, -2.761276782429340049, 0.9085290608150761171 ) ) ;
#3374 = ADVANCED_FACE ( 'NONE', ( #2453 ), #2138, .T. ) ;
#3375 = LINE ( 'NONE', #1252, #1481 ) ;
#3376 = CARTESIAN_POINT ( 'NONE',  ( -16.44278606269902454, -2.744937662367521014, -1.576884712754048845 ) ) ;
#3377 = CARTESIAN_POINT ( 'NONE',  ( -17.35719857694628132, -3.130267181414530864, 17.04183604436812516 ) ) ;
#3378 = VERTEX_POINT ( 'NONE', #2846 ) ;
#3379 = CIRCLE ( 'NONE', #1069, 0.3000000000000016542 ) ;
#3380 = VERTEX_POINT ( 'NONE', #4566 ) ;
#3381 = CARTESIAN_POINT ( 'NONE',  ( 5.000053997015295515, -2.761276782429340937, 18.82843118672675331 ) ) ;
#3382 = FACE_OUTER_BOUND ( 'NONE', #3225, .T. ) ;
#3383 = EDGE_LOOP ( 'NONE', ( #5396, #1022, #4995, #309, #4524 ) ) ;
#3384 = CARTESIAN_POINT ( 'NONE',  ( -16.40038422692447284, -2.448234810786908966, -15.76042122294238723 ) ) ;
#3385 = EDGE_CURVE ( 'NONE', #610, #2938, #743, .T. ) ;
#3386 = EDGE_CURVE ( 'NONE', #3378, #1509, #2614, .T. ) ;
#3387 = EDGE_LOOP ( 'NONE', ( #1293, #2664, #5129, #4208 ) ) ;
#3388 = EDGE_LOOP ( 'NONE', ( #2850, #4174, #1453 ) ) ;
#3389 = CARTESIAN_POINT ( 'NONE',  ( -17.33388598017366533, -3.166189107258848168, -16.77454195726226871 ) ) ;
#3390 = VERTEX_POINT ( 'NONE', #4234 ) ;
#3391 = DIRECTION ( 'NONE',  ( -9.082321863752915673E-17, -0.000000000000000000, 1.000000000000000000 ) ) ;
#3392 = EDGE_CURVE ( 'NONE', #4446, #1135, #3484, .T. ) ;
#3393 = CIRCLE ( 'NONE', #985, 1.850000000000000977 ) ;
#3394 = CYLINDRICAL_SURFACE ( 'NONE', #1634, 2.475374249843082630 ) ;
#3395 = CARTESIAN_POINT ( 'NONE',  ( 4.746620357507942423, -2.761270661443391727, 19.57777664278034990 ) ) ;
#3396 = CARTESIAN_POINT ( 'NONE',  ( -17.31849011044040054, -3.189912302759799090, -0.1592850450338534063 ) ) ;
#3397 = PRODUCT_DEFINITION_FORMATION_WITH_SPECIFIED_SOURCE ( 'ANY', '', #4465, .NOT_KNOWN. ) ;
#3398 = CIRCLE ( 'NONE', #4210, 0.3000000000000016542 ) ;
#3399 = LINE ( 'NONE', #2897, #3351 ) ;
#3400 = ORIENTED_EDGE ( 'NONE', *, *, #3269, .F. ) ;
#3401 = CARTESIAN_POINT ( 'NONE',  ( 15.80000000000000071, -7.000000000000000000, -15.65000000000011582 ) ) ;
#3402 = CARTESIAN_POINT ( 'NONE',  ( -16.91290387186576893, -2.261276782429341381, 0.7641629224098436257 ) ) ;
#3403 = CIRCLE ( 'NONE', #4217, 0.1758602518743233867 ) ;
#3404 = CYLINDRICAL_SURFACE ( 'NONE', #2010, 0.3000000000000016542 ) ;
#3405 = CARTESIAN_POINT ( 'NONE',  ( -17.86442984884771690, -0.6220286093256309767, 19.10000000000000497 ) ) ;
#3406 = CARTESIAN_POINT ( 'NONE',  ( -17.26040677610932406, -3.279411780188108860, 16.78650451738466387 ) ) ;
#3407 = ORIENTED_EDGE ( 'NONE', *, *, #769, .T. ) ;
#3408 = CARTESIAN_POINT ( 'NONE',  ( 16.00000000000000000, 0.000000000000000000, -19.09999999999999787 ) ) ;
#3409 = ADVANCED_FACE ( 'NONE', ( #5092 ), #3346, .T. ) ;
#3410 = CARTESIAN_POINT ( 'NONE',  ( -16.91290387186576538, -2.261276782429340493, -0.7641629224096546658 ) ) ;
#3411 = ORIENTED_EDGE ( 'NONE', *, *, #1804, .T. ) ;
#3413 = DIRECTION ( 'NONE',  ( 0.000000000000000000, 0.000000000000000000, 1.000000000000000000 ) ) ;
#3412 = ADVANCED_BREP_SHAPE_REPRESENTATION ( 'cover1.SLDPRT', ( #1670, #5099 ), #2957 ) ;
#3414 = CARTESIAN_POINT ( 'NONE',  ( -17.43372062083369656, -2.761276782429340493, -1.128485578551358115 ) ) ;
#3415 = ORIENTED_EDGE ( 'NONE', *, *, #4913, .F. ) ;
#3416 = VERTEX_POINT ( 'NONE', #4727 ) ;
#3417 = CARTESIAN_POINT ( 'NONE',  ( -16.86650022477503086, -2.359261655683002612, -16.17230605260459342 ) ) ;
#3418 = EDGE_LOOP ( 'NONE', ( #3106, #4414, #2542, #3241 ) ) ;
#3419 = CYLINDRICAL_SURFACE ( 'NONE', #11, 1.349999999999996980 ) ;
#3420 = CARTESIAN_POINT ( 'NONE',  ( -15.99999999999999645, -0.6220286093256309767, 19.10000000000000497 ) ) ;
#3421 = CARTESIAN_POINT ( 'NONE',  ( -18.06100422277067352, -2.045786783760306093, 0.2034947588867344337 ) ) ;
#3422 = EDGE_CURVE ( 'NONE', #700, #2520, #2058, .T. ) ;
#3423 = VECTOR ( 'NONE', #1599, 1000.000000000000000 ) ;
#3424 = CARTESIAN_POINT ( 'NONE',  ( -16.41590915302873910, -2.346612762633179194, -18.20160375063421299 ) ) ;
#3425 = ORIENTED_EDGE ( 'NONE', *, *, #4913, .T. ) ;
#3426 = CARTESIAN_POINT ( 'NONE',  ( -15.99999999999999289, -2.761276782429340493, 20.53372062083370508 ) ) ;
#3427 = EDGE_CURVE ( 'NONE', #1550, #2212, #1061, .T. ) ;
#3428 = ADVANCED_FACE ( 'NONE', ( #1686 ), #2536, .F. ) ;
#3429 = CARTESIAN_POINT ( 'NONE',  ( -16.42651365871099500, -2.712846292388403580, 18.51055333245104961 ) ) ;
#3430 = EDGE_CURVE ( 'NONE', #726, #1595, #2086, .T. ) ;
#3431 = CARTESIAN_POINT ( 'NONE',  ( 0.000000000000000000, 0.000000000000000000, -19.27586025187432739 ) ) ;
#3432 = CARTESIAN_POINT ( 'NONE',  ( 0.000000000000000000, -1.318477165402296203, -21.27537424984308245 ) ) ;
#3433 =( BOUNDED_SURFACE ( )  B_SPLINE_SURFACE ( 3, 2, ( 
 ( #1299, #449, #3369 ),
 ( #5115, #4643, #1248 ),
 ( #2134, #4194, #5059 ),
 ( #3009, #4667, #891 ),
 ( #3857, #395, #4310 ),
 ( #2530, #841, #367 ),
 ( #27, #1711, #3424 ),
 ( #2504, #4718, #2080 ) ),
 .UNSPECIFIED., .F., .F., .T. ) 
 B_SPLINE_SURFACE_WITH_KNOTS ( ( 4, 2, 2, 4 ),
 ( 3, 3 ),
 ( 0.000000000000000000, 7.043057940912240782E-05, 0.0001408611588182448156, 0.0002817223176364896313 ),
 ( 0.000000000000000000, 1.000000000000000000 ),
 .UNSPECIFIED. ) 
 GEOMETRIC_REPRESENTATION_ITEM ( )  RATIONAL_B_SPLINE_SURFACE ( (
 ( 1.000000000000000000, 0.7630493574722422290, 1.000000000000000000),
 ( 1.000000000000000000, 0.7907442192148209648, 1.000000000000000000),
 ( 1.000000000000000000, 0.8222421583422633296, 1.000000000000000000),
 ( 1.000000000000000000, 0.8819230614695700021, 1.000000000000000000),
 ( 1.000000000000000000, 0.9091139688530340823, 1.000000000000000000),
 ( 1.000000000000000000, 0.9756671857385710300, 1.000000000000000000),
 ( 1.000000000000000000, 1.000481776875478346, 1.000000000000000000),
 ( 1.000000000000000000, 1.000000000000000000, 1.000000000000000000) ) ) 
 REPRESENTATION_ITEM ( '' )  SURFACE ( )  );
#3434 = ORIENTED_EDGE ( 'NONE', *, *, #1071, .T. ) ;
#3435 = CARTESIAN_POINT ( 'NONE',  ( 0.000000000000000000, -0.6220286093256309767, -20.96442984884771477 ) ) ;
#3436 = DIRECTION ( 'NONE',  ( -0.000000000000000000, 1.000000000000000000, -0.000000000000000000 ) ) ;
#3437 = ORIENTED_EDGE ( 'NONE', *, *, #681, .F. ) ;
#3438 = CARTESIAN_POINT ( 'NONE',  ( 16.00000000000000000, -0.9766393502342398669, -19.09999999999999787 ) ) ;
#3439 = VERTEX_POINT ( 'NONE', #2 ) ;
#3440 = AXIS2_PLACEMENT_3D ( 'NONE', #950, #2642, #4366 ) ;
#3441 = DIRECTION ( 'NONE',  ( 0.000000000000000000, 1.000000000000000000, 0.000000000000000000 ) ) ;
#3442 = ORIENTED_EDGE ( 'NONE', *, *, #5110, .F. ) ;
#3443 = CIRCLE ( 'NONE', #4171, 0.3000000000000003220 ) ;
#3444 = VERTEX_POINT ( 'NONE', #3831 ) ;
#3445 = CARTESIAN_POINT ( 'NONE',  ( -17.48062216692520110, -2.682871376733793500, 0.8161916798957017383 ) ) ;
#3446 = EDGE_CURVE ( 'NONE', #3678, #1943, #55, .T. ) ;
#3447 = ORIENTED_EDGE ( 'NONE', *, *, #1741, .T. ) ;
#3448 = CARTESIAN_POINT ( 'NONE',  ( 5.010559907261722401, -2.586918028954420024, 19.30179846019396805 ) ) ;
#3449 = CARTESIAN_POINT ( 'NONE',  ( 16.00000000000000355, -1.481793111022802201, 19.10000000000000142 ) ) ;
#3450 = CIRCLE ( 'NONE', #5415, 1.864429848847715121 ) ;
#3451 = CARTESIAN_POINT ( 'NONE',  ( -20.00000000000000355, 1.000000000000000000, -23.09999999999999787 ) ) ;
#3452 = ORIENTED_EDGE ( 'NONE', *, *, #2879, .F. ) ;
#3453 = DIRECTION ( 'NONE',  ( -9.082321863752915673E-17, -0.000000000000000000, 1.000000000000000000 ) ) ;
#3454 = EDGE_CURVE ( 'NONE', #544, #3033, #1149, .T. ) ;
#3455 = EDGE_CURVE ( 'NONE', #4206, #4877, #620, .T. ) ;
#3456 = PLANE ( 'NONE',  #3599 ) ;
#3457 = ADVANCED_FACE ( 'NONE', ( #1744 ), #871, .T. ) ;
#3458 = DIRECTION ( 'NONE',  ( 0.000000000000000000, 0.000000000000000000, 1.000000000000000000 ) ) ;
#3459 = VECTOR ( 'NONE', #632, 1000.000000000000000 ) ;
#3460 = DIRECTION ( 'NONE',  ( 9.082321863752918138E-17, -1.232595164407830946E-32, -1.000000000000000000 ) ) ;
#3461 = APPLICATION_CONTEXT ( 'automotive_design' ) ;
#3462 = EDGE_CURVE ( 'NONE', #88, #3222, #167, .T. ) ;
#3463 = DIRECTION ( 'NONE',  ( 9.082321863752916905E-17, -0.000000000000000000, -1.000000000000000000 ) ) ;
#3464 = CARTESIAN_POINT ( 'NONE',  ( -18.47537424984308174, -1.318477165402296203, -19.09999999999999787 ) ) ;
#3465 = CARTESIAN_POINT ( 'NONE',  ( -17.43372062083370011, -2.761276782429340493, 1.128485578551573276 ) ) ;
#3466 = VECTOR ( 'NONE', #2932, 1000.000000000000000 ) ;
#3467 =( BOUNDED_CURVE ( )  B_SPLINE_CURVE ( 3, ( #5046, #4548, #272, #3785 ),
 .UNSPECIFIED., .F., .T. ) 
 B_SPLINE_CURVE_WITH_KNOTS ( ( 4, 4 ),
 ( 9.082321863752918138E-17, 0.6560507532999402258 ),
 .UNSPECIFIED. ) 
 CURVE ( )  GEOMETRIC_REPRESENTATION_ITEM ( )  RATIONAL_B_SPLINE_CURVE ( ( 1.000000000000000000, 0.9644535744459470372, 0.9644535744459470372, 1.000000000000000000 ) ) 
 REPRESENTATION_ITEM ( '' )  );
#3468 = FACE_BOUND ( 'NONE', #1207, .T. ) ;
#3469 = LINE ( 'NONE', #5182, #818 ) ;
#3470 = ORIENTED_EDGE ( 'NONE', *, *, #1949, .F. ) ;
#3471 = TOROIDAL_SURFACE ( 'NONE', #1853, 1.433720620833699888, 0.3000000000000005440 ) ;
#3472 = DIRECTION ( 'NONE',  ( 9.082321863752916905E-17, -0.000000000000000000, -1.000000000000000000 ) ) ;
#3473 = ORIENTED_EDGE ( 'NONE', *, *, #5406, .T. ) ;
#3474 = CARTESIAN_POINT ( 'NONE',  ( -16.17586025187432242, -2.461276782429340670, -19.09999999999999787 ) ) ;
#3475 = VERTEX_POINT ( 'NONE', #31 ) ;
#3476 = LINE ( 'NONE', #5270, #3835 ) ;
#3477 = CARTESIAN_POINT ( 'NONE',  ( -17.36694975814088693, -2.761276782429340937, -17.98344723064433381 ) ) ;
#3478 = CARTESIAN_POINT ( 'NONE',  ( 16.00000000000000355, -2.461276782429340670, -20.53372062083370153 ) ) ;
#3479 = VERTEX_POINT ( 'NONE', #3865 ) ;
#3480 = CARTESIAN_POINT ( 'NONE',  ( -17.36694975814089048, -2.761276782429340493, -16.01655276935544947 ) ) ;
#3481 = DIRECTION ( 'NONE',  ( -1.000000000000000000, 0.000000000000000000, 3.577867169202174099E-15 ) ) ;
#3482 = CIRCLE ( 'NONE', #1083, 0.3000000000000016542 ) ;
#3483 = AXIS2_PLACEMENT_3D ( 'NONE', #1775, #2230, #1807 ) ;
#3484 = B_SPLINE_CURVE_WITH_KNOTS ( 'NONE', 3,
 ( #3804, #4341, #3376, #402 ),
 .UNSPECIFIED., .F., .F.,
 ( 4, 4 ),
 ( 0.000000000000000000, 0.0002227706477409335188 ),
 .UNSPECIFIED. ) ;
#3485 = EDGE_CURVE ( 'NONE', #1372, #4522, #884, .T. ) ;
#3486 = CARTESIAN_POINT ( 'NONE',  ( -17.48062216692514426, -2.682871376733815705, 16.18380832010477022 ) ) ;
#3487 = AXIS2_PLACEMENT_3D ( 'NONE', #1294, #4712, #3820 ) ;
#3488 = FACE_BOUND ( 'NONE', #3134, .T. ) ;
#3489 = VECTOR ( 'NONE', #5497, 1000.000000000000000 ) ;
#3490 = VECTOR ( 'NONE', #1678, 1000.000000000000000 ) ;
#3491 = CARTESIAN_POINT ( 'NONE',  ( -18.00256958295447873, -2.135827580961361161, 17.50321014649323814 ) ) ;
#3492 = DIRECTION ( 'NONE',  ( 1.000000000000000000, 0.000000000000000000, 0.000000000000000000 ) ) ;
#3493 = DIRECTION ( 'NONE',  ( 0.8270675766995402300, 0.000000000000000000, -0.5621025027273497399 ) ) ;
#3494 = ADVANCED_FACE ( 'NONE', ( #4316 ), #3016, .F. ) ;
#3495 = CIRCLE ( 'NONE', #2337, 0.3000000000000016542 ) ;
#3496 = DIRECTION ( 'NONE',  ( 0.000000000000000000, 1.000000000000000000, 0.000000000000000000 ) ) ;
#3497 = VECTOR ( 'NONE', #1185, 1000.000000000000000 ) ;
#3498 = AXIS2_PLACEMENT_3D ( 'NONE', #226, #3175, #311 ) ;
#3499 = B_SPLINE_CURVE_WITH_KNOTS ( 'NONE', 3,
 ( #4305, #4663, #2580, #1324 ),
 .UNSPECIFIED., .F., .F.,
 ( 4, 4 ),
 ( 0.000000000000000000, 9.467040244099604162E-05 ),
 .UNSPECIFIED. ) ;
#3500 = DIRECTION ( 'NONE',  ( -0.000000000000000000, 1.000000000000000000, -0.000000000000000000 ) ) ;
#3501 = ORIENTED_EDGE ( 'NONE', *, *, #4434, .F. ) ;
#3502 =( BOUNDED_SURFACE ( )  B_SPLINE_SURFACE ( 3, 2, ( 
 ( #4074, #5352, #2831 ),
 ( #1462, #279, #187 ),
 ( #220, #4971, #3171 ),
 ( #1907, #1874, #1051 ),
 ( #2806, #1132, #5298 ),
 ( #725, #4879, #2413 ),
 ( #2780, #4471, #4506 ),
 ( #4136, #1935, #640 ) ),
 .UNSPECIFIED., .F., .F., .F. ) 
 B_SPLINE_SURFACE_WITH_KNOTS ( ( 4, 2, 2, 4 ),
 ( 3, 3 ),
 ( 0.000000000000000000, 7.043057940911027831E-05, 0.0001408611588182205566, 0.0002817223176364411132 ),
 ( 0.000000000000000000, 1.000000000000000000 ),
 .UNSPECIFIED. ) 
 GEOMETRIC_REPRESENTATION_ITEM ( )  RATIONAL_B_SPLINE_SURFACE ( (
 ( 1.000000000000000000, 0.7630493574722952976, 1.000000000000000000),
 ( 1.000000000000000000, 0.7907442192148970150, 1.000000000000000000),
 ( 1.000000000000000000, 0.8222421583422974134, 1.000000000000000000),
 ( 1.000000000000000000, 0.8819230614696247361, 1.000000000000000000),
 ( 1.000000000000000000, 0.9091139688530507357, 1.000000000000000000),
 ( 1.000000000000000000, 0.9756671857386035596, 1.000000000000000000),
 ( 1.000000000000000000, 1.000481776875459250, 1.000000000000000000),
 ( 1.000000000000000000, 1.000000000000000000, 1.000000000000000000) ) ) 
 REPRESENTATION_ITEM ( '' )  SURFACE ( )  );
#3503 = VERTEX_POINT ( 'NONE', #5171 ) ;
#3504 = CARTESIAN_POINT ( 'NONE',  ( -17.93662936813074182, -2.237433572356435363, 16.30427359258150943 ) ) ;
#3505 = ORIENTED_EDGE ( 'NONE', *, *, #4185, .F. ) ;
#3506 = DIRECTION ( 'NONE',  ( 0.000000000000000000, -0.3253534195861428335, -0.9455924874720629258 ) ) ;
#3507 = ORIENTED_EDGE ( 'NONE', *, *, #1702, .T. ) ;
#3508 = CARTESIAN_POINT ( 'NONE',  ( -16.30497970287515130, -2.330169852937326258, 18.28310564053730758 ) ) ;
#3509 = ORIENTED_EDGE ( 'NONE', *, *, #3528, .T. ) ;
#3510 = DIRECTION ( 'NONE',  ( -0.000000000000000000, 1.000000000000000000, -0.000000000000000000 ) ) ;
#3511 = CARTESIAN_POINT ( 'NONE',  ( 4.955150818732101392, -2.761276782429341381, -19.09035608670432893 ) ) ;
#3512 = VECTOR ( 'NONE', #2844, 1000.000000000000000 ) ;
#3513 = ORIENTED_EDGE ( 'NONE', *, *, #1381, .T. ) ;
#3514 = CARTESIAN_POINT ( 'NONE',  ( -16.47586025187432668, -2.761276782429341381, -15.27787546329054535 ) ) ;
#3515 = ORIENTED_EDGE ( 'NONE', *, *, #1034, .F. ) ;
#3516 = CARTESIAN_POINT ( 'NONE',  ( -16.42651365871101632, -2.712846292388427116, -1.510553332450941699 ) ) ;
#3517 = CARTESIAN_POINT ( 'NONE',  ( -17.48062216692514426, -2.682871376733816593, 17.81619167989545360 ) ) ;
#3518 = CARTESIAN_POINT ( 'NONE',  ( -17.25135937711331025, -2.761276782429341381, 16.09147093918528881 ) ) ;
#3519 = PLANE ( 'NONE',  #1035 ) ;
#3520 = CARTESIAN_POINT ( 'NONE',  ( 5.050052548727276047, -3.208470177516544730, -19.10164386512368750 ) ) ;
#3521 = ADVANCED_FACE ( 'NONE', ( #2166 ), #4647, .T. ) ;
#3522 = DIRECTION ( 'NONE',  ( 0.000000000000000000, 0.000000000000000000, -1.000000000000000000 ) ) ;
#3523 = CARTESIAN_POINT ( 'NONE',  ( -17.68537097729297258, -2.624592728049849111, -18.12848557855159015 ) ) ;
#3524 = CARTESIAN_POINT ( 'NONE',  ( -18.06682382297187317, -0.9057063555672495436, 19.10000000000000497 ) ) ;
#3525 = EDGE_CURVE ( 'NONE', #1839, #3663, #4413, .T. ) ;
#3526 = CYLINDRICAL_SURFACE ( 'NONE', #4551, 0.5000000000000004441 ) ;
#3527 = FACE_OUTER_BOUND ( 'NONE', #1910, .T. ) ;
#3528 = EDGE_CURVE ( 'NONE', #4860, #3762, #3571, .T. ) ;
#3529 = ORIENTED_EDGE ( 'NONE', *, *, #2516, .F. ) ;
#3530 = ORIENTED_EDGE ( 'NONE', *, *, #574, .F. ) ;
#3531 = FACE_OUTER_BOUND ( 'NONE', #4135, .T. ) ;
#3532 = CARTESIAN_POINT ( 'NONE',  ( -16.00000000000000355, 1.000000000000000000, -23.09999999999999787 ) ) ;
#3533 = ORIENTED_EDGE ( 'NONE', *, *, #653, .F. ) ;
#3534 = CARTESIAN_POINT ( 'NONE',  ( -17.14999999999964686, -1.760630054841630265, 17.00000000000011369 ) ) ;
#3535 = EDGE_CURVE ( 'NONE', #610, #1212, #4779, .T. ) ;
#3536 = ORIENTED_EDGE ( 'NONE', *, *, #4128, .T. ) ;
#3537 = DIRECTION ( 'NONE',  ( 0.000000000000000000, 0.000000000000000000, -1.000000000000000000 ) ) ;
#3538 = LINE ( 'NONE', #504, #384 ) ;
#3539 = AXIS2_PLACEMENT_3D ( 'NONE', #259, #3288, #2397 ) ;
#3540 = DIRECTION ( 'NONE',  ( 0.000000000000000000, 1.000000000000000000, 0.000000000000000000 ) ) ;
#3541 = ORIENTED_EDGE ( 'NONE', *, *, #4022, .T. ) ;
#3542 = LINE ( 'NONE', #5250, #3855 ) ;
#3543 = CARTESIAN_POINT ( 'NONE',  ( 16.00000000000000000, 1.000000000000000000, -23.09999999999999787 ) ) ;
#3544 = CARTESIAN_POINT ( 'NONE',  ( 0.000000000000000000, 0.000000000000000000, -19.27586025187432739 ) ) ;
#3545 = CARTESIAN_POINT ( 'NONE',  ( -17.93668362669933103, -2.237349966385954403, -0.8020191004590320194 ) ) ;
#3546 = CARTESIAN_POINT ( 'NONE',  ( -16.43914126488116878, -7.000000000000000000, 18.18911666522924264 ) ) ;
#3547 = CARTESIAN_POINT ( 'NONE',  ( -16.43914126488126470, -2.261276782429340493, -18.18911666522916093 ) ) ;
#3548 = CARTESIAN_POINT ( 'NONE',  ( -17.68537097729297614, -2.624592728049848667, 18.12848557855133791 ) ) ;
#3549 = CARTESIAN_POINT ( 'NONE',  ( -16.39190915969943418, -2.321167180350484749, -15.78549643552947757 ) ) ;
#3550 = AXIS2_PLACEMENT_3D ( 'NONE', #1748, #2994, #3838 ) ;
#3551 = DIRECTION ( 'NONE',  ( 0.000000000000000000, 0.000000000000000000, -1.000000000000000000 ) ) ;
#3552 = VECTOR ( 'NONE', #4149, 1000.000000000000000 ) ;
#3553 = CARTESIAN_POINT ( 'NONE',  ( 4.500000000000000888, -2.461276782429340670, 19.57586025187433521 ) ) ;
#3554 = ADVANCED_FACE ( 'NONE', ( #3602 ), #2893, .T. ) ;
#3555 = VERTEX_POINT ( 'NONE', #3916 ) ;
#3556 = CARTESIAN_POINT ( 'NONE',  ( 4.500000000000005329, -2.461276782429340670, -19.27586025187432739 ) ) ;
#3557 = ORIENTED_EDGE ( 'NONE', *, *, #569, .F. ) ;
#3558 = CARTESIAN_POINT ( 'NONE',  ( -17.68091756879049825, -2.631454898383848384, -1.134247261245064919 ) ) ;
#3559 = ORIENTED_EDGE ( 'NONE', *, *, #2375, .F. ) ;
#3560 = CARTESIAN_POINT ( 'NONE',  ( -17.14272612737117640, -2.707035054904093130, 16.15176506967055658 ) ) ;
#3561 = ORIENTED_EDGE ( 'NONE', *, *, #889, .T. ) ;
#3562 = FACE_OUTER_BOUND ( 'NONE', #2129, .T. ) ;
#3563 = DIRECTION ( 'NONE',  ( 1.000000000000000000, 0.000000000000000000, 0.000000000000000000 ) ) ;
#3564 = CIRCLE ( 'NONE', #1157, 0.4758602518743285104 ) ;
#3565 = ADVANCED_FACE ( 'NONE', ( #5308, #3488, #5203, #1003 ), #3125, .F. ) ;
#3566 = ORIENTED_EDGE ( 'NONE', *, *, #2525, .F. ) ;
#3567 = DIRECTION ( 'NONE',  ( 9.082321863752918138E-17, -1.232595164407830946E-32, -1.000000000000000000 ) ) ;
#3568 = ORIENTED_EDGE ( 'NONE', *, *, #1510, .F. ) ;
#3569 = CARTESIAN_POINT ( 'NONE',  ( 15.80000000000017835, -7.000000000000000000, -1.110223024625156540E-13 ) ) ;
#3570 = DIRECTION ( 'NONE',  ( 1.000000000000000000, -0.000000000000000000, 2.168404344971008868E-16 ) ) ;
#3571 = LINE ( 'NONE', #2192, #2276 ) ;
#3572 = FACE_OUTER_BOUND ( 'NONE', #4685, .T. ) ;
#3573 = DIRECTION ( 'NONE',  ( 0.000000000000000000, 0.000000000000000000, 1.000000000000000000 ) ) ;
#3574 = CARTESIAN_POINT ( 'NONE',  ( 16.00000000000000355, -0.9766393502342392008, 19.10000000000000142 ) ) ;
#3575 = DIRECTION ( 'NONE',  ( 0.000000000000000000, 0.000000000000000000, 1.000000000000000000 ) ) ;
#3576 = VECTOR ( 'NONE', #1598, 1000.000000000000000 ) ;
#3577 = CONICAL_SURFACE ( 'NONE', #909, 1.685370977292974359, 0.5756575517033382106 ) ;
#3578 = DIRECTION ( 'NONE',  ( -0.000000000000000000, 1.000000000000000000, -0.000000000000000000 ) ) ;
#3579 = TOROIDAL_SURFACE ( 'NONE', #198, 0.4758602518743250132, 0.3000000000000007661 ) ;
#3580 = CIRCLE ( 'NONE', #5017, 0.3000000000000004885 ) ;
#3581 = CARTESIAN_POINT ( 'NONE',  ( 0.000000000000000000, -1.260317096475860321, -21.57537424984308672 ) ) ;
#3582 = ORIENTED_EDGE ( 'NONE', *, *, #998, .F. ) ;
#3583 = VERTEX_POINT ( 'NONE', #2726 ) ;
#3584 = EDGE_CURVE ( 'NONE', #4735, #4203, #1027, .T. ) ;
#3585 = CARTESIAN_POINT ( 'NONE',  ( 18.17537424984308814, -1.318477165402296203, 19.09999999999999432 ) ) ;
#3586 = CARTESIAN_POINT ( 'NONE',  ( -18.02758017987186889, -2.097289239799345228, -0.4042270568508540274 ) ) ;
#3587 = ORIENTED_EDGE ( 'NONE', *, *, #1538, .T. ) ;
#3588 = CARTESIAN_POINT ( 'NONE',  ( -16.43914126488116878, -2.261276782429340493, 18.18911666522924264 ) ) ;
#3589 = ORIENTED_EDGE ( 'NONE', *, *, #4054, .T. ) ;
#3590 = DIRECTION ( 'NONE',  ( -0.000000000000000000, 1.000000000000000000, -0.000000000000000000 ) ) ;
#3591 = CARTESIAN_POINT ( 'NONE',  ( 4.500000000000000000, -2.558610106215138735, 19.29208882258518187 ) ) ;
#3592 = ORIENTED_EDGE ( 'NONE', *, *, #1400, .F. ) ;
#3593 = CARTESIAN_POINT ( 'NONE',  ( -17.03798588938040837, -2.478550394424838377, 16.32558111557384706 ) ) ;
#3594 = VERTEX_POINT ( 'NONE', #4452 ) ;
#3595 = DIRECTION ( 'NONE',  ( 1.000000000000000000, 0.000000000000000000, 0.000000000000000000 ) ) ;
#3596 = CARTESIAN_POINT ( 'NONE',  ( -16.47586025187433023, -2.761276782429341381, 19.10000000000000497 ) ) ;
#3597 = LINE ( 'NONE', #1795, #916 ) ;
#3598 = EDGE_CURVE ( 'NONE', #37, #5004, #2669, .T. ) ;
#3599 = AXIS2_PLACEMENT_3D ( 'NONE', #3039, #1278, #425 ) ;
#3600 = ADVANCED_FACE ( 'NONE', ( #200 ), #2909, .F. ) ;
#3601 = DIRECTION ( 'NONE',  ( 2.058565739352059056E-15, 0.000000000000000000, 1.000000000000000000 ) ) ;
#3602 = FACE_OUTER_BOUND ( 'NONE', #853, .T. ) ;
#3603 = ORIENTED_EDGE ( 'NONE', *, *, #3232, .T. ) ;
#3604 = DIRECTION ( 'NONE',  ( -9.082321863752915673E-17, -0.000000000000000000, 1.000000000000000000 ) ) ;
#3605 = ADVANCED_FACE ( 'NONE', ( #1470 ), #3070, .F. ) ;
#3606 = LINE ( 'NONE', #4483, #1306 ) ;
#3607 = EDGE_CURVE ( 'NONE', #1664, #4713, #3183, .T. ) ;
#3608 = EDGE_CURVE ( 'NONE', #4433, #4229, #2004, .T. ) ;
#3609 = CYLINDRICAL_SURFACE ( 'NONE', #1262, 1.350000000000000533 ) ;
#3610 = CARTESIAN_POINT ( 'NONE',  ( -16.17586025187432242, -2.715816708657837975, -1.585137593643837439 ) ) ;
#3611 = VECTOR ( 'NONE', #3614, 1000.000000000000000 ) ;
#3612 = CARTESIAN_POINT ( 'NONE',  ( -17.03252458482132425, -2.472777061404402232, -16.32460686364473190 ) ) ;
#3613 = EDGE_CURVE ( 'NONE', #3870, #3963, #1476, .T. ) ;
#3614 = DIRECTION ( 'NONE',  ( -9.082321863752915673E-17, -0.000000000000000000, 1.000000000000000000 ) ) ;
#3615 = EDGE_LOOP ( 'NONE', ( #3684, #732, #932, #1379 ) ) ;
#3616 = LINE ( 'NONE', #4819, #5444 ) ;
#3617 = DIRECTION ( 'NONE',  ( 1.000000000000000000, 0.000000000000000000, 1.084202172485504434E-16 ) ) ;
#3618 = VERTEX_POINT ( 'NONE', #115 ) ;
#3619 = CARTESIAN_POINT ( 'NONE',  ( -16.00000000000000355, -2.761276782429341381, -19.09999999999999787 ) ) ;
#3620 = ORIENTED_EDGE ( 'NONE', *, *, #4749, .F. ) ;
#3621 = DIRECTION ( 'NONE',  ( -1.000000000000000000, -0.000000000000000000, -1.310874163206655416E-16 ) ) ;
#3622 = PLANE ( 'NONE',  #4035 ) ;
#3623 = ORIENTED_EDGE ( 'NONE', *, *, #2533, .T. ) ;
#3624 = ORIENTED_EDGE ( 'NONE', *, *, #2882, .F. ) ;
#3625 = CARTESIAN_POINT ( 'NONE',  ( -17.43232950518517299, -2.761276782429340937, 0.8872486393005909466 ) ) ;
#3626 = CARTESIAN_POINT ( 'NONE',  ( 17.43372062083370011, -2.761276782429340493, 19.09999999999999787 ) ) ;
#3627 = CARTESIAN_POINT ( 'NONE',  ( -17.66421921914104232, -2.657185059793389481, 15.98140341907829765 ) ) ;
#3628 = VECTOR ( 'NONE', #5165, 1000.000000000000000 ) ;
#3629 = CARTESIAN_POINT ( 'NONE',  ( -16.43914126488116878, 0.000000000000000000, 18.18911666522924264 ) ) ;
#3630 = ADVANCED_FACE ( 'NONE', ( #1797 ), #3519, .F. ) ;
#3631 = LINE ( 'NONE', #2815, #1827 ) ;
#3632 = ORIENTED_EDGE ( 'NONE', *, *, #1557, .T. ) ;
#3633 = CARTESIAN_POINT ( 'NONE',  ( -17.15000000000000213, -1.760630054841077374, -17.27493236562082046 ) ) ;
#3634 = EDGE_CURVE ( 'NONE', #4157, #963, #707, .T. ) ;
#3635 = AXIS2_PLACEMENT_3D ( 'NONE', #3478, #945, #920 ) ;
#3636 = EDGE_CURVE ( 'NONE', #2476, #1664, #2550, .T. ) ;
#3637 = CARTESIAN_POINT ( 'NONE',  ( -15.99999999999999289, -2.461276782429340670, 20.53372062083370508 ) ) ;
#3638 = DIRECTION ( 'NONE',  ( 0.000000000000000000, 0.000000000000000000, -1.000000000000000000 ) ) ;
#3639 = CARTESIAN_POINT ( 'NONE',  ( -16.17586025187432242, -2.454777406777454818, -1.658844963136291595 ) ) ;
#3640 = AXIS2_PLACEMENT_3D ( 'NONE', #3323, #2904, #2933 ) ;
#3641 = CARTESIAN_POINT ( 'NONE',  ( -17.26040677610972196, -3.279411780187519110, -16.78650451738448268 ) ) ;
#3642 = EDGE_CURVE ( 'NONE', #3981, #436, #4081, .T. ) ;
#3643 = CARTESIAN_POINT ( 'NONE',  ( -16.92177160231318567, -2.390842763387717618, -0.7512482267862488072 ) ) ;
#3644 = ORIENTED_EDGE ( 'NONE', *, *, #4534, .F. ) ;
#3645 = ORIENTED_EDGE ( 'NONE', *, *, #4222, .F. ) ;
#3646 = EDGE_CURVE ( 'NONE', #1902, #2577, #1211, .T. ) ;
#3647 = DIRECTION ( 'NONE',  ( 0.000000000000000000, 0.7071067811865456854, 0.7071067811865493491 ) ) ;
#3648 = CARTESIAN_POINT ( 'NONE',  ( -16.92158439726916086, -2.388095029567795180, 17.75152086657572781 ) ) ;
#3649 = CIRCLE ( 'NONE', #1231, 1.433720620833703219 ) ;
#3650 = EDGE_LOOP ( 'NONE', ( #1348, #5060, #3019, #2303 ) ) ;
#3651 = EDGE_LOOP ( 'NONE', ( #2390, #1403, #3332, #2941 ) ) ;
#3652 = CARTESIAN_POINT ( 'NONE',  ( -18.06941726076545862, -2.032823297541922258, -16.99999999999988987 ) ) ;
#3653 = DIRECTION ( 'NONE',  ( -0.000000000000000000, -1.000000000000000000, -0.000000000000000000 ) ) ;
#3654 =( BOUNDED_SURFACE ( )  B_SPLINE_SURFACE ( 3, 2, ( 
 ( #2121, #4810, #798 ),
 ( #437, #2996, #4629 ),
 ( #1798, #4266, #2488 ),
 ( #3942, #5510, #3520 ),
 ( #2095, #854, #4207 ),
 ( #1385, #382, #1287 ),
 ( #4705, #879, #2643 ),
 ( #2068, #3840, #4681 ),
 ( #827, #9, #1696 ),
 ( #1206, #4652, #4367 ) ),
 .UNSPECIFIED., .F., .F., .F. ) 
 B_SPLINE_SURFACE_WITH_KNOTS ( ( 4, 2, 2, 2, 4 ),
 ( 3, 3 ),
 ( -6.236722965901848810E-06, 0.0002551859146881506378, 0.0005166085523422031143, 0.0007780311899962556992, 0.001039453827650308176 ),
 ( 0.000000000000000000, 1.000000000000000000 ),
 .UNSPECIFIED. ) 
 GEOMETRIC_REPRESENTATION_ITEM ( )  RATIONAL_B_SPLINE_SURFACE ( (
 ( 1.000000000000000000, 0.7084329404725291379, 1.000000000000000000),
 ( 1.000000000000000000, 0.6897852262977866022, 1.000000000000000000),
 ( 1.000000000000000000, 0.6747275933753874577, 1.000000000000000000),
 ( 1.000000000000000000, 0.6568018183607317040, 1.000000000000000000),
 ( 1.000000000000000000, 0.6546344294644022010, 1.000000000000000000),
 ( 1.000000000000000000, 0.6615778351854919581, 1.000000000000000000),
 ( 1.000000000000000000, 0.6703147100389663660, 1.000000000000000000),
 ( 1.000000000000000000, 0.6896741269399053742, 1.000000000000000000),
 ( 1.000000000000000000, 0.6998298374357808660, 1.000000000000000000),
 ( 1.000000000000000000, 0.7071067811865405783, 1.000000000000000000) ) ) 
 REPRESENTATION_ITEM ( '' )  SURFACE ( )  );
#3655 = ORIENTED_EDGE ( 'NONE', *, *, #3829, .F. ) ;
#3656 = DIRECTION ( 'NONE',  ( -9.082321863752915673E-17, -0.000000000000000000, 1.000000000000000000 ) ) ;
#3657 = EDGE_CURVE ( 'NONE', #4229, #383, #776, .T. ) ;
#3658 = LINE ( 'NONE', #3262, #4957 ) ;
#3659 = CARTESIAN_POINT ( 'NONE',  ( -16.17586025187432952, -2.761276782429340493, 18.72212453670931254 ) ) ;
#3660 = CARTESIAN_POINT ( 'NONE',  ( -17.48062216692520110, -2.682871376733793500, -0.8161916798954796937 ) ) ;
#3661 = EDGE_CURVE ( 'NONE', #3390, #190, #5498, .T. ) ;
#3662 = DIRECTION ( 'NONE',  ( 0.000000000000000000, 0.000000000000000000, 1.000000000000000000 ) ) ;
#3663 = VERTEX_POINT ( 'NONE', #654 ) ;
#3664 = CARTESIAN_POINT ( 'NONE',  ( 18.06682382297187672, -0.9057063555672495436, 19.09999999999999432 ) ) ;
#3665 = CARTESIAN_POINT ( 'NONE',  ( -17.33388598017353743, -3.166189107259048452, 0.2254580427374612006 ) ) ;
#3666 = CARTESIAN_POINT ( 'NONE',  ( -16.17586025187432242, -2.745442934920228062, -1.650742131667596091 ) ) ;
#3667 = CARTESIAN_POINT ( 'NONE',  ( -17.35719857694667212, -3.130267181413583177, -17.04183604436839161 ) ) ;
#3668 = AXIS2_PLACEMENT_3D ( 'NONE', #4487, #1033, #1891 ) ;
#3669 = CARTESIAN_POINT ( 'NONE',  ( -17.48062216692513715, -2.682871376733817925, 16.18380832010477022 ) ) ;
#3670 = ORIENTED_EDGE ( 'NONE', *, *, #2400, .F. ) ;
#3671 = EDGE_CURVE ( 'NONE', #5360, #771, #5403, .T. ) ;
#3672 = AXIS2_PLACEMENT_3D ( 'NONE', #3970, #1530, #4482 ) ;
#3673 = AXIS2_PLACEMENT_3D ( 'NONE', #1080, #2092, #1491 ) ;
#3674 = DIRECTION ( 'NONE',  ( -1.000000000000000000, -0.000000000000000000, -1.084202172485504434E-16 ) ) ;
#3675 = ORIENTED_EDGE ( 'NONE', *, *, #4953, .F. ) ;
#3676 = FACE_OUTER_BOUND ( 'NONE', #3956, .T. ) ;
#3677 = AXIS2_PLACEMENT_3D ( 'NONE', #3032, #21, #4329 ) ;
#3678 = VERTEX_POINT ( 'NONE', #5359 ) ;
#3679 = TOROIDAL_SURFACE ( 'NONE', #742, 2.175374249843084584, 0.3000000000000009881 ) ;
#3680 = VECTOR ( 'NONE', #4595, 1000.000000000000227 ) ;
#3681 = ORIENTED_EDGE ( 'NONE', *, *, #4330, .T. ) ;
#3682 = DIRECTION ( 'NONE',  ( -0.000000000000000000, 1.000000000000000000, -0.000000000000000000 ) ) ;
#3683 = FACE_OUTER_BOUND ( 'NONE', #333, .T. ) ;
#3684 = ORIENTED_EDGE ( 'NONE', *, *, #5460, .F. ) ;
#3685 = CARTESIAN_POINT ( 'NONE',  ( -16.43914126488122207, -2.261276782429340493, -1.189116665229087211 ) ) ;
#3686 = CARTESIAN_POINT ( 'NONE',  ( -16.17586025187432242, -2.761276782429340493, -18.72212453670923438 ) ) ;
#3687 = DIRECTION ( 'NONE',  ( 1.025213429203182715E-16, 0.3253534195861428335, -0.9455924874720629258 ) ) ;
#3688 = EDGE_CURVE ( 'NONE', #746, #1044, #3631, .T. ) ;
#3689 = CARTESIAN_POINT ( 'NONE',  ( -16.40541907913242525, -2.671244943361638313, 15.57543473553173818 ) ) ;
#3690 = ORIENTED_EDGE ( 'NONE', *, *, #538, .F. ) ;
#3691 = CARTESIAN_POINT ( 'NONE',  ( 15.80000000000000071, -7.000000000000000000, -17.00000000000011369 ) ) ;
#3692 = ORIENTED_EDGE ( 'NONE', *, *, #4749, .T. ) ;
#3693 = FACE_OUTER_BOUND ( 'NONE', #63, .T. ) ;
#3694 = CARTESIAN_POINT ( 'NONE',  ( -16.97434785945353397, -2.520780012318010854, 17.76754198989592481 ) ) ;
#3695 = CARTESIAN_POINT ( 'NONE',  ( -15.99999999999999645, -0.9766393502342398669, 19.10000000000000497 ) ) ;
#3696 = DIRECTION ( 'NONE',  ( -0.000000000000000000, -1.000000000000000000, -0.000000000000000000 ) ) ;
#3697 = CARTESIAN_POINT ( 'NONE',  ( -15.99999999999999645, 0.000000000000000000, 19.10000000000000497 ) ) ;
#3698 = DIRECTION ( 'NONE',  ( -1.084202172485504434E-16, 0.000000000000000000, 1.000000000000000000 ) ) ;
#3699 = ORIENTED_EDGE ( 'NONE', *, *, #2240, .F. ) ;
#3700 = AXIS2_PLACEMENT_3D ( 'NONE', #1393, #3103, #2355 ) ;
#3701 = CARTESIAN_POINT ( 'NONE',  ( 15.99999999999999645, -0.6220286093256309767, -21.26442984884771192 ) ) ;
#3702 = ORIENTED_EDGE ( 'NONE', *, *, #762, .T. ) ;
#3703 = B_SPLINE_CURVE_WITH_KNOTS ( 'NONE', 3,
 ( #3381, #2779, #4528, #1109, #4505, #673, #2363, #3230 ),
 .UNSPECIFIED., .F., .F.,
 ( 4, 2, 2, 4 ),
 ( 0.000000000000000000, 0.0003958552225573525626, 0.0005937828338360288168, 0.0007917104451147051252 ),
 .UNSPECIFIED. ) ;
#3704 = CARTESIAN_POINT ( 'NONE',  ( -17.68537097729297614, -2.624592728049848667, 15.87151442144886460 ) ) ;
#3705 = CARTESIAN_POINT ( 'NONE',  ( 17.43372062083370366, -2.761276782429340493, 19.09999999999999787 ) ) ;
#3706 = ADVANCED_FACE ( 'NONE', ( #4056 ), #4697, .T. ) ;
#3707 = VERTEX_POINT ( 'NONE', #3207 ) ;
#3708 = ADVANCED_FACE ( 'NONE', ( #2371 ), #4588, .F. ) ;
#3709 = DIRECTION ( 'NONE',  ( -0.000000000000000000, 1.000000000000000000, -0.000000000000000000 ) ) ;
#3710 = EDGE_LOOP ( 'NONE', ( #1463, #4767, #2830, #4943 ) ) ;
#3711 = FACE_BOUND ( 'NONE', #2179, .T. ) ;
#3712 = EDGE_CURVE ( 'NONE', #885, #3503, #1915, .T. ) ;
#3713 = DIRECTION ( 'NONE',  ( -1.000000000000000000, -0.000000000000000000, -1.084202172485504434E-16 ) ) ;
#3714 = CARTESIAN_POINT ( 'NONE',  ( -16.28410836283157437, -2.335824805651201874, 18.27244568416544013 ) ) ;
#3715 = CARTESIAN_POINT ( 'NONE',  ( -16.17586025187432242, -2.761276782429340493, -15.27787546329054003 ) ) ;
#3716 = VERTEX_POINT ( 'NONE', #4920 ) ;
#3717 = EDGE_CURVE ( 'NONE', #3266, #4014, #1942, .T. ) ;
#3718 = CARTESIAN_POINT ( 'NONE',  ( -17.48062216692520110, -2.682871376733793500, -0.8161916798954796937 ) ) ;
#3719 = VERTEX_POINT ( 'NONE', #1558 ) ;
#3720 = DIRECTION ( 'NONE',  ( 0.000000000000000000, 1.000000000000000000, 0.000000000000000000 ) ) ;
#3721 = VECTOR ( 'NONE', #3240, 1000.000000000000227 ) ;
#3722 = DIRECTION ( 'NONE',  ( 0.000000000000000000, 0.000000000000000000, -1.000000000000000000 ) ) ;
#3723 = AXIS2_PLACEMENT_3D ( 'NONE', #995, #2693, #1351 ) ;
#3724 = CARTESIAN_POINT ( 'NONE',  ( -17.36765182934682272, -2.681282637093861165, -16.26269160051317186 ) ) ;
#3725 = CARTESIAN_POINT ( 'NONE',  ( -16.42651365871101632, -2.712846292388427116, -1.510553332450941699 ) ) ;
#3727 = VERTEX_POINT ( 'NONE', #4165 ) ;
#3726 = AXIS2_PLACEMENT_3D ( 'NONE', #4286, #2538, #3018 ) ;
#3728 = CARTESIAN_POINT ( 'NONE',  ( -16.47586025187433023, -2.441904586412965816, 15.37046975505648838 ) ) ;
#3729 = ORIENTED_EDGE ( 'NONE', *, *, #2651, .T. ) ;
#3730 = CARTESIAN_POINT ( 'NONE',  ( -16.95252793982189132, -2.367902030711735772, 17.70645562288712327 ) ) ;
#3731 = B_SPLINE_CURVE_WITH_KNOTS ( 'NONE', 3,
 ( #3079, #4793, #1812, #2654, #548, #3957 ),
 .UNSPECIFIED., .F., .F.,
 ( 4, 2, 4 ),
 ( -4.778349806724874802E-06, 0.0003867463129946576306, 0.0007782709757960400675 ),
 .UNSPECIFIED. ) ;
#3732 = ADVANCED_FACE ( 'NONE', ( #5437 ), #4978, .T. ) ;
#3733 = ORIENTED_EDGE ( 'NONE', *, *, #4429, .T. ) ;
#3734 = EDGE_CURVE ( 'NONE', #691, #1550, #4621, .T. ) ;
#3735 = AXIS2_PLACEMENT_3D ( 'NONE', #4651, #1285, #62 ) ;
#3736 = ORIENTED_EDGE ( 'NONE', *, *, #5173, .F. ) ;
#3737 = DIRECTION ( 'NONE',  ( 0.000000000000000000, -0.000000000000000000, 1.000000000000000000 ) ) ;
#3738 = DIRECTION ( 'NONE',  ( 0.000000000000000000, -1.000000000000000000, -0.000000000000000000 ) ) ;
#3739 = AXIS2_PLACEMENT_3D ( 'NONE', #2141, #1717, #5146 ) ;
#3740 = CYLINDRICAL_SURFACE ( 'NONE', #5525, 4.000000000000000000 ) ;
#3741 = EDGE_CURVE ( 'NONE', #149, #4193, #4263, .T. ) ;
#3742 = CARTESIAN_POINT ( 'NONE',  ( -16.67586025187432597, 0.000000000000000000, 15.37046975505648838 ) ) ;
#3743 = CARTESIAN_POINT ( 'NONE',  ( -16.47586025187432668, -2.761276782429340493, 19.10000000000000497 ) ) ;
#3744 = ORIENTED_EDGE ( 'NONE', *, *, #838, .T. ) ;
#3745 = CARTESIAN_POINT ( 'NONE',  ( -18.27298027571892192, -0.9766393502342392008, -19.09999999999999787 ) ) ;
#3746 = LINE ( 'NONE', #4089, #3908 ) ;
#3747 = AXIS2_PLACEMENT_3D ( 'NONE', #1940, #3263, #2838 ) ;
#3748 = CARTESIAN_POINT ( 'NONE',  ( 4.999999999999999112, -2.761276782429343601, 19.86099466865222851 ) ) ;
#3749 = CARTESIAN_POINT ( 'NONE',  ( -16.17586025187432597, 0.000000000000000000, 19.10000000000000497 ) ) ;
#3750 = ORIENTED_EDGE ( 'NONE', *, *, #1235, .F. ) ;
#3751 = VERTEX_POINT ( 'NONE', #3718 ) ;
#3752 = DIRECTION ( 'NONE',  ( 2.569960705150824215E-15, 0.000000000000000000, 1.000000000000000000 ) ) ;
#3753 = ORIENTED_EDGE ( 'NONE', *, *, #4292, .F. ) ;
#3754 = CARTESIAN_POINT ( 'NONE',  ( -18.06941726076510335, -2.032823297542472041, 17.00000000000011369 ) ) ;
#3755 = APPLICATION_PROTOCOL_DEFINITION ( 'draft international standard', 'automotive_design', 1998, #5461 ) ;
#3756 = EDGE_CURVE ( 'NONE', #842, #4014, #5412, .T. ) ;
#3757 = VERTEX_POINT ( 'NONE', #5087 ) ;
#3758 = VECTOR ( 'NONE', #1340, 1000.000000000000000 ) ;
#3759 = CARTESIAN_POINT ( 'NONE',  ( -18.06941726076136234, -2.032823297548234098, -16.89825142279965675 ) ) ;
#3760 = VECTOR ( 'NONE', #475, 1000.000000000000000 ) ;
#3761 = AXIS2_PLACEMENT_3D ( 'NONE', #962, #5240, #3506 ) ;
#3762 = VERTEX_POINT ( 'NONE', #2556 ) ;
#3763 = CARTESIAN_POINT ( 'NONE',  ( -16.40687602906891840, -2.658645796401012618, -1.418048484418652277 ) ) ;
#3764 = EDGE_CURVE ( 'NONE', #963, #2448, #1571, .T. ) ;
#3765 = AXIS2_PLACEMENT_3D ( 'NONE', #1641, #3348, #4237 ) ;
#3766 = CARTESIAN_POINT ( 'NONE',  ( -17.86442984884771334, 0.000000000000000000, -19.09999999999999787 ) ) ;
#3767 = CARTESIAN_POINT ( 'NONE',  ( 4.500760707424797502, -2.618544787364145865, 19.31827712039121536 ) ) ;
#3768 = STYLED_ITEM ( 'NONE', ( #1683 ), #1670 ) ;
#3769 = CYLINDRICAL_SURFACE ( 'NONE', #4738, 0.3000000000000016542 ) ;
#3770 = ORIENTED_EDGE ( 'NONE', *, *, #3598, .T. ) ;
#3771 = AXIS2_PLACEMENT_3D ( 'NONE', #1728, #3874, #470 ) ;
#3772 = FACE_OUTER_BOUND ( 'NONE', #672, .T. ) ;
#3773 = ORIENTED_EDGE ( 'NONE', *, *, #5243, .T. ) ;
#3774 = CARTESIAN_POINT ( 'NONE',  ( -16.30497970287512288, -2.330169852937341357, 1.283105640537462788 ) ) ;
#3775 = EDGE_CURVE ( 'NONE', #1053, #1618, #2954, .T. ) ;
#3776 = CARTESIAN_POINT ( 'NONE',  ( -16.00000000000000355, -1.318477165402296203, -19.09999999999999787 ) ) ;
#3777 = CARTESIAN_POINT ( 'NONE',  ( -16.17586025187432597, -2.454777406777458815, 15.34115503686378545 ) ) ;
#3778 = CARTESIAN_POINT ( 'NONE',  ( -16.47586025187432668, -2.461276782429340670, -18.72212453670923438 ) ) ;
#3779 = ADVANCED_FACE ( 'NONE', ( #3772 ), #5238, .T. ) ;
#3780 = CARTESIAN_POINT ( 'NONE',  ( -15.99999999999999289, -2.461276782429340670, 19.57586025187433165 ) ) ;
#3781 = VERTEX_POINT ( 'NONE', #5469 ) ;
#3782 = VERTEX_POINT ( 'NONE', #783 ) ;
#3783 = DIRECTION ( 'NONE',  ( -1.000000000000000000, 0.000000000000000000, 0.000000000000000000 ) ) ;
#3784 = AXIS2_PLACEMENT_3D ( 'NONE', #563, #2248, #3967 ) ;
#3785 = CARTESIAN_POINT ( 'NONE',  ( -17.68537097729297258, -2.624592728049848667, -15.87151442144819491 ) ) ;
#3786 = ORIENTED_EDGE ( 'NONE', *, *, #5243, .F. ) ;
#3787 = DIRECTION ( 'NONE',  ( -9.082321863752915673E-17, -0.000000000000000000, 1.000000000000000000 ) ) ;
#3788 = ADVANCED_FACE ( 'NONE', ( #863 ), #3433, .T. ) ;
#3789 = B_SPLINE_CURVE_WITH_KNOTS ( 'NONE', 3,
 ( #1967, #5000, #194, #2723 ),
 .UNSPECIFIED., .F., .F.,
 ( 4, 4 ),
 ( 0.000000000000000000, 0.0003881701390680432329 ),
 .UNSPECIFIED. ) ;
#3790 = ORIENTED_EDGE ( 'NONE', *, *, #3805, .F. ) ;
#3791 = ORIENTED_EDGE ( 'NONE', *, *, #2701, .F. ) ;
#3792 = CARTESIAN_POINT ( 'NONE',  ( -17.14386075605795412, -1.773593541059224732, -16.85150382459604756 ) ) ;
#3793 = VERTEX_POINT ( 'NONE', #4253 ) ;
#3794 = DIRECTION ( 'NONE',  ( 0.000000000000000000, 0.000000000000000000, -1.000000000000000000 ) ) ;
#3795 = DIRECTION ( 'NONE',  ( 2.419890529255380254E-15, 0.000000000000000000, 1.000000000000000000 ) ) ;
#3796 = CARTESIAN_POINT ( 'NONE',  ( 4.520341316384617336, -2.692759677708727484, 19.38232394164679562 ) ) ;
#3797 = CARTESIAN_POINT ( 'NONE',  ( -16.86650022477498467, -2.359261655682998615, 0.8276939473952362736 ) ) ;
#3798 = CARTESIAN_POINT ( 'NONE',  ( -17.05310072699617763, -1.965240329655574492, 16.49230775674851657 ) ) ;
#3799 = LINE ( 'NONE', #2108, #2632 ) ;
#3800 = ORIENTED_EDGE ( 'NONE', *, *, #1449, .T. ) ;
#3801 = DIRECTION ( 'NONE',  ( -0.000000000000000000, 1.000000000000000000, -0.000000000000000000 ) ) ;
#3802 = EDGE_CURVE ( 'NONE', #5309, #4581, #2184, .T. ) ;
#3803 = CARTESIAN_POINT ( 'NONE',  ( -16.43914126488126470, -2.261276782429340493, -18.18911666522916093 ) ) ;
#3805 = EDGE_CURVE ( 'NONE', #4581, #2655, #2319, .T. ) ;
#3804 = CARTESIAN_POINT ( 'NONE',  ( -16.47586025187433023, -2.761276782429340493, -1.722124536709162879 ) ) ;
#3806 = CARTESIAN_POINT ( 'NONE',  ( -17.89570055624918510, -2.300499980601593997, 17.78925722619104732 ) ) ;
#3807 = ORIENTED_EDGE ( 'NONE', *, *, #4088, .F. ) ;
#3808 = ORIENTED_EDGE ( 'NONE', *, *, #150, .T. ) ;
#3809 = FACE_OUTER_BOUND ( 'NONE', #1178, .T. ) ;
#3810 = AXIS2_PLACEMENT_3D ( 'NONE', #1631, #3341, #2161 ) ;
#3811 = EDGE_CURVE ( 'NONE', #3390, #5309, #2925, .T. ) ;
#3812 = LINE ( 'NONE', #5508, #5251 ) ;
#3813 = ORIENTED_EDGE ( 'NONE', *, *, #4291, .F. ) ;
#3814 = DIRECTION ( 'NONE',  ( 1.000000000000000000, -0.000000000000000000, 2.168404344971008868E-16 ) ) ;
#3815 = VERTEX_POINT ( 'NONE', #810 ) ;
#3816 = ORIENTED_EDGE ( 'NONE', *, *, #2428, .F. ) ;
#3817 = DIRECTION ( 'NONE',  ( 1.000000000000000000, 0.000000000000000000, 0.000000000000000000 ) ) ;
#3818 = AXIS2_PLACEMENT_3D ( 'NONE', #3780, #2002, #1152 ) ;
#3819 = ORIENTED_EDGE ( 'NONE', *, *, #2516, .T. ) ;
#3820 = DIRECTION ( 'NONE',  ( 0.000000000000000000, 0.000000000000000000, 1.000000000000000000 ) ) ;
#3821 = LINE ( 'NONE', #2920, #4152 ) ;
#3822 = CARTESIAN_POINT ( 'NONE',  ( 5.012517748115365990, -3.078564506466161976, 18.96721457948031642 ) ) ;
#3823 = DIRECTION ( 'NONE',  ( -1.000000000000000000, 0.000000000000000000, 0.000000000000000000 ) ) ;
#3824 = AXIS2_PLACEMENT_3D ( 'NONE', #460, #3869, #825 ) ;
#3825 = CARTESIAN_POINT ( 'NONE',  ( -16.91290387186575472, -2.261276782429340493, 0.7641629224098670514 ) ) ;
#3826 = ORIENTED_EDGE ( 'NONE', *, *, #3642, .T. ) ;
#3827 = LINE ( 'NONE', #3401, #104 ) ;
#3828 = AXIS2_PLACEMENT_3D ( 'NONE', #3697, #5008, #267 ) ;
#3829 = EDGE_CURVE ( 'NONE', #5344, #3963, #3799, .T. ) ;
#3830 = CARTESIAN_POINT ( 'NONE',  ( -17.37199030888799456, -2.681343701765994236, -16.25966212245468512 ) ) ;
#3831 = CARTESIAN_POINT ( 'NONE',  ( -16.17586025187432597, -2.441904586412965816, 15.37046975505648838 ) ) ;
#3832 =( BOUNDED_SURFACE ( )  B_SPLINE_SURFACE ( 3, 2, ( 
 ( #4558, #3686, #4532 ),
 ( #5382, #1553, #4917 ),
 ( #4976, #1087, #2786 ),
 ( #4511, #1137, #679 ) ),
 .UNSPECIFIED., .F., .F., .F. ) 
 B_SPLINE_SURFACE_WITH_KNOTS ( ( 4, 4 ),
 ( 3, 3 ),
 ( 7.560970503999754882E-05, 0.0001703977873965226598 ),
 ( 0.000000000000000000, 1.000000000000000000 ),
 .UNSPECIFIED. ) 
 GEOMETRIC_REPRESENTATION_ITEM ( )  RATIONAL_B_SPLINE_SURFACE ( (
 ( 1.000000000000000000, 0.7071067811865475727, 1.000000000000000000),
 ( 1.000000000000000000, 0.7262877011042820907, 1.000000000000000000),
 ( 1.000000000000000000, 0.7452025455529146525, 1.000000000000000000),
 ( 1.000000000000000000, 0.7630493574722384542, 1.000000000000000000) ) ) 
 REPRESENTATION_ITEM ( '' )  SURFACE ( )  );
#3833 = CARTESIAN_POINT ( 'NONE',  ( -17.35314942878989086, -3.136506434862418313, 17.12931362345637609 ) ) ;
#3834 = ORIENTED_EDGE ( 'NONE', *, *, #3811, .F. ) ;
#3835 = VECTOR ( 'NONE', #1349, 1000.000000000000227 ) ;
#3836 = CARTESIAN_POINT ( 'NONE',  ( -17.66421921914080784, -2.657185059793748749, -18.01859658092226724 ) ) ;
#3837 = DIRECTION ( 'NONE',  ( 0.000000000000000000, 0.000000000000000000, 1.000000000000000000 ) ) ;
#3838 = DIRECTION ( 'NONE',  ( 0.000000000000000000, 0.000000000000000000, -1.000000000000000000 ) ) ;
#3839 = ORIENTED_EDGE ( 'NONE', *, *, #1217, .F. ) ;
#3840 = CARTESIAN_POINT ( 'NONE',  ( 5.026041602159322608, -2.606247426963240077, -19.31318913808503623 ) ) ;
#3841 = DIRECTION ( 'NONE',  ( 0.000000000000000000, 0.000000000000000000, 1.000000000000000000 ) ) ;
#3842 = ORIENTED_EDGE ( 'NONE', *, *, #3661, .F. ) ;
#3843 = EDGE_CURVE ( 'NONE', #1193, #222, #147, .T. ) ;
#3844 = ORIENTED_EDGE ( 'NONE', *, *, #2874, .T. ) ;
#3845 = CARTESIAN_POINT ( 'NONE',  ( 5.000000000000004441, -2.461276782429340670, -18.77586025187432384 ) ) ;
#3846 = EDGE_LOOP ( 'NONE', ( #1925, #1753, #1419, #2906, #376 ) ) ;
#3847 = B_SPLINE_CURVE_WITH_KNOTS ( 'NONE', 3,
 ( #1066, #4027, #2730, #4486, #1920, #140, #4456, #4090, #4517, #4427 ),
 .UNSPECIFIED., .F., .F.,
 ( 4, 2, 2, 2, 4 ),
 ( 9.867908893405815144E-05, 0.0002168953796561693390, 0.0003351116703782804724, 0.0004533279611003916600, 0.0005715442518225028476 ),
 .UNSPECIFIED. ) ;
#3848 = EDGE_CURVE ( 'NONE', #149, #791, #3399, .T. ) ;
#3849 = ORIENTED_EDGE ( 'NONE', *, *, #2249, .T. ) ;
#3850 = CARTESIAN_POINT ( 'NONE',  ( 4.500000000000005329, 0.000000000000000000, -18.77586025187432384 ) ) ;
#3851 = AXIS2_PLACEMENT_3D ( 'NONE', #2152, #1343, #937 ) ;
#3852 = CARTESIAN_POINT ( 'NONE',  ( -16.00000000000000355, 0.000000000000000000, -19.09999999999999787 ) ) ;
#3853 = CARTESIAN_POINT ( 'NONE',  ( -16.47586025187432668, -2.761276782429340493, -19.09999999999999787 ) ) ;
#3854 = CARTESIAN_POINT ( 'NONE',  ( -16.91290387186581512, -2.261276782429337828, -17.76416292240982031 ) ) ;
#3855 = VECTOR ( 'NONE', #1409, 1000.000000000000000 ) ;
#3856 = CIRCLE ( 'NONE', #5016, 0.3000000000000016542 ) ;
#3857 = CARTESIAN_POINT ( 'NONE',  ( -16.23359033370489257, -2.377535297380091173, -18.39227949884675795 ) ) ;
#3858 = ORIENTED_EDGE ( 'NONE', *, *, #2943, .F. ) ;
#3859 = CARTESIAN_POINT ( 'NONE',  ( -16.39643796601614412, -2.605314419040106078, -1.349839821382830873 ) ) ;
#3860 = EDGE_CURVE ( 'NONE', #3416, #560, #74, .T. ) ;
#3861 = AXIS2_PLACEMENT_3D ( 'NONE', #1738, #1682, #1713 ) ;
#3862 = CARTESIAN_POINT ( 'NONE',  ( -17.17936786132551319, -2.694393592153381256, 0.7482795626012194168 ) ) ;
#3863 = CIRCLE ( 'NONE', #1434, 0.3000000000000016542 ) ;
#3864 = CARTESIAN_POINT ( 'NONE',  ( -16.91290387186580091, -2.261276782429340493, -16.23583707758994166 ) ) ;
#3865 = CARTESIAN_POINT ( 'NONE',  ( 18.42702460630236061, -1.481793111022802201, 19.09999999999999432 ) ) ;
#3866 = CARTESIAN_POINT ( 'NONE',  ( -17.51874846712217249, -2.761276782429341381, -0.9476655431918608041 ) ) ;
#3867 = CARTESIAN_POINT ( 'NONE',  ( 16.00000000000000355, 0.000000000000000000, 19.10000000000000142 ) ) ;
#3868 = DIRECTION ( 'NONE',  ( 0.000000000000000000, 1.000000000000000000, 0.000000000000000000 ) ) ;
#3869 = DIRECTION ( 'NONE',  ( -1.000000000000000000, 0.000000000000000000, -9.082321863752916905E-17 ) ) ;
#3870 = VERTEX_POINT ( 'NONE', #613 ) ;
#3871 = DIRECTION ( 'NONE',  ( 0.000000000000000000, 1.000000000000000000, 0.000000000000000000 ) ) ;
#3872 = VERTEX_POINT ( 'NONE', #4386 ) ;
#3873 = ORIENTED_EDGE ( 'NONE', *, *, #2083, .T. ) ;
#3874 = DIRECTION ( 'NONE',  ( -0.000000000000000000, 1.000000000000000000, -0.000000000000000000 ) ) ;
#3875 = EDGE_CURVE ( 'NONE', #4734, #4446, #3086, .T. ) ;
#3876 = ORIENTED_EDGE ( 'NONE', *, *, #852, .F. ) ;
#3877 = CARTESIAN_POINT ( 'NONE',  ( -16.95338979416918690, -2.370193824687484518, 0.7052004441657360179 ) ) ;
#3878 = EDGE_CURVE ( 'NONE', #1751, #1125, #1705, .T. ) ;
#3879 = ORIENTED_EDGE ( 'NONE', *, *, #704, .F. ) ;
#3880 = DIRECTION ( 'NONE',  ( -0.000000000000000000, 1.000000000000000000, -0.000000000000000000 ) ) ;
#3881 = DIRECTION ( 'NONE',  ( -9.082321863752915673E-17, -0.000000000000000000, 1.000000000000000000 ) ) ;
#3882 = AXIS2_PLACEMENT_3D ( 'NONE', #2865, #2018, #4689 ) ;
#3883 = EDGE_CURVE ( 'NONE', #2655, #3663, #4535, .T. ) ;
#3884 = CARTESIAN_POINT ( 'NONE',  ( -16.43914126488121852, -7.000000000000000000, 1.189116665229309477 ) ) ;
#3885 = EDGE_LOOP ( 'NONE', ( #1118, #1314, #692, #3826 ) ) ;
#3886 = DIRECTION ( 'NONE',  ( -1.084202172485504434E-16, 0.000000000000000000, -1.000000000000000000 ) ) ;
#3887 = EDGE_CURVE ( 'NONE', #1759, #4883, #268, .T. ) ;
#3888 = DIRECTION ( 'NONE',  ( 9.082321863752916905E-17, -0.000000000000000000, -1.000000000000000000 ) ) ;
#3889 = CARTESIAN_POINT ( 'NONE',  ( -17.17936786132534621, -2.694393592153378147, 16.25172043739916106 ) ) ;
#3890 = CARTESIAN_POINT ( 'NONE',  ( -17.43372062083369656, -2.461276782429340670, -19.09999999999999787 ) ) ;
#3891 = CARTESIAN_POINT ( 'NONE',  ( 17.86442984884771690, 0.000000000000000000, 19.09999999999999787 ) ) ;
#3892 = DIRECTION ( 'NONE',  ( 0.000000000000000000, 1.000000000000000000, 0.000000000000000000 ) ) ;
#3893 = DIRECTION ( 'NONE',  ( -1.084202172485504434E-16, 0.000000000000000000, -1.000000000000000000 ) ) ;
#3894 = DIRECTION ( 'NONE',  ( -9.082321863752915673E-17, -0.000000000000000000, 1.000000000000000000 ) ) ;
#3895 = ORIENTED_EDGE ( 'NONE', *, *, #4673, .T. ) ;
#3896 = EDGE_CURVE ( 'NONE', #2175, #5156, #5147, .T. ) ;
#3897 = LINE ( 'NONE', #4786, #98 ) ;
#3898 = ORIENTED_EDGE ( 'NONE', *, *, #2044, .F. ) ;
#3899 = ORIENTED_EDGE ( 'NONE', *, *, #1124, .F. ) ;
#3900 = VECTOR ( 'NONE', #2698, 1000.000000000000000 ) ;
#3901 = FACE_OUTER_BOUND ( 'NONE', #4625, .T. ) ;
#3902 = AXIS2_PLACEMENT_3D ( 'NONE', #5275, #2211, #3933 ) ;
#3903 = ORIENTED_EDGE ( 'NONE', *, *, #3646, .F. ) ;
#3904 = CARTESIAN_POINT ( 'NONE',  ( -16.00000000000000355, -1.260317096475860321, -21.57537424984309027 ) ) ;
#3905 = VERTEX_POINT ( 'NONE', #587 ) ;
#3906 = DIRECTION ( 'NONE',  ( 0.000000000000000000, 0.000000000000000000, 1.000000000000000000 ) ) ;
#3907 = CARTESIAN_POINT ( 'NONE',  ( 4.819841155339544159, -2.761276782429340049, -19.32109558073107536 ) ) ;
#3908 = VECTOR ( 'NONE', #5063, 1000.000000000000000 ) ;
#3909 = EDGE_CURVE ( 'NONE', #3083, #1395, #4745, .T. ) ;
#3910 = CARTESIAN_POINT ( 'NONE',  ( -17.37199030888784179, -2.681343701766041754, 16.25966212245538145 ) ) ;
#3911 = VERTEX_POINT ( 'NONE', #5224 ) ;
#3912 = LINE ( 'NONE', #1794, #3944 ) ;
#3913 = SURFACE_SIDE_STYLE ('',( #2084 ) ) ;
#3914 = EDGE_CURVE ( 'NONE', #1614, #1759, #867, .T. ) ;
#3915 = CARTESIAN_POINT ( 'NONE',  ( -17.36765182934637153, -2.681282637094457577, 16.26269160051335305 ) ) ;
#3916 = CARTESIAN_POINT ( 'NONE',  ( -17.36694975814085495, -2.761276782429340493, 17.98344723064404249 ) ) ;
#3917 = CARTESIAN_POINT ( 'NONE',  ( -17.59666581547118014, -2.761276782429342269, -1.128485578551360335 ) ) ;
#3918 = CYLINDRICAL_SURFACE ( 'NONE', #1778, 2.475374249843086183 ) ;
#3919 = DIRECTION ( 'NONE',  ( -1.000000000000000000, -0.000000000000000000, -1.084202172485504434E-16 ) ) ;
#3920 = EDGE_CURVE ( 'NONE', #3911, #75, #332, .T. ) ;
#3921 = FACE_OUTER_BOUND ( 'NONE', #5320, .T. ) ;
#3922 = EDGE_LOOP ( 'NONE', ( #3249, #2423 ) ) ;
#3923 = DIRECTION ( 'NONE',  ( 1.000000000000000000, 0.000000000000000000, -1.501925087425806872E-16 ) ) ;
#3924 = ORIENTED_EDGE ( 'NONE', *, *, #4390, .T. ) ;
#3925 = CARTESIAN_POINT ( 'NONE',  ( -17.16836100029475887, -3.421243321537742688, 17.13532376869502016 ) ) ;
#3926 = DIRECTION ( 'NONE',  ( -9.082321863752915673E-17, -0.000000000000000000, 1.000000000000000000 ) ) ;
#3927 = ORIENTED_EDGE ( 'NONE', *, *, #3360, .T. ) ;
#3928 = CARTESIAN_POINT ( 'NONE',  ( -16.34466875105967887, -2.384519795513918794, 18.24633386066200558 ) ) ;
#3929 = VERTEX_POINT ( 'NONE', #5196 ) ;
#3930 = CARTESIAN_POINT ( 'NONE',  ( -16.17586025187432597, -2.454774288023112927, 18.65883793865164364 ) ) ;
#3931 = DIRECTION ( 'NONE',  ( -0.000000000000000000, 1.000000000000000000, -0.000000000000000000 ) ) ;
#3932 = ADVANCED_FACE ( 'NONE', ( #2720 ), #61, .F. ) ;
#3933 = DIRECTION ( 'NONE',  ( 0.000000000000000000, 0.000000000000000000, -1.000000000000000000 ) ) ;
#3934 = ORIENTED_EDGE ( 'NONE', *, *, #2249, .F. ) ;
#3935 = DIRECTION ( 'NONE',  ( -1.000000000000000000, -0.000000000000000000, -1.084202172485504434E-16 ) ) ;
#3936 = CARTESIAN_POINT ( 'NONE',  ( -16.17586025187432597, -2.461276782429339782, 1.690118434263677694 ) ) ;
#3937 = AXIS2_PLACEMENT_3D ( 'NONE', #2349, #169, #3181 ) ;
#3938 = AXIS2_PLACEMENT_3D ( 'NONE', #3076, #3923, #90 ) ;
#3939 = LINE ( 'NONE', #4807, #3355 ) ;
#3940 = AXIS2_PLACEMENT_3D ( 'NONE', #1814, #4008, #184 ) ;
#3941 = DIRECTION ( 'NONE',  ( -0.000000000000000000, -1.000000000000000000, -0.000000000000000000 ) ) ;
#3942 = CARTESIAN_POINT ( 'NONE',  ( 4.581335389469930242, -2.741474315421164931, -19.46446299800171786 ) ) ;
#3943 = ADVANCED_FACE ( 'NONE', ( #4827 ), #2634, .F. ) ;
#3944 = VECTOR ( 'NONE', #5226, 1000.000000000000000 ) ;
#3945 = TOROIDAL_SURFACE ( 'NONE', #2683, 1.850000000000000533, 0.5000000000000000000 ) ;
#3946 = CARTESIAN_POINT ( 'NONE',  ( -16.39643796601611569, -2.605314419040076768, 18.34983982138296454 ) ) ;
#3947 = CARTESIAN_POINT ( 'NONE',  ( -17.43372062083370011, -2.761276782429340937, 18.12848557855134146 ) ) ;
#3948 = CARTESIAN_POINT ( 'NONE',  ( -17.43372062083369656, -2.461276782429340670, -19.09999999999999787 ) ) ;
#3949 = VECTOR ( 'NONE', #131, 1000.000000000000000 ) ;
#3950 = CARTESIAN_POINT ( 'NONE',  ( 0.000000000000000000, -2.461276782429340670, -20.53372062083369798 ) ) ;
#3951 = ADVANCED_FACE ( 'NONE', ( #529 ), #3987, .F. ) ;
#3952 = CARTESIAN_POINT ( 'NONE',  ( -18.06941726076510335, -2.032823297542472041, 17.00000000000011369 ) ) ;
#3953 = ORIENTED_EDGE ( 'NONE', *, *, #744, .T. ) ;
#3954 = EDGE_CURVE ( 'NONE', #4014, #2767, #1739, .T. ) ;
#3955 = CARTESIAN_POINT ( 'NONE',  ( -18.06682382297187672, -0.9057063555672495436, -19.09999999999999787 ) ) ;
#3956 = EDGE_LOOP ( 'NONE', ( #631, #2158, #2973, #3407 ) ) ;
#3957 = CARTESIAN_POINT ( 'NONE',  ( -17.36694975814089048, -2.761276782429340493, -17.98344723064433026 ) ) ;
#3958 = ORIENTED_EDGE ( 'NONE', *, *, #5006, .T. ) ;
#3959 = CARTESIAN_POINT ( 'NONE',  ( -17.24905748608686551, -2.634907256873702863, -17.69228892488507654 ) ) ;
#3960 = ORIENTED_EDGE ( 'NONE', *, *, #3775, .T. ) ;
#3961 = DIRECTION ( 'NONE',  ( 0.000000000000000000, 0.000000000000000000, 1.000000000000000000 ) ) ;
#3962 = CARTESIAN_POINT ( 'NONE',  ( 0.000000000000000000, -2.761276782429341381, -19.57586025187432810 ) ) ;
#3963 = VERTEX_POINT ( 'NONE', #559 ) ;
#3964 = PLANE ( 'NONE',  #3182 ) ;
#3965 = ORIENTED_EDGE ( 'NONE', *, *, #2624, .F. ) ;
#3966 = CARTESIAN_POINT ( 'NONE',  ( 20.00000000000000355, 1.000000000000000000, 19.10000000000000142 ) ) ;
#3967 = DIRECTION ( 'NONE',  ( 1.000000000000000000, 0.000000000000000000, 1.084202172485504434E-16 ) ) ;
#3968 = CARTESIAN_POINT ( 'NONE',  ( -17.36694975814089048, -2.761276782429340493, -17.98344723064433026 ) ) ;
#3969 = DIRECTION ( 'NONE',  ( -1.000000000000000000, -0.000000000000000000, -1.084202172485504434E-16 ) ) ;
#3970 = CARTESIAN_POINT ( 'NONE',  ( -15.99999999999999289, -0.6220286093256309767, 20.96442984884771832 ) ) ;
#3971 = DIRECTION ( 'NONE',  ( -1.000000000000000000, 0.000000000000000000, 3.577867169202174099E-15 ) ) ;
#3972 = FACE_OUTER_BOUND ( 'NONE', #210, .T. ) ;
#3973 = CARTESIAN_POINT ( 'NONE',  ( -16.17586025187432242, -2.761276782429340493, -1.722124536709167320 ) ) ;
#3974 = ADVANCED_FACE ( 'NONE', ( #2245 ), #3964, .F. ) ;
#3975 = CARTESIAN_POINT ( 'NONE',  ( -17.58754440362148230, -2.684375009530360678, -17.89085171384693140 ) ) ;
#3976 = FACE_OUTER_BOUND ( 'NONE', #2575, .T. ) ;
#3977 = VERTEX_POINT ( 'NONE', #1407 ) ;
#3978 = EDGE_CURVE ( 'NONE', #2450, #4600, #1436, .T. ) ;
#3979 = CARTESIAN_POINT ( 'NONE',  ( 15.80000000000035598, -2.761276782429340937, 16.99999999999988987 ) ) ;
#3980 = LINE ( 'NONE', #3532, #4923 ) ;
#3981 = VERTEX_POINT ( 'NONE', #1464 ) ;
#3982 = CARTESIAN_POINT ( 'NONE',  ( -16.18667063810956819, -2.637089349345766554, 18.46301901197320916 ) ) ;
#3983 = VERTEX_POINT ( 'NONE', #4049 ) ;
#3984 = CARTESIAN_POINT ( 'NONE',  ( 4.518023911067345466, -2.689053267792209212, -19.37673444188002492 ) ) ;
#3985 = CARTESIAN_POINT ( 'NONE',  ( -17.43372062083369656, -2.761276782429340493, -15.87151442144819136 ) ) ;
#3986 = AXIS2_PLACEMENT_3D ( 'NONE', #4889, #3941, #3095 ) ;
#3987 = CYLINDRICAL_SURFACE ( 'NONE', #3902, 0.5000000000000004441 ) ;
#3988 = ORIENTED_EDGE ( 'NONE', *, *, #4942, .F. ) ;
#3989 = CARTESIAN_POINT ( 'NONE',  ( -17.43372062083371077, -2.761276782429340493, 15.92725361414956353 ) ) ;
#3990 = TOROIDAL_SURFACE ( 'NONE', #3640, 1.850000000000000533, 0.5000000000000000000 ) ;
#3991 = DIRECTION ( 'NONE',  ( 0.000000000000000000, 0.000000000000000000, 1.000000000000000000 ) ) ;
#3992 = EDGE_CURVE ( 'NONE', #1905, #3983, #1909, .T. ) ;
#3993 = CARTESIAN_POINT ( 'NONE',  ( -15.99999999999999289, -2.461276782429340670, 20.53372062083370153 ) ) ;
#3994 = CARTESIAN_POINT ( 'NONE',  ( -16.17586025187432597, -2.674574700801752414, 1.527359293669906526 ) ) ;
#3995 = DIRECTION ( 'NONE',  ( 1.000000000000000000, 0.000000000000000000, 1.310874163206655416E-16 ) ) ;
#3996 = DIRECTION ( 'NONE',  ( 0.000000000000000000, 1.000000000000000000, 0.000000000000000000 ) ) ;
#3997 = DIRECTION ( 'NONE',  ( 1.000000000000000000, -0.000000000000000000, 2.168404344971008868E-16 ) ) ;
#3998 = LINE ( 'NONE', #172, #2672 ) ;
#3999 = CIRCLE ( 'NONE', #1399, 2.272980275718927690 ) ;
#4000 = CARTESIAN_POINT ( 'NONE',  ( -16.99451589930854922, -2.497524331345317261, -16.28592923395054370 ) ) ;
#4001 = VECTOR ( 'NONE', #5039, 1000.000000000000000 ) ;
#4002 = EDGE_CURVE ( 'NONE', #385, #4966, #4882, .T. ) ;
#4003 = CARTESIAN_POINT ( 'NONE',  ( -16.28410836283669383, -2.335824805664810100, -15.72755431583716401 ) ) ;
#4004 = ORIENTED_EDGE ( 'NONE', *, *, #5288, .T. ) ;
#4005 = CARTESIAN_POINT ( 'NONE',  ( -16.17586025187432597, -2.408774909682610765, 15.55908221237440081 ) ) ;
#4006 = CARTESIAN_POINT ( 'NONE',  ( -17.14999999999982094, -1.760630054847579284, -0.07424896174063415344 ) ) ;
#4007 = ORIENTED_EDGE ( 'NONE', *, *, #335, .F. ) ;
#4008 = DIRECTION ( 'NONE',  ( -1.000000000000000000, 0.000000000000000000, -1.084202172485504434E-16 ) ) ;
#4009 = EDGE_CURVE ( 'NONE', #3872, #3027, #4474, .T. ) ;
#4010 = ORIENTED_EDGE ( 'NONE', *, *, #4979, .T. ) ;
#4011 = CARTESIAN_POINT ( 'NONE',  ( -17.36694975814087272, -2.761276782429340493, 0.9834472306442885170 ) ) ;
#4012 = CARTESIAN_POINT ( 'NONE',  ( -16.00000000000000355, -1.481793111022802201, -19.09999999999999787 ) ) ;
#4013 = AXIS2_PLACEMENT_3D ( 'NONE', #5357, #4533, #1554 ) ;
#4014 = VERTEX_POINT ( 'NONE', #1637 ) ;
#4015 = DIRECTION ( 'NONE',  ( 0.000000000000000000, 0.000000000000000000, 1.000000000000000000 ) ) ;
#4016 = VERTEX_POINT ( 'NONE', #1 ) ;
#4017 = DIRECTION ( 'NONE',  ( 1.000000000000000000, 0.000000000000000000, 0.000000000000000000 ) ) ;
#4018 = ADVANCED_FACE ( 'NONE', ( #54 ), #1214, .T. ) ;
#4019 = LINE ( 'NONE', #3626, #3160 ) ;
#4020 = CARTESIAN_POINT ( 'NONE',  ( -17.36694975814085851, -2.761276782429340493, 16.01655276935618133 ) ) ;
#4021 = DIRECTION ( 'NONE',  ( 0.5621025027274789698, 1.445602896647337733E-15, 0.8270675766994524114 ) ) ;
#4022 = EDGE_CURVE ( 'NONE', #4676, #3757, #3375, .T. ) ;
#4023 = CARTESIAN_POINT ( 'NONE',  ( -16.47586025187433023, -2.761276782429341381, 18.72212453670931609 ) ) ;
#4024 = VERTEX_POINT ( 'NONE', #4672 ) ;
#4025 = CARTESIAN_POINT ( 'NONE',  ( -17.15000000000000213, -1.760630054841080261, -16.99999999999988987 ) ) ;
#4026 = CARTESIAN_POINT ( 'NONE',  ( -16.39643796601617964, -2.605314419040138940, -18.34983982138292902 ) ) ;
#4027 = CARTESIAN_POINT ( 'NONE',  ( 4.500000000000283329, -2.596379537972897111, 19.30504370088175392 ) ) ;
#4028 = CARTESIAN_POINT ( 'NONE',  ( 16.00000000000000000, 0.000000000000000000, -19.09999999999999787 ) ) ;
#4029 = AXIS2_PLACEMENT_3D ( 'NONE', #3993, #3570, #3152 ) ;
#4030 = CYLINDRICAL_SURFACE ( 'NONE', #2028, 4.000000000000000000 ) ;
#4031 = VECTOR ( 'NONE', #4333, 1000.000000000000000 ) ;
#4032 = LINE ( 'NONE', #209, #2982 ) ;
#4033 = ORIENTED_EDGE ( 'NONE', *, *, #4567, .T. ) ;
#4034 = ADVANCED_FACE ( 'NONE', ( #2085 ), #5327, .T. ) ;
#4035 = AXIS2_PLACEMENT_3D ( 'NONE', #1492, #3201, #674 ) ;
#4036 = VECTOR ( 'NONE', #2374, 1000.000000000000000 ) ;
#4037 = CYLINDRICAL_SURFACE ( 'NONE', #3196, 0.3000000000000016542 ) ;
#4038 = VERTEX_POINT ( 'NONE', #4726 ) ;
#4039 = CARTESIAN_POINT ( 'NONE',  ( -17.14999999999982094, -3.449535428910371238, 1.131244028434111838E-13 ) ) ;
#4040 = ORIENTED_EDGE ( 'NONE', *, *, #3875, .T. ) ;
#4041 = CARTESIAN_POINT ( 'NONE',  ( -16.95338979416955993, -2.370193824687117701, -17.70520044416526062 ) ) ;
#4042 = VERTEX_POINT ( 'NONE', #896 ) ;
#4043 = CARTESIAN_POINT ( 'NONE',  ( 16.00000000000000000, -0.6220286093256309767, -19.09999999999999787 ) ) ;
#4044 = DIRECTION ( 'NONE',  ( 0.000000000000000000, 0.000000000000000000, 1.000000000000000000 ) ) ;
#4045 = EDGE_CURVE ( 'NONE', #2848, #2073, #2139, .T. ) ;
#4046 = EDGE_CURVE ( 'NONE', #75, #4206, #1227, .T. ) ;
#4047 =( BOUNDED_CURVE ( )  B_SPLINE_CURVE ( 3, ( #2517, #2541, #6, #3410 ),
 .UNSPECIFIED., .F., .T. ) 
 B_SPLINE_CURVE_WITH_KNOTS ( ( 4, 4 ),
 ( 4.547334590914308666E-30, 0.6017022827457958467 ),
 .UNSPECIFIED. ) 
 CURVE ( )  GEOMETRIC_REPRESENTATION_ITEM ( )  RATIONAL_B_SPLINE_CURVE ( ( 1.000000000000000000, 0.9700564090925432037, 0.9700564090925432037, 1.000000000000000000 ) ) 
 REPRESENTATION_ITEM ( '' )  );
#4048 = ORIENTED_EDGE ( 'NONE', *, *, #814, .F. ) ;
#4049 = CARTESIAN_POINT ( 'NONE',  ( 18.47537424984308885, -1.260317096475860321, 19.09999999999999432 ) ) ;
#4050 = ORIENTED_EDGE ( 'NONE', *, *, #5037, .T. ) ;
#4051 = CARTESIAN_POINT ( 'NONE',  ( -17.51874846712258105, -2.761276782429292087, -16.05233445680673299 ) ) ;
#4052 = CARTESIAN_POINT ( 'NONE',  ( -18.06682382297187317, -0.9057063555672495436, 19.10000000000000497 ) ) ;
#4053 = FACE_OUTER_BOUND ( 'NONE', #3418, .T. ) ;
#4054 = EDGE_CURVE ( 'NONE', #691, #1300, #188, .T. ) ;
#4055 = DIRECTION ( 'NONE',  ( -9.082321863752915673E-17, -0.000000000000000000, 1.000000000000000000 ) ) ;
#4056 = FACE_OUTER_BOUND ( 'NONE', #2935, .T. ) ;
#4057 = ORIENTED_EDGE ( 'NONE', *, *, #883, .T. ) ;
#4058 = LINE ( 'NONE', #261, #1427 ) ;
#4059 = CARTESIAN_POINT ( 'NONE',  ( 16.00000000000000355, -2.624592728049848667, 19.10000000000000142 ) ) ;
#4060 = PLANE ( 'NONE',  #1693 ) ;
#4061 = CARTESIAN_POINT ( 'NONE',  ( -16.17586025187432597, -2.674574700801748417, -1.527359293669683593 ) ) ;
#4062 = EDGE_CURVE ( 'NONE', #4195, #1843, #4695, .T. ) ;
#4063 = AXIS2_PLACEMENT_3D ( 'NONE', #5518, #2890, #4638 ) ;
#4064 = DIRECTION ( 'NONE',  ( 0.8270675766993541567, 0.000000000000000000, -0.5621025027276234098 ) ) ;
#4065 = DIRECTION ( 'NONE',  ( -1.000000000000000000, -0.000000000000000000, -1.084202172485504434E-16 ) ) ;
#4066 = ORIENTED_EDGE ( 'NONE', *, *, #64, .T. ) ;
#4067 = ADVANCED_FACE ( 'NONE', ( #2057 ), #3404, .T. ) ;
#4068 = CARTESIAN_POINT ( 'NONE',  ( 15.80000000000035598, -7.000000000000000000, 16.99999999999988987 ) ) ;
#4069 = ORIENTED_EDGE ( 'NONE', *, *, #1496, .F. ) ;
#4070 = FACE_OUTER_BOUND ( 'NONE', #2605, .T. ) ;
#4071 = ORIENTED_EDGE ( 'NONE', *, *, #2482, .F. ) ;
#4072 = ORIENTED_EDGE ( 'NONE', *, *, #4895, .T. ) ;
#4073 = CARTESIAN_POINT ( 'NONE',  ( 4.499999999999991118, -2.557572012912793014, -19.29173487710794177 ) ) ;
#4074 = CARTESIAN_POINT ( 'NONE',  ( -16.17586025187432597, -2.441904586412965816, 15.37046975505648838 ) ) ;
#4075 = ORIENTED_EDGE ( 'NONE', *, *, #2537, .T. ) ;
#4076 = CARTESIAN_POINT ( 'NONE',  ( -16.47586025187432668, -2.461276782429340670, -19.09999999999999787 ) ) ;
#4077 = EDGE_CURVE ( 'NONE', #2955, #1238, #2244, .T. ) ;
#4078 = DIRECTION ( 'NONE',  ( -9.082321863752915673E-17, -0.000000000000000000, 1.000000000000000000 ) ) ;
#4079 = ADVANCED_FACE ( 'NONE', ( #5476 ), #4826, .T. ) ;
#4080 = LINE ( 'NONE', #1089, #894 ) ;
#4081 = CIRCLE ( 'NONE', #1648, 0.2999999999999981570 ) ;
#4082 =( BOUNDED_CURVE ( )  B_SPLINE_CURVE ( 3, ( #3754, #5454, #537, #2543 ),
 .UNSPECIFIED., .F., .T. ) 
 B_SPLINE_CURVE_WITH_KNOTS ( ( 4, 4 ),
 ( 9.082321863752918138E-17, 0.6560507532996213698 ),
 .UNSPECIFIED. ) 
 CURVE ( )  GEOMETRIC_REPRESENTATION_ITEM ( )  RATIONAL_B_SPLINE_CURVE ( ( 1.000000000000000000, 0.9644535744459812321, 0.9644535744459812321, 1.000000000000000000 ) ) 
 REPRESENTATION_ITEM ( '' )  );
#4083 = FACE_OUTER_BOUND ( 'NONE', #108, .T. ) ;
#4084 = DIRECTION ( 'NONE',  ( 0.000000000000000000, 0.000000000000000000, 1.000000000000000000 ) ) ;
#4085 = ORIENTED_EDGE ( 'NONE', *, *, #3024, .F. ) ;
#4086 = DIRECTION ( 'NONE',  ( -9.094662105996551138E-17, 0.5443864854016888799, 0.8388345215309136460 ) ) ;
#4087 = AXIS2_PLACEMENT_3D ( 'NONE', #3041, #924, #114 ) ;
#4088 = EDGE_CURVE ( 'NONE', #2854, #4983, #2190, .T. ) ;
#4089 = CARTESIAN_POINT ( 'NONE',  ( -16.17586025187432242, 0.000000000000000000, -18.62953024494370524 ) ) ;
#4090 = CARTESIAN_POINT ( 'NONE',  ( 4.673873673824918029, -2.759704057986727133, 19.53704501832558904 ) ) ;
#4091 = DIRECTION ( 'NONE',  ( -0.000000000000000000, 1.000000000000000000, -0.000000000000000000 ) ) ;
#4092 = VECTOR ( 'NONE', #456, 1000.000000000000000 ) ;
#4093 = CARTESIAN_POINT ( 'NONE',  ( -17.89570055624939826, -2.300499980601262262, -17.78925722619125693 ) ) ;
#4094 = CARTESIAN_POINT ( 'NONE',  ( -17.43372062083370011, -2.761276782429340493, 19.10000000000000497 ) ) ;
#4095 = ORIENTED_EDGE ( 'NONE', *, *, #801, .F. ) ;
#4096 = CARTESIAN_POINT ( 'NONE',  ( -17.36694975814085495, -2.761276782429340493, 16.01655276935618133 ) ) ;
#4097 = ORIENTED_EDGE ( 'NONE', *, *, #5442, .T. ) ;
#4098 = CARTESIAN_POINT ( 'NONE',  ( -16.91290387186572630, -2.261276782429341825, 17.76416292240965689 ) ) ;
#4099 = CIRCLE ( 'NONE', #5515, 2.066823822971873614 ) ;
#4100 = ORIENTED_EDGE ( 'NONE', *, *, #2297, .F. ) ;
#4101 = ORIENTED_EDGE ( 'NONE', *, *, #545, .F. ) ;
#4102 = DIRECTION ( 'NONE',  ( -0.000000000000000000, 1.000000000000000000, -0.000000000000000000 ) ) ;
#4103 = CARTESIAN_POINT ( 'NONE',  ( -16.00000000000000355, -0.9057063555672495436, -21.16682382297187459 ) ) ;
#4104 = ADVANCED_FACE ( 'NONE', ( #1763 ), #199, .F. ) ;
#4105 = ORIENTED_EDGE ( 'NONE', *, *, #4868, .T. ) ;
#4106 = CARTESIAN_POINT ( 'NONE',  ( -17.43372062083370011, -2.761276782429340493, 15.87151442144887170 ) ) ;
#4107 = AXIS2_PLACEMENT_3D ( 'NONE', #4771, #2630, #3143 ) ;
#4108 = CARTESIAN_POINT ( 'NONE',  ( -18.06682382297186962, -0.9057063555672495436, -19.09999999999999787 ) ) ;
#4109 = CARTESIAN_POINT ( 'NONE',  ( -17.14999999999964686, -1.760630054841630265, 17.00000000000011369 ) ) ;
#4110 = PRODUCT_RELATED_PRODUCT_CATEGORY ( 'part', '', ( #4465 ) ) ;
#4111 = CARTESIAN_POINT ( 'NONE',  ( -16.17586025187432242, -2.441904586412984468, -15.37046975505607449 ) ) ;
#4113 = EDGE_CURVE ( 'NONE', #5276, #5004, #5409, .T. ) ;
#4112 = CARTESIAN_POINT ( 'NONE',  ( -16.47586025187433023, -2.461276782429339782, 1.722124536709384257 ) ) ;
#4114 = ORIENTED_EDGE ( 'NONE', *, *, #3385, .T. ) ;
#4115 = CARTESIAN_POINT ( 'NONE',  ( -17.86442984884771334, 0.000000000000000000, -19.09999999999999787 ) ) ;
#4116 = CARTESIAN_POINT ( 'NONE',  ( 15.80000000000000071, 0.000000000000000000, -18.35000000000010800 ) ) ;
#4117 = CARTESIAN_POINT ( 'NONE',  ( -17.26040677610952656, -3.279411780187869496, -0.2134954826153494800 ) ) ;
#4118 = LINE ( 'NONE', #2403, #2046 ) ;
#4119 = EDGE_CURVE ( 'NONE', #4522, #2448, #975, .T. ) ;
#4121 = ADVANCED_FACE ( 'NONE', ( #2697 ), #510, .T. ) ;
#4120 = CARTESIAN_POINT ( 'NONE',  ( -17.36694975814088338, -2.761276782429340937, -16.01655276935544947 ) ) ;
#4122 = EDGE_CURVE ( 'NONE', #4433, #3331, #3443, .T. ) ;
#4123 = CARTESIAN_POINT ( 'NONE',  ( -18.06682382297186962, -0.9057063555672495436, -19.09999999999999787 ) ) ;
#4124 = VERTEX_POINT ( 'NONE', #3968 ) ;
#4125 = AXIS2_PLACEMENT_3D ( 'NONE', #1516, #2009, #5048 ) ;
#4126 = VECTOR ( 'NONE', #669, 1000.000000000000000 ) ;
#4127 = AXIS2_PLACEMENT_3D ( 'NONE', #5482, #5071, #793 ) ;
#4128 = EDGE_CURVE ( 'NONE', #5516, #4203, #4351, .T. ) ;
#4129 = LINE ( 'NONE', #1263, #4634 ) ;
#4130 = VERTEX_POINT ( 'NONE', #1383 ) ;
#4131 = CARTESIAN_POINT ( 'NONE',  ( -17.66171820424964167, -2.661038824877631548, 15.99439653486038182 ) ) ;
#4132 = SHAPE_DEFINITION_REPRESENTATION ( #5349, #3412 ) ;
#4133 = VECTOR ( 'NONE', #3935, 1000.000000000000000 ) ;
#4134 = VECTOR ( 'NONE', #5258, 1000.000000000000000 ) ;
#4135 = EDGE_LOOP ( 'NONE', ( #719, #3876, #1545, #4072 ) ) ;
#4136 = CARTESIAN_POINT ( 'NONE',  ( -16.43914126488116878, -2.261276782429340493, 15.81088333477098296 ) ) ;
#4137 = ADVANCED_FACE ( 'NONE', ( #4835 ), #4451, .F. ) ;
#4138 = ORIENTED_EDGE ( 'NONE', *, *, #762, .F. ) ;
#4139 = DIRECTION ( 'NONE',  ( -0.000000000000000000, 0.9470845825546196917, 0.3209841016115006496 ) ) ;
#4140 = DIRECTION ( 'NONE',  ( 0.000000000000000000, 0.000000000000000000, 1.000000000000000000 ) ) ;
#4141 = CARTESIAN_POINT ( 'NONE',  ( -16.17586025187432597, -2.454777406777472581, 18.65884496313640994 ) ) ;
#4142 = FACE_OUTER_BOUND ( 'NONE', #2531, .T. ) ;
#4143 = EDGE_LOOP ( 'NONE', ( #2362, #355, #784, #4048 ) ) ;
#4144 = CARTESIAN_POINT ( 'NONE',  ( -17.15000000000000213, -1.760630054841077818, -16.72506763437896282 ) ) ;
#4145 = ORIENTED_EDGE ( 'NONE', *, *, #1432, .F. ) ;
#4146 = DIRECTION ( 'NONE',  ( -0.000000000000000000, -1.000000000000000000, -0.000000000000000000 ) ) ;
#4147 = B_SPLINE_CURVE_WITH_KNOTS ( 'NONE', 3,
 ( #109, #1277, #2187, #3011, #1760, #3480 ),
 .UNSPECIFIED., .F., .F.,
 ( 4, 2, 4 ),
 ( -4.778349806722471770E-06, 0.0003867463129946593112, 0.0007782709757960411517 ),
 .UNSPECIFIED. ) ;
#4148 = CARTESIAN_POINT ( 'NONE',  ( -17.15000000000000213, -1.760630054841080261, -16.99999999999988987 ) ) ;
#4149 = DIRECTION ( 'NONE',  ( 0.000000000000000000, -1.000000000000000000, 0.000000000000000000 ) ) ;
#4150 = CARTESIAN_POINT ( 'NONE',  ( -17.36765182934655272, -2.681282637094179577, -0.7373083994866244106 ) ) ;
#4151 = ORIENTED_EDGE ( 'NONE', *, *, #77, .T. ) ;
#4152 = VECTOR ( 'NONE', #1189, 1000.000000000000000 ) ;
#4153 = DIRECTION ( 'NONE',  ( -1.000000000000000000, -0.000000000000000000, -1.084202172485504434E-16 ) ) ;
#4154 = ORIENTED_EDGE ( 'NONE', *, *, #5311, .F. ) ;
#4155 = CARTESIAN_POINT ( 'NONE',  ( -17.36694975814087272, -2.761276782429340493, 0.9834472306442885170 ) ) ;
#4156 = EDGE_CURVE ( 'NONE', #3439, #1521, #3939, .T. ) ;
#4157 = VERTEX_POINT ( 'NONE', #1852 ) ;
#4158 = DIRECTION ( 'NONE',  ( -9.082321863752915673E-17, -0.000000000000000000, 1.000000000000000000 ) ) ;
#4159 = EDGE_LOOP ( 'NONE', ( #1258, #3692, #4100, #588 ) ) ;
#4160 = DIRECTION ( 'NONE',  ( -1.000000000000000000, 0.000000000000000000, 0.000000000000000000 ) ) ;
#4161 = CARTESIAN_POINT ( 'NONE',  ( -17.43372062083370722, -2.761276782429340493, -1.072746385850680051 ) ) ;
#4162 = DIRECTION ( 'NONE',  ( -0.000000000000000000, 1.000000000000000000, -0.000000000000000000 ) ) ;
#4163 = LINE ( 'NONE', #4513, #15 ) ;
#4164 = ORIENTED_EDGE ( 'NONE', *, *, #2464, .F. ) ;
#4165 = CARTESIAN_POINT ( 'NONE',  ( 16.00000000000000711, 0.000000000000000000, 23.10000000000000497 ) ) ;
#4166 = ORIENTED_EDGE ( 'NONE', *, *, #2313, .F. ) ;
#4167 = CARTESIAN_POINT ( 'NONE',  ( 5.000000000000004441, -2.461276782429340670, -19.57586025187432810 ) ) ;
#4168 = B_SPLINE_CURVE_WITH_KNOTS ( 'NONE', 3,
 ( #3547, #2762, #5231, #4026, #1006, #4455 ),
 .UNSPECIFIED., .F., .F.,
 ( 4, 2, 4 ),
 ( -4.529101847664737058E-06, 0.0002885454276274428652, 0.0005816199571025504420 ),
 .UNSPECIFIED. ) ;
#4169 = AXIS2_PLACEMENT_3D ( 'NONE', #1582, #4480, #759 ) ;
#4170 = DIRECTION ( 'NONE',  ( 1.000000000000000000, 0.000000000000000000, 5.782411586589324901E-15 ) ) ;
#4171 = AXIS2_PLACEMENT_3D ( 'NONE', #949, #2218, #4021 ) ;
#4172 = CARTESIAN_POINT ( 'NONE',  ( -17.33388598017366533, -3.166189107258849500, -17.22545804273751457 ) ) ;
#4173 = CARTESIAN_POINT ( 'NONE',  ( -17.25135937711345946, -2.761276782429340049, -0.9085290608147343905 ) ) ;
#4174 = ORIENTED_EDGE ( 'NONE', *, *, #2701, .T. ) ;
#4176 = EDGE_LOOP ( 'NONE', ( #4300, #2100, #3557, #2356 ) ) ;
#4175 = CIRCLE ( 'NONE', #702, 0.3000000000000016542 ) ;
#4177 = CARTESIAN_POINT ( 'NONE',  ( -15.99999999999999645, 0.000000000000000000, 23.10000000000000497 ) ) ;
#4178 = ORIENTED_EDGE ( 'NONE', *, *, #3215, .F. ) ;
#4179 = FACE_OUTER_BOUND ( 'NONE', #443, .T. ) ;
#4180 = ADVANCED_FACE ( 'NONE', ( #619 ), #2668, .F. ) ;
#4181 = EDGE_LOOP ( 'NONE', ( #1092, #2652, #406, #4069, #4935 ) ) ;
#4182 = ORIENTED_EDGE ( 'NONE', *, *, #4022, .F. ) ;
#4183 = DIRECTION ( 'NONE',  ( 1.000000000000000000, 0.000000000000000000, 0.000000000000000000 ) ) ;
#4184 = AXIS2_PLACEMENT_3D ( 'NONE', #1313, #3496, #2093 ) ;
#4185 = EDGE_CURVE ( 'NONE', #4668, #2175, #4395, .T. ) ;
#4186 = ORIENTED_EDGE ( 'NONE', *, *, #999, .F. ) ;
#4187 = FACE_OUTER_BOUND ( 'NONE', #3140, .T. ) ;
#4188 = CYLINDRICAL_SURFACE ( 'NONE', #4063, 1.349999999999996980 ) ;
#4189 = AXIS2_PLACEMENT_3D ( 'NONE', #4754, #3460, #5501 ) ;
#4190 = DIRECTION ( 'NONE',  ( -0.000000000000000000, -0.000000000000000000, -1.000000000000000000 ) ) ;
#4191 = CARTESIAN_POINT ( 'NONE',  ( -16.17586025187432242, 0.000000000000000000, -18.62953024494370524 ) ) ;
#4192 = EDGE_CURVE ( 'NONE', #777, #3678, #650, .T. ) ;
#4193 = VERTEX_POINT ( 'NONE', #166 ) ;
#4194 = CARTESIAN_POINT ( 'NONE',  ( -16.20779129528806095, -2.596317454525749913, -18.41566892944587508 ) ) ;
#4195 = VERTEX_POINT ( 'NONE', #3544 ) ;
#4196 = DIRECTION ( 'NONE',  ( 0.000000000000000000, 0.000000000000000000, 1.000000000000000000 ) ) ;
#4197 = PLANE ( 'NONE',  #65 ) ;
#4198 = CIRCLE ( 'NONE', #5431, 1.864429848847711568 ) ;
#4199 = ADVANCED_FACE ( 'NONE', ( #5253 ), #1411, .T. ) ;
#4200 = DIRECTION ( 'NONE',  ( -0.000000000000000000, -1.000000000000000000, 0.000000000000000000 ) ) ;
#4201 = CARTESIAN_POINT ( 'NONE',  ( -17.10121926213814803, -1.863634338260103718, -17.36720740419772113 ) ) ;
#4202 = CYLINDRICAL_SURFACE ( 'NONE', #3818, 0.3000000000000016542 ) ;
#4203 = VERTEX_POINT ( 'NONE', #2308 ) ;
#4204 = DIRECTION ( 'NONE',  ( -1.000000000000000000, -0.000000000000000000, -1.084202172485504434E-16 ) ) ;
#4205 = CARTESIAN_POINT ( 'NONE',  ( 0.000000000000000000, -2.624592728049849111, -20.78537097729297400 ) ) ;
#4206 = VERTEX_POINT ( 'NONE', #4858 ) ;
#4207 = CARTESIAN_POINT ( 'NONE',  ( 5.034454790014593506, -3.174232591885672861, -19.05487278405362517 ) ) ;
#4208 = ORIENTED_EDGE ( 'NONE', *, *, #999, .T. ) ;
#4209 = ORIENTED_EDGE ( 'NONE', *, *, #4605, .T. ) ;
#4210 = AXIS2_PLACEMENT_3D ( 'NONE', #1486, #326, #1181 ) ;
#4211 = AXIS2_PLACEMENT_3D ( 'NONE', #3742, #5436, #3314 ) ;
#4212 = CARTESIAN_POINT ( 'NONE',  ( -16.17586025187432597, -2.441904586412975142, 1.629530244943827366 ) ) ;
#4213 = VECTOR ( 'NONE', #3391, 1000.000000000000000 ) ;
#4214 = VECTOR ( 'NONE', #253, 1000.000000000000000 ) ;
#4215 = ORIENTED_EDGE ( 'NONE', *, *, #2639, .F. ) ;
#4216 = DIRECTION ( 'NONE',  ( 0.000000000000000000, 0.000000000000000000, 1.000000000000000000 ) ) ;
#4217 = AXIS2_PLACEMENT_3D ( 'NONE', #5176, #4343, #2147 ) ;
#4218 = B_SPLINE_CURVE_WITH_KNOTS ( 'NONE', 3,
 ( #1861, #3643, #1508, #1452, #3163, #4869 ),
 .UNSPECIFIED., .F., .F.,
 ( 4, 2, 4 ),
 ( -4.778349806718134961E-06, 0.0003867463129946563838, 0.0007782709757960309602 ),
 .UNSPECIFIED. ) ;
#4219 = CARTESIAN_POINT ( 'NONE',  ( -16.17586025187432597, 0.000000000000000000, 15.37046975505648660 ) ) ;
#4220 = CARTESIAN_POINT ( 'NONE',  ( 5.034289502553783713, -3.174175393827066927, 19.05523571276655304 ) ) ;
#4221 = EDGE_CURVE ( 'NONE', #3222, #1793, #4392, .T. ) ;
#4222 = EDGE_CURVE ( 'NONE', #586, #3197, #197, .T. ) ;
#4223 = AXIS2_PLACEMENT_3D ( 'NONE', #5326, #3653, #2300 ) ;
#4224 = AXIS2_PLACEMENT_3D ( 'NONE', #3176, #2275, #2696 ) ;
#4225 = LINE ( 'NONE', #604, #2322 ) ;
#4226 = EDGE_LOOP ( 'NONE', ( #5438, #1729, #1286, #1082 ) ) ;
#4227 = VECTOR ( 'NONE', #3817, 1000.000000000000000 ) ;
#4228 = CARTESIAN_POINT ( 'NONE',  ( -17.06852840518268621, -1.932663599452901337, 0.5375160378167489483 ) ) ;
#4229 = VERTEX_POINT ( 'NONE', #1060 ) ;
#4230 = LINE ( 'NONE', #3745, #379 ) ;
#4231 = EDGE_CURVE ( 'NONE', #5309, #586, #2105, .T. ) ;
#4232 = B_SPLINE_CURVE_WITH_KNOTS ( 'NONE', 3,
 ( #4503, #127, #989, #3560, #96, #3198 ),
 .UNSPECIFIED., .F., .F.,
 ( 4, 2, 4 ),
 ( -4.778349806716971138E-06, 0.0003867463129946570885, 0.0007782709757960310686 ),
 .UNSPECIFIED. ) ;
#4233 = CARTESIAN_POINT ( 'NONE',  ( -17.43372062083369656, -2.461276782429340670, -19.09999999999999787 ) ) ;
#4234 = CARTESIAN_POINT ( 'NONE',  ( -16.43914126488121852, 0.000000000000000000, 1.189116665229309255 ) ) ;
#4235 = DIRECTION ( 'NONE',  ( 0.3253534195861428335, -0.9455924874720629258, 2.954964476154001008E-17 ) ) ;
#4236 = VERTEX_POINT ( 'NONE', #2395 ) ;
#4237 = DIRECTION ( 'NONE',  ( 0.000000000000000000, 0.000000000000000000, 1.000000000000000000 ) ) ;
#4238 = LINE ( 'NONE', #698, #1428 ) ;
#4239 = MECHANICAL_DESIGN_GEOMETRIC_PRESENTATION_REPRESENTATION (  '', ( #3768 ), #4496 ) ;
#4240 = CARTESIAN_POINT ( 'NONE',  ( -19.99999999999999645, 1.000000000000000000, 19.10000000000000142 ) ) ;
#4241 = VERTEX_POINT ( 'NONE', #1090 ) ;
#4242 = CIRCLE ( 'NONE', #1017, 1.864429848847711568 ) ;
#4243 = ORIENTED_EDGE ( 'NONE', *, *, #2126, .F. ) ;
#4244 = CARTESIAN_POINT ( 'NONE',  ( -16.17586025187432242, 0.000000000000000000, -19.09999999999999787 ) ) ;
#4245 = EDGE_CURVE ( 'NONE', #4274, #3033, #4163, .T. ) ;
#4246 = B_SPLINE_CURVE_WITH_KNOTS ( 'NONE', 3,
 ( #2892, #3714, #1163, #363 ),
 .UNSPECIFIED., .F., .F.,
 ( 4, 4 ),
 ( -4.434540387530449861E-06, 0.0005689958006611160572 ),
 .UNSPECIFIED. ) ;
#4247 = EDGE_LOOP ( 'NONE', ( #2411, #4287, #4352 ) ) ;
#4248 = LINE ( 'NONE', #3474, #4213 ) ;
#4249 = DIRECTION ( 'NONE',  ( 0.000000000000000000, 0.000000000000000000, -1.000000000000000000 ) ) ;
#4250 = CARTESIAN_POINT ( 'NONE',  ( 5.093317554454690921, -3.252792138444020598, 19.19775381973323292 ) ) ;
#4251 = CARTESIAN_POINT ( 'NONE',  ( -17.35314942879155709, -3.136506434859815506, 0.1293136234575514854 ) ) ;
#4252 = CARTESIAN_POINT ( 'NONE',  ( -17.14386075605758109, -1.773593541059783840, 16.85150382459619678 ) ) ;
#4253 = CARTESIAN_POINT ( 'NONE',  ( -16.17586025187432242, -2.461276782429340670, -15.27787546329054535 ) ) ;
#4254 = EDGE_LOOP ( 'NONE', ( #3357, #530, #41, #2475 ) ) ;
#4255 =( LENGTH_UNIT ( ) NAMED_UNIT ( * ) SI_UNIT ( .MILLI., .METRE. ) );
#4256 = CARTESIAN_POINT ( 'NONE',  ( 16.00000000000000355, -2.624592728049849111, -20.78537097729297756 ) ) ;
#4257 = DIRECTION ( 'NONE',  ( 0.000000000000000000, 0.000000000000000000, -1.000000000000000000 ) ) ;
#4258 = ADVANCED_FACE ( 'NONE', ( #4142 ), #4444, .T. ) ;
#4259 = CARTESIAN_POINT ( 'NONE',  ( -18.06941726076510335, -2.032823297542471597, 17.00000000000011369 ) ) ;
#4260 = ORIENTED_EDGE ( 'NONE', *, *, #3193, .T. ) ;
#4261 = LINE ( 'NONE', #5204, #2864 ) ;
#4262 = DIRECTION ( 'NONE',  ( 1.723346929033204664E-15, -0.000000000000000000, -1.000000000000000000 ) ) ;
#4263 = CIRCLE ( 'NONE', #3000, 0.3000000000000016542 ) ;
#4264 = LINE ( 'NONE', #1771, #3279 ) ;
#4265 = ORIENTED_EDGE ( 'NONE', *, *, #1397, .T. ) ;
#4266 = CARTESIAN_POINT ( 'NONE',  ( 5.136241408872464831, -2.709078001015614579, -19.26902867910425954 ) ) ;
#4267 = DIRECTION ( 'NONE',  ( 0.000000000000000000, 1.000000000000000000, 0.000000000000000000 ) ) ;
#4268 = EDGE_CURVE ( 'NONE', #492, #4236, #4308, .T. ) ;
#4269 = ORIENTED_EDGE ( 'NONE', *, *, #4592, .F. ) ;
#4270 = ORIENTED_EDGE ( 'NONE', *, *, #1005, .T. ) ;
#4271 = CARTESIAN_POINT ( 'NONE',  ( -18.17537424984308458, -1.260317096475860321, 19.10000000000000497 ) ) ;
#4272 = ORIENTED_EDGE ( 'NONE', *, *, #5011, .T. ) ;
#4273 = B_SPLINE_CURVE_WITH_KNOTS ( 'NONE', 3,
 ( #5267, #3254, #1075, #4155 ),
 .UNSPECIFIED., .F., .F.,
 ( 4, 4 ),
 ( 0.000000000000000000, 0.0001654608312809741555 ),
 .UNSPECIFIED. ) ;
#4274 = VERTEX_POINT ( 'NONE', #2757 ) ;
#4275 = CARTESIAN_POINT ( 'NONE',  ( 4.500000000000003553, -2.461276782429340670, -18.77586025187432384 ) ) ;
#4276 = CARTESIAN_POINT ( 'NONE',  ( 19.99999999999999645, 1.000000000000000000, -19.09999999999999787 ) ) ;
#4277 = CARTESIAN_POINT ( 'NONE',  ( 5.150255358866700384, -2.763135401677427438, 19.28586821511795790 ) ) ;
#4278 = CARTESIAN_POINT ( 'NONE',  ( -17.34091168500295765, -3.155363335666734770, -0.1044917037488893030 ) ) ;
#4279 = AXIS2_PLACEMENT_3D ( 'NONE', #3728, #3328, #770 ) ;
#4280 = DIRECTION ( 'NONE',  ( 1.000000000000000000, 0.000000000000000000, 0.000000000000000000 ) ) ;
#4281 = ORIENTED_EDGE ( 'NONE', *, *, #2157, .F. ) ;
#4282 = CARTESIAN_POINT ( 'NONE',  ( -17.43372062083370011, -2.761276782429340937, 1.128485578551574831 ) ) ;
#4283 = DIRECTION ( 'NONE',  ( 0.000000000000000000, 0.000000000000000000, 1.000000000000000000 ) ) ;
#4284 = CARTESIAN_POINT ( 'NONE',  ( -15.79999999999964722, -2.261276782429340493, 17.00000000000011369 ) ) ;
#4285 = DIRECTION ( 'NONE',  ( 9.082321863752916905E-17, -0.000000000000000000, -1.000000000000000000 ) ) ;
#4286 = CARTESIAN_POINT ( 'NONE',  ( -16.00000000000000355, -2.624592728049848667, -19.09999999999999787 ) ) ;
#4287 = ORIENTED_EDGE ( 'NONE', *, *, #3914, .T. ) ;
#4288 = CIRCLE ( 'NONE', #4013, 1.350000000000000089 ) ;
#4289 = CARTESIAN_POINT ( 'NONE',  ( -17.36694975814085495, -2.761276782429340937, 17.98344723064404249 ) ) ;
#4290 = DIRECTION ( 'NONE',  ( 0.000000000000000000, 0.000000000000000000, 1.000000000000000000 ) ) ;
#4291 = EDGE_CURVE ( 'NONE', #4241, #4326, #2045, .T. ) ;
#4292 = EDGE_CURVE ( 'NONE', #3260, #4735, #4654, .T. ) ;
#4293 = FACE_OUTER_BOUND ( 'NONE', #774, .T. ) ;
#4294 = FACE_OUTER_BOUND ( 'NONE', #4481, .T. ) ;
#4295 = EDGE_LOOP ( 'NONE', ( #936, #4989, #3203, #4336 ) ) ;
#4296 = ORIENTED_EDGE ( 'NONE', *, *, #1901, .F. ) ;
#4297 = CARTESIAN_POINT ( 'NONE',  ( 4.500000000000000888, 0.000000000000000000, 19.27586025187433449 ) ) ;
#4298 = EDGE_CURVE ( 'NONE', #71, #2003, #2677, .T. ) ;
#4299 = EDGE_LOOP ( 'NONE', ( #2199, #3530, #4653, #5462 ) ) ;
#4300 = ORIENTED_EDGE ( 'NONE', *, *, #3322, .F. ) ;
#4301 = CARTESIAN_POINT ( 'NONE',  ( -16.91290387186575472, -2.261276782429340493, 0.7641629224098670514 ) ) ;
#4302 = AXIS2_PLACEMENT_3D ( 'NONE', #3435, #1312, #1363 ) ;
#4303 = ORIENTED_EDGE ( 'NONE', *, *, #398, .F. ) ;
#4304 = B_SPLINE_CURVE_WITH_KNOTS ( 'NONE', 3,
 ( #421, #808, #2107, #3078 ),
 .UNSPECIFIED., .F., .F.,
 ( 4, 4 ),
 ( 0.000000000000000000, 0.0002261942365849931697 ),
 .UNSPECIFIED. ) ;
#4305 = CARTESIAN_POINT ( 'NONE',  ( -16.17586025187432242, -2.461276782429340670, -15.27787546329054535 ) ) ;
#4306 = CARTESIAN_POINT ( 'NONE',  ( -16.91202532835217198, -2.263131894695770807, 0.7690339398516446989 ) ) ;
#4307 = AXIS2_PLACEMENT_3D ( 'NONE', #5109, #4688, #859 ) ;
#4308 = CIRCLE ( 'NONE', #97, 0.5000000000000004441 ) ;
#4309 = TOROIDAL_SURFACE ( 'NONE', #1870, 2.175374249843081031, 0.2999999999999993228 ) ;
#4310 = CARTESIAN_POINT ( 'NONE',  ( -16.39725414339957155, -2.551923107062392226, -18.31101913070956044 ) ) ;
#4311 = ORIENTED_EDGE ( 'NONE', *, *, #5006, .F. ) ;
#4312 = CARTESIAN_POINT ( 'NONE',  ( -16.40038422692443731, -2.448234810786886317, -1.239578777057314563 ) ) ;
#4313 = CARTESIAN_POINT ( 'NONE',  ( -16.00000000000000355, -2.761276782429340493, -20.53372062083370153 ) ) ;
#4314 = AXIS2_PLACEMENT_3D ( 'NONE', #251, #3709, #3278 ) ;
#4315 = CARTESIAN_POINT ( 'NONE',  ( -16.91290387186572630, -2.261276782429341825, 16.23583707759057049 ) ) ;
#4316 = FACE_OUTER_BOUND ( 'NONE', #95, .T. ) ;
#4317 = DIRECTION ( 'NONE',  ( -0.000000000000000000, 1.000000000000000000, -0.000000000000000000 ) ) ;
#4318 = CARTESIAN_POINT ( 'NONE',  ( 1.879908684533884878E-13, 1.000000000000000000, -1.750000000000008438 ) ) ;
#4319 = CARTESIAN_POINT ( 'NONE',  ( -17.43372062083370011, -2.761276782429340493, 18.12848557855133791 ) ) ;
#4320 = EDGE_CURVE ( 'NONE', #1408, #4687, #1134, .T. ) ;
#4321 = CARTESIAN_POINT ( 'NONE',  ( -16.47586025187432668, -2.761276782429340493, -18.72212453670923438 ) ) ;
#4322 = ADVANCED_FACE ( 'NONE', ( #2346, #4083 ), #5384, .T. ) ;
#4323 = CARTESIAN_POINT ( 'NONE',  ( -17.14999999999964686, -1.760630054841630265, 17.00000000000011369 ) ) ;
#4324 = ORIENTED_EDGE ( 'NONE', *, *, #2157, .T. ) ;
#4325 = VECTOR ( 'NONE', #4830, 1000.000000000000000 ) ;
#4326 = VERTEX_POINT ( 'NONE', #3629 ) ;
#4327 = EDGE_LOOP ( 'NONE', ( #1079, #820, #4765, #2186, #5400, #4628, #3080, #273, #4530, #2176, #5523, #245, #2298 ) ) ;
#4328 = ORIENTED_EDGE ( 'NONE', *, *, #5181, .F. ) ;
#4329 = DIRECTION ( 'NONE',  ( 0.000000000000000000, 0.000000000000000000, 1.000000000000000000 ) ) ;
#4330 = EDGE_CURVE ( 'NONE', #1292, #3751, #473, .T. ) ;
#4331 = ORIENTED_EDGE ( 'NONE', *, *, #5288, .F. ) ;
#4332 = CARTESIAN_POINT ( 'NONE',  ( 1.877765552635376824E-13, 1.000000000000000000, 1.750000000000008438 ) ) ;
#4333 = DIRECTION ( 'NONE',  ( -9.082321863752915673E-17, -0.000000000000000000, 1.000000000000000000 ) ) ;
#4334 = CIRCLE ( 'NONE', #1904, 0.3000000000000016542 ) ;
#4335 = DIRECTION ( 'NONE',  ( 0.000000000000000000, 1.000000000000000000, 0.000000000000000000 ) ) ;
#4336 = ORIENTED_EDGE ( 'NONE', *, *, #2843, .T. ) ;
#4337 = CARTESIAN_POINT ( 'NONE',  ( 17.86442984884772045, 0.000000000000000000, -19.09999999999999787 ) ) ;
#4338 = CARTESIAN_POINT ( 'NONE',  ( -16.91290387186576893, -2.261276782429341825, 0.7641629224098437367 ) ) ;
#4339 = CARTESIAN_POINT ( 'NONE',  ( -17.30587230842845514, -2.762465887268515718, 16.19878953632007423 ) ) ;
#4340 = B_SPLINE_CURVE_WITH_KNOTS ( 'NONE', 3,
 ( #5198, #5524, #531, #508 ),
 .UNSPECIFIED., .F., .F.,
 ( 4, 4 ),
 ( 0.000000000000000000, 0.0001656344525717651185 ),
 .UNSPECIFIED. ) ;
#4341 = CARTESIAN_POINT ( 'NONE',  ( -16.45952028543840839, -2.761276782429340493, -1.648457672905918825 ) ) ;
#4342 = CARTESIAN_POINT ( 'NONE',  ( -17.43372079780329997, -2.761276782429340937, -1.073441219860381546 ) ) ;
#4343 = DIRECTION ( 'NONE',  ( -0.000000000000000000, 1.000000000000000000, -0.000000000000000000 ) ) ;
#4344 = FACE_OUTER_BOUND ( 'NONE', #44, .T. ) ;
#4345 = CARTESIAN_POINT ( 'NONE',  ( -16.43914126488121852, -7.000000000000000000, -1.189116665229087433 ) ) ;
#4346 = ORIENTED_EDGE ( 'NONE', *, *, #1473, .T. ) ;
#4347 = CYLINDRICAL_SURFACE ( 'NONE', #552, 0.2999999999999981570 ) ;
#4348 = ORIENTED_EDGE ( 'NONE', *, *, #3613, .F. ) ;
#4349 = AXIS2_PLACEMENT_3D ( 'NONE', #3890, #925, #5066 ) ;
#4350 = LINE ( 'NONE', #3109, #3044 ) ;
#4351 = CIRCLE ( 'NONE', #2465, 0.3000000000000016542 ) ;
#4352 = ORIENTED_EDGE ( 'NONE', *, *, #4665, .F. ) ;
#4353 = DIRECTION ( 'NONE',  ( -0.000000000000000000, -1.000000000000000000, -0.000000000000000000 ) ) ;
#4354 = ORIENTED_EDGE ( 'NONE', *, *, #2271, .F. ) ;
#4355 = CARTESIAN_POINT ( 'NONE',  ( 4.500000000000005329, 0.000000000000000000, -19.27586025187432739 ) ) ;
#4356 = DIRECTION ( 'NONE',  ( 1.000000000000000000, 0.000000000000000000, 0.000000000000000000 ) ) ;
#4357 = AXIS2_PLACEMENT_3D ( 'NONE', #4123, #4235, #3248 ) ;
#4358 = ADVANCED_FACE ( 'NONE', ( #4436 ), #5223, .T. ) ;
#4359 = CARTESIAN_POINT ( 'NONE',  ( 1.877765552635376824E-13, 0.5999999999999937605, 0.000000000000000000 ) ) ;
#4360 = ORIENTED_EDGE ( 'NONE', *, *, #4231, .F. ) ;
#4361 = CARTESIAN_POINT ( 'NONE',  ( -15.99999999999998934, -1.318477165402296203, 21.27537424984308956 ) ) ;
#4362 = DIRECTION ( 'NONE',  ( 0.000000000000000000, 1.000000000000000000, 0.000000000000000000 ) ) ;
#4363 = ADVANCED_FACE ( 'NONE', ( #2326 ), #1014, .F. ) ;
#4364 = DIRECTION ( 'NONE',  ( 1.759699861102127435E-17, 0.000000000000000000, 1.000000000000000000 ) ) ;
#4365 = AXIS2_PLACEMENT_3D ( 'NONE', #5072, #2849, #1154 ) ;
#4366 = DIRECTION ( 'NONE',  ( 0.000000000000000000, 0.000000000000000000, 1.000000000000000000 ) ) ;
#4367 = CARTESIAN_POINT ( 'NONE',  ( 5.000000000000004441, -2.718064063718545142, -18.81819258583062293 ) ) ;
#4368 = CARTESIAN_POINT ( 'NONE',  ( -17.22487302548627497, -3.334165043726748046, 16.79277425350764474 ) ) ;
#4369 = DIRECTION ( 'NONE',  ( -0.000000000000000000, 1.000000000000000000, -0.000000000000000000 ) ) ;
#4370 = LINE ( 'NONE', #2646, #1688 ) ;
#4371 = EDGE_CURVE ( 'NONE', #3475, #1435, #2950, .T. ) ;
#4372 = CARTESIAN_POINT ( 'NONE',  ( -16.92158439726900099, -2.388095029567836036, -16.24847913342351546 ) ) ;
#4373 = CIRCLE ( 'NONE', #1948, 0.2999999999999981570 ) ;
#4374 = CARTESIAN_POINT ( 'NONE',  ( -17.06852840518255832, -1.932663599453076309, 17.53751603781660506 ) ) ;
#4375 = ORIENTED_EDGE ( 'NONE', *, *, #3217, .T. ) ;
#4376 = ORIENTED_EDGE ( 'NONE', *, *, #5406, .F. ) ;
#4377 = FACE_OUTER_BOUND ( 'NONE', #2109, .T. ) ;
#4378 = CARTESIAN_POINT ( 'NONE',  ( -18.06941726076527743, -2.032823297542202035, 1.075299265295709064E-13 ) ) ;
#4379 = EDGE_LOOP ( 'NONE', ( #3234, #4946, #1072 ) ) ;
#4380 = CARTESIAN_POINT ( 'NONE',  ( -16.18449000709804864, -2.420224362160599885, 18.52520060694366677 ) ) ;
#4381 = EDGE_LOOP ( 'NONE', ( #655, #1511, #2888, #478 ) ) ;
#4382 = CARTESIAN_POINT ( 'NONE',  ( -16.17586025187432597, -2.461276782429339782, 18.69011843426360286 ) ) ;
#4383 = DIRECTION ( 'NONE',  ( 1.972843160962271770E-14, 0.000000000000000000, -1.000000000000000000 ) ) ;
#4384 = B_SPLINE_CURVE_WITH_KNOTS ( 'NONE', 3,
 ( #1415, #5232, #171, #2314 ),
 .UNSPECIFIED., .F., .F.,
 ( 4, 4 ),
 ( 0.000000000000000000, 0.0001654608312809982790 ),
 .UNSPECIFIED. ) ;
#4385 = ORIENTED_EDGE ( 'NONE', *, *, #773, .F. ) ;
#4386 = CARTESIAN_POINT ( 'NONE',  ( -15.99999999999998934, -0.9057063555672495436, 21.16682382297187814 ) ) ;
#4387 = ORIENTED_EDGE ( 'NONE', *, *, #3802, .F. ) ;
#4388 = DIRECTION ( 'NONE',  ( 1.000000000000000000, 0.000000000000000000, 0.000000000000000000 ) ) ;
#4389 = AXIS2_PLACEMENT_3D ( 'NONE', #3979, #667, #2292 ) ;
#4390 = EDGE_CURVE ( 'NONE', #4713, #746, #4350, .T. ) ;
#4391 = CARTESIAN_POINT ( 'NONE',  ( -16.42651365871104474, -2.712846292388454206, -15.48944666754871058 ) ) ;
#4392 = B_SPLINE_CURVE_WITH_KNOTS ( 'NONE', 3,
 ( #1026, #2370, #3287, #1581, #5002, #3178 ),
 .UNSPECIFIED., .F., .F.,
 ( 4, 2, 4 ),
 ( -4.743336450999481780E-06, 0.0003861583939548945835, 0.0007770601243607885844 ),
 .UNSPECIFIED. ) ;
#4393 = AXIS2_PLACEMENT_3D ( 'NONE', #4454, #2312, #4196 ) ;
#4394 = AXIS2_PLACEMENT_3D ( 'NONE', #5043, #4626, #3349 ) ;
#4395 = LINE ( 'NONE', #4423, #2281 ) ;
#4396 = CARTESIAN_POINT ( 'NONE',  ( -18.47537424984308885, -1.260317096475860321, -19.09999999999999787 ) ) ;
#4397 = LINE ( 'NONE', #2518, #3130 ) ;
#4398 = VECTOR ( 'NONE', #3720, 1000.000000000000000 ) ;
#4399 = ADVANCED_FACE ( 'NONE', ( #94 ), #1782, .F. ) ;
#4400 = AXIS2_PLACEMENT_3D ( 'NONE', #5056, #4640, #806 ) ;
#4401 = DIRECTION ( 'NONE',  ( -0.000000000000000000, 1.000000000000000000, -0.000000000000000000 ) ) ;
#4402 = FACE_OUTER_BOUND ( 'NONE', #996, .T. ) ;
#4403 = CARTESIAN_POINT ( 'NONE',  ( -16.34466875105951189, -2.384519795513955209, -15.75366613933764270 ) ) ;
#4404 = CARTESIAN_POINT ( 'NONE',  ( -17.68537097729297258, -2.624592728049848667, -18.12848557855159015 ) ) ;
#4405 = CARTESIAN_POINT ( 'NONE',  ( -18.17537424984308814, -1.318477165402296203, -19.09999999999999787 ) ) ;
#4406 = ORIENTED_EDGE ( 'NONE', *, *, #4468, .T. ) ;
#4407 = ORIENTED_EDGE ( 'NONE', *, *, #429, .T. ) ;
#4408 = CYLINDRICAL_SURFACE ( 'NONE', #350, 1.349999999999996980 ) ;
#4409 = ORIENTED_EDGE ( 'NONE', *, *, #4698, .F. ) ;
#4410 = CARTESIAN_POINT ( 'NONE',  ( -17.16836100029494716, -3.421243321537243975, 0.1353237686959695152 ) ) ;
#4411 = ORIENTED_EDGE ( 'NONE', *, *, #3775, .F. ) ;
#4412 = CARTESIAN_POINT ( 'NONE',  ( -16.43914126488116878, -2.261276782429340493, 18.18911666522924264 ) ) ;
#4413 =( BOUNDED_CURVE ( )  B_SPLINE_CURVE ( 3, ( #5229, #3545, #1062, #82 ),
 .UNSPECIFIED., .F., .F. ) 
 B_SPLINE_CURVE_WITH_KNOTS ( ( 4, 4 ),
 ( 5.627134553879805878, 6.283185307179586232 ),
 .UNSPECIFIED. ) 
 CURVE ( )  GEOMETRIC_REPRESENTATION_ITEM ( )  RATIONAL_B_SPLINE_CURVE ( ( 1.000000000000000000, 0.9644535744459641347, 0.9644535744459641347, 1.000000000000000000 ) ) 
 REPRESENTATION_ITEM ( '' )  );
#4414 = ORIENTED_EDGE ( 'NONE', *, *, #2072, .F. ) ;
#4415 = CARTESIAN_POINT ( 'NONE',  ( 4.604926619142499788, -2.756758582063747909, -19.49277668754711357 ) ) ;
#4416 = CARTESIAN_POINT ( 'NONE',  ( -17.24239954929811702, -2.631606310373355129, -17.69036898995809182 ) ) ;
#4417 = ORIENTED_EDGE ( 'NONE', *, *, #4122, .F. ) ;
#4418 = CARTESIAN_POINT ( 'NONE',  ( -16.45952028543841905, -2.761276782429340493, -15.35154232709376920 ) ) ;
#4419 = ORIENTED_EDGE ( 'NONE', *, *, #2486, .F. ) ;
#4420 = CARTESIAN_POINT ( 'NONE',  ( 4.500000000000003553, -2.718064063718547363, -18.81819258583061938 ) ) ;
#4421 = FACE_OUTER_BOUND ( 'NONE', #1168, .T. ) ;
#4422 = AXIS2_PLACEMENT_3D ( 'NONE', #4405, #270, #1101 ) ;
#4423 = CARTESIAN_POINT ( 'NONE',  ( 1.879418825814225786E-13, -7.000000000000000000, -1.350000000000000089 ) ) ;
#4424 = CARTESIAN_POINT ( 'NONE',  ( 4.500000000000005329, -2.461276782429340670, -19.57586025187432810 ) ) ;
#4425 = CARTESIAN_POINT ( 'NONE',  ( -16.17586025187432242, -2.461276782429340670, -1.722124536709165099 ) ) ;
#4426 = LINE ( 'NONE', #1504, #2733 ) ;
#4427 = CARTESIAN_POINT ( 'NONE',  ( 4.742943202478221210, -2.761276782429340937, 19.57586025187433521 ) ) ;
#4428 = CARTESIAN_POINT ( 'NONE',  ( -15.99999999999998934, -1.260317096475860321, 21.57537424984309027 ) ) ;
#4429 = EDGE_CURVE ( 'NONE', #1905, #222, #1371, .T. ) ;
#4430 = FACE_OUTER_BOUND ( 'NONE', #3031, .T. ) ;
#4431 = DIRECTION ( 'NONE',  ( 0.000000000000000000, 1.000000000000000000, 0.000000000000000000 ) ) ;
#4432 = ORIENTED_EDGE ( 'NONE', *, *, #3920, .F. ) ;
#4433 = VERTEX_POINT ( 'NONE', #2237 ) ;
#4434 = EDGE_CURVE ( 'NONE', #3026, #4124, #3731, .T. ) ;
#4435 = CARTESIAN_POINT ( 'NONE',  ( 4.999999999999999112, -2.720832312493716376, 18.81913644042592892 ) ) ;
#4436 = FACE_OUTER_BOUND ( 'NONE', #694, .T. ) ;
#4437 = ORIENTED_EDGE ( 'NONE', *, *, #4320, .T. ) ;
#4438 = CARTESIAN_POINT ( 'NONE',  ( -16.91290387186571920, -2.261276782429340493, 16.23583707759052785 ) ) ;
#4439 = AXIS2_PLACEMENT_3D ( 'NONE', #1848, #3036, #107 ) ;
#4440 = EDGE_LOOP ( 'NONE', ( #4504, #3274, #3675, #2972, #4906 ) ) ;
#4441 = DIRECTION ( 'NONE',  ( 3.577867169202174099E-15, 0.000000000000000000, 1.000000000000000000 ) ) ;
#4442 = CARTESIAN_POINT ( 'NONE',  ( 5.000060956746284369, -2.761276782429340493, -18.82806816572862374 ) ) ;
#4443 = VECTOR ( 'NONE', #5300, 1000.000000000000000 ) ;
#4444 =( BOUNDED_SURFACE ( )  B_SPLINE_SURFACE ( 3, 2, ( 
 ( #314, #3715, #3239 ),
 ( #731, #1941, #2814 ),
 ( #4585, #652, #1995 ),
 ( #2839, #4479, #4111 ) ),
 .UNSPECIFIED., .F., .F., .F. ) 
 B_SPLINE_SURFACE_WITH_KNOTS ( ( 4, 4 ),
 ( 3, 3 ),
 ( 0.0002236592279505752665, 0.0003184753319593364054 ),
 ( 0.000000000000000000, 1.000000000000000000 ),
 .UNSPECIFIED. ) 
 GEOMETRIC_REPRESENTATION_ITEM ( )  RATIONAL_B_SPLINE_SURFACE ( (
 ( 1.000000000000000000, 0.7071067811865475727, 1.000000000000000000),
 ( 1.000000000000000000, 0.7262877011042820907, 1.000000000000000000),
 ( 1.000000000000000000, 0.7452025455529142084, 1.000000000000000000),
 ( 1.000000000000000000, 0.7630493574722414518, 1.000000000000000000) ) ) 
 REPRESENTATION_ITEM ( '' )  SURFACE ( )  );
#4445 = DIRECTION ( 'NONE',  ( 0.000000000000000000, 0.4020662621605379239, -0.9156105726957578517 ) ) ;
#4446 = VERTEX_POINT ( 'NONE', #125 ) ;
#4447 = DIRECTION ( 'NONE',  ( -0.000000000000000000, 1.000000000000000000, -0.000000000000000000 ) ) ;
#4448 = AXIS2_PLACEMENT_3D ( 'NONE', #4988, #3698, #2483 ) ;
#4449 = DIRECTION ( 'NONE',  ( 1.947742533476061059E-15, 0.8388345215309135350, 0.5443864854016887689 ) ) ;
#4450 = CARTESIAN_POINT ( 'NONE',  ( -17.59783774043580706, -2.684519876906088953, 16.10196066091734579 ) ) ;
#4451 = PLANE ( 'NONE',  #5065 ) ;
#4452 = CARTESIAN_POINT ( 'NONE',  ( -17.48062216692526150, -2.682871376733769075, -17.81619167989573782 ) ) ;
#4453 = ORIENTED_EDGE ( 'NONE', *, *, #113, .F. ) ;
#4454 = CARTESIAN_POINT ( 'NONE',  ( 16.00000000000000355, -2.461276782429340670, 19.10000000000000142 ) ) ;
#4455 = CARTESIAN_POINT ( 'NONE',  ( -16.42651365871104474, -2.712846292388454206, -18.51055333245107093 ) ) ;
#4456 = CARTESIAN_POINT ( 'NONE',  ( 4.610518892188291140, -2.749862552626637591, 19.49051557194828277 ) ) ;
#4457 = CYLINDRICAL_SURFACE ( 'NONE', #5010, 2.475374249843089736 ) ;
#4458 = CARTESIAN_POINT ( 'NONE',  ( 16.00000000000000711, -2.624592728049848667, 20.78537097729298466 ) ) ;
#4459 = CARTESIAN_POINT ( 'NONE',  ( -16.47586025187432668, -2.761276782429340493, -19.09999999999999787 ) ) ;
#4460 = EDGE_CURVE ( 'NONE', #2263, #1482, #3980, .T. ) ;
#4461 = ORIENTED_EDGE ( 'NONE', *, *, #4062, .F. ) ;
#4462 = CARTESIAN_POINT ( 'NONE',  ( -15.99999999999999645, -1.318477165402296203, 19.10000000000000497 ) ) ;
#4463 = ORIENTED_EDGE ( 'NONE', *, *, #872, .F. ) ;
#4464 = CARTESIAN_POINT ( 'NONE',  ( -17.74330295098957677, -2.535326479272060674, -1.053862447088457222 ) ) ;
#4465 = PRODUCT ( 'cover1.SLDPRT', 'cover1.SLDPRT', '', ( #2035 ) ) ;
#4466 = EDGE_LOOP ( 'NONE', ( #1460, #3257, #2386, #991 ) ) ;
#4467 = CARTESIAN_POINT ( 'NONE',  ( -16.41590915302655063, -2.346612762632449556, 18.20160375063542091 ) ) ;
#4468 = EDGE_CURVE ( 'NONE', #2372, #4433, #4273, .T. ) ;
#4469 = EDGE_LOOP ( 'NONE', ( #2505, #2547 ) ) ;
#4470 = CARTESIAN_POINT ( 'NONE',  ( -16.17586025187432242, -2.461276782429339782, -1.690118434263456093 ) ) ;
#4471 = CARTESIAN_POINT ( 'NONE',  ( -16.39190915956924499, -2.321167180385221851, 15.78549643586257289 ) ) ;
#4472 = AXIS2_PLACEMENT_3D ( 'NONE', #3853, #1708, #25 ) ;
#4473 = EDGE_LOOP ( 'NONE', ( #3470, #4649, #2738, #4915 ) ) ;
#4474 = LINE ( 'NONE', #642, #781 ) ;
#4475 = EDGE_LOOP ( 'NONE', ( #3816, #5030, #4166, #5268 ) ) ;
#4476 = LINE ( 'NONE', #4916, #2232 ) ;
#4477 = DIRECTION ( 'NONE',  ( -0.000000000000000000, 1.000000000000000000, -0.000000000000000000 ) ) ;
#4478 = CARTESIAN_POINT ( 'NONE',  ( -16.17586025187432597, -2.461276782429340670, 1.722124536709383813 ) ) ;
#4479 = CARTESIAN_POINT ( 'NONE',  ( -16.17586025187432242, -2.674574700801791938, -15.47264070632998312 ) ) ;
#4480 = DIRECTION ( 'NONE',  ( 0.000000000000000000, 0.4020662621607133391, -0.9156105726956809132 ) ) ;
#4481 = EDGE_LOOP ( 'NONE', ( #4955, #2801, #1513, #4040 ) ) ;
#4482 = DIRECTION ( 'NONE',  ( -1.000000000000000000, 0.000000000000000000, -2.168404344971008868E-16 ) ) ;
#4483 = CARTESIAN_POINT ( 'NONE',  ( -15.99999999999999289, -2.624592728049848667, 20.78537097729297756 ) ) ;
#4484 = TOROIDAL_SURFACE ( 'NONE', #285, 2.175374249843084584, 0.2999999999999993228 ) ;
#4485 = ADVANCED_FACE ( 'NONE', ( #1837 ), #5194, .T. ) ;
#4486 = CARTESIAN_POINT ( 'NONE',  ( 4.517969363565724983, -2.689158219231558178, 19.37692024804484348 ) ) ;
#4487 = CARTESIAN_POINT ( 'NONE',  ( -16.00000000000000355, 0.000000000000000000, -19.09999999999999787 ) ) ;
#4488 = CIRCLE ( 'NONE', #5193, 0.3000000000000016542 ) ;
#4489 = CIRCLE ( 'NONE', #1963, 1.750000000000008438 ) ;
#4490 = DIRECTION ( 'NONE',  ( 1.000000000000000000, 0.000000000000000000, 0.000000000000000000 ) ) ;
#4491 = ADVANCED_FACE ( 'NONE', ( #4070 ), #1387, .T. ) ;
#4492 = EDGE_CURVE ( 'NONE', #1604, #1543, #3276, .T. ) ;
#4493 = CARTESIAN_POINT ( 'NONE',  ( 17.68537097729297614, -2.624592728049849111, 19.09999999999999787 ) ) ;
#4494 = ORIENTED_EDGE ( 'NONE', *, *, #2061, .F. ) ;
#4495 = VECTOR ( 'NONE', #3258, 1000.000000000000000 ) ;
#4496 =( GEOMETRIC_REPRESENTATION_CONTEXT ( 3 ) GLOBAL_UNCERTAINTY_ASSIGNED_CONTEXT ( ( #2011 ) ) GLOBAL_UNIT_ASSIGNED_CONTEXT ( ( #4255, #895, #2612 ) ) REPRESENTATION_CONTEXT ( 'NONE', 'WORKASPACE' ) );
#4497 = CIRCLE ( 'NONE', #2062, 0.5000000000000004441 ) ;
#4498 = CARTESIAN_POINT ( 'NONE',  ( -16.43914126488116878, -2.261276782429340493, 15.81088333477098296 ) ) ;
#4499 = VERTEX_POINT ( 'NONE', #3300 ) ;
#4500 = EDGE_CURVE ( 'NONE', #1849, #1125, #2857, .T. ) ;
#4501 = CARTESIAN_POINT ( 'NONE',  ( -16.91290387186572630, -2.261276782429340493, 17.76416292240965689 ) ) ;
#4502 = EDGE_LOOP ( 'NONE', ( #2173, #4114, #959, #4632 ) ) ;
#4503 = CARTESIAN_POINT ( 'NONE',  ( -16.91290387186571920, -2.261276782429340493, 16.23583707759052785 ) ) ;
#4504 = ORIENTED_EDGE ( 'NONE', *, *, #3887, .T. ) ;
#4505 = CARTESIAN_POINT ( 'NONE',  ( 4.819463772711419125, -2.761276782429340937, 19.32130612810013304 ) ) ;
#4506 = CARTESIAN_POINT ( 'NONE',  ( -16.41590915302823106, -2.346612762633024207, 15.79839624936570530 ) ) ;
#4507 = ADVANCED_FACE ( 'NONE', ( #1128 ), #5397, .F. ) ;
#4508 = ORIENTED_EDGE ( 'NONE', *, *, #3688, .F. ) ;
#4509 = ORIENTED_EDGE ( 'NONE', *, *, #3455, .T. ) ;
#4510 = CARTESIAN_POINT ( 'NONE',  ( -17.48062216692526150, -2.682871376733768631, -16.18380832010404191 ) ) ;
#4511 = CARTESIAN_POINT ( 'NONE',  ( -16.17586025187432242, -2.441904586412985356, -18.62953024494370879 ) ) ;
#4512 = AXIS2_PLACEMENT_3D ( 'NONE', #2446, #4162, #756 ) ;
#4513 = CARTESIAN_POINT ( 'NONE',  ( -16.47586025187432668, -2.761276782429341381, -19.09999999999999787 ) ) ;
#4514 = DIRECTION ( 'NONE',  ( 0.000000000000000000, 0.000000000000000000, 1.000000000000000000 ) ) ;
#4515 = ORIENTED_EDGE ( 'NONE', *, *, #3756, .T. ) ;
#4516 = DIRECTION ( 'NONE',  ( 0.000000000000000000, 0.000000000000000000, 1.000000000000000000 ) ) ;
#4517 = CARTESIAN_POINT ( 'NONE',  ( 4.707720664287604606, -2.761276782429350263, 19.55740955219843258 ) ) ;
#4518 = CYLINDRICAL_SURFACE ( 'NONE', #3668, 0.1758602518743233867 ) ;
#4519 = B_SPLINE_CURVE_WITH_KNOTS ( 'NONE', 3,
 ( #4478, #3936, #2345, #1823 ),
 .UNSPECIFIED., .F., .F.,
 ( 4, 4 ),
 ( 2.168404344971008868E-19, 9.467040244102485429E-05 ),
 .UNSPECIFIED. ) ;
#4520 = DIRECTION ( 'NONE',  ( 0.000000000000000000, 1.000000000000000000, 0.000000000000000000 ) ) ;
#4521 = CARTESIAN_POINT ( 'NONE',  ( -17.66171820424964523, -2.661038824877618669, -1.005603465139861097 ) ) ;
#4522 = VERTEX_POINT ( 'NONE', #1105 ) ;
#4523 = DIRECTION ( 'NONE',  ( 1.000000000000000000, 0.000000000000000000, 0.000000000000000000 ) ) ;
#4524 = ORIENTED_EDGE ( 'NONE', *, *, #1400, .T. ) ;
#4525 = CARTESIAN_POINT ( 'NONE',  ( -17.48062216692514426, -2.682871376733815261, 17.81619167989545360 ) ) ;
#4526 = ORIENTED_EDGE ( 'NONE', *, *, #5172, .F. ) ;
#4527 = VERTEX_POINT ( 'NONE', #2851 ) ;
#4528 = CARTESIAN_POINT ( 'NONE',  ( 4.954958362351747247, -2.761276782429340049, 19.09068329147646992 ) ) ;
#4529 = DIRECTION ( 'NONE',  ( 1.678637004950389667E-15, 0.000000000000000000, -1.000000000000000000 ) ) ;
#4530 = ORIENTED_EDGE ( 'NONE', *, *, #4609, .T. ) ;
#4531 = CARTESIAN_POINT ( 'NONE',  ( -16.43914126488126470, -7.000000000000000000, -15.81088333477061880 ) ) ;
#4532 = CARTESIAN_POINT ( 'NONE',  ( -16.47586025187432668, -2.761276782429340493, -18.72212453670923438 ) ) ;
#4533 = DIRECTION ( 'NONE',  ( 0.000000000000000000, 1.000000000000000000, 0.000000000000000000 ) ) ;
#4534 = EDGE_CURVE ( 'NONE', #4024, #4821, #695, .T. ) ;
#4535 = CIRCLE ( 'NONE', #2099, 0.5000000000000004441 ) ;
#4536 = DIRECTION ( 'NONE',  ( 0.000000000000000000, 0.9156105726957181057, 0.4020662621606280185 ) ) ;
#4537 = EDGE_LOOP ( 'NONE', ( #2708, #4576, #4845, #1810 ) ) ;
#4538 = DIRECTION ( 'NONE',  ( 0.000000000000000000, 0.000000000000000000, 1.000000000000000000 ) ) ;
#4539 = ORIENTED_EDGE ( 'NONE', *, *, #4077, .T. ) ;
#4540 = CARTESIAN_POINT ( 'NONE',  ( -16.17586025187432597, -2.432301537196427166, 1.574859941788944395 ) ) ;
#4541 = CYLINDRICAL_SURFACE ( 'NONE', #5201, 4.000000000000000000 ) ;
#4542 = EDGE_CURVE ( 'NONE', #5376, #4860, #5019, .T. ) ;
#4543 = CARTESIAN_POINT ( 'NONE',  ( -17.14999999999982094, -3.449535428910371238, 1.108996911173548467E-13 ) ) ;
#4544 = CARTESIAN_POINT ( 'NONE',  ( -16.17586025187432597, -2.441904586412964928, 18.62953024494373366 ) ) ;
#4545 = CARTESIAN_POINT ( 'NONE',  ( -16.97059815863677557, -2.514001906062021341, -0.7660898563235156722 ) ) ;
#4546 = ORIENTED_EDGE ( 'NONE', *, *, #569, .T. ) ;
#4547 = AXIS2_PLACEMENT_3D ( 'NONE', #4732, #5179, #1337 ) ;
#4548 = CARTESIAN_POINT ( 'NONE',  ( -18.06941726076545862, -2.032823297541921814, -16.58800678516530169 ) ) ;
#4549 = ORIENTED_EDGE ( 'NONE', *, *, #4156, .T. ) ;
#4550 = CARTESIAN_POINT ( 'NONE',  ( -16.00000000000000355, -1.260317096475860321, -21.57537424984309027 ) ) ;
#4551 = AXIS2_PLACEMENT_3D ( 'NONE', #1364, #4897, #2353 ) ;
#4552 = EDGE_LOOP ( 'NONE', ( #4269, #5070, #412, #2740 ) ) ;
#4553 = ORIENTED_EDGE ( 'NONE', *, *, #3712, .T. ) ;
#4554 = FACE_OUTER_BOUND ( 'NONE', #1973, .T. ) ;
#4555 = ADVANCED_FACE ( 'NONE', ( #3676 ), #3577, .T. ) ;
#4556 = ORIENTED_EDGE ( 'NONE', *, *, #434, .T. ) ;
#4557 = AXIS2_PLACEMENT_3D ( 'NONE', #1789, #3590, #526 ) ;
#4558 = CARTESIAN_POINT ( 'NONE',  ( -16.17586025187432242, -2.461276782429339782, -18.72212453670923438 ) ) ;
#4559 = CARTESIAN_POINT ( 'NONE',  ( -16.00000000000000355, 0.000000000000000000, -19.09999999999999787 ) ) ;
#4560 = DIRECTION ( 'NONE',  ( 0.000000000000000000, 0.3244444126193283262, 0.9459047642971776249 ) ) ;
#4561 = ORIENTED_EDGE ( 'NONE', *, *, #5138, .F. ) ;
#4562 = CARTESIAN_POINT ( 'NONE',  ( -15.79999999999982130, -2.261276782429340493, 1.110223024625156540E-13 ) ) ;
#4563 = ORIENTED_EDGE ( 'NONE', *, *, #1256, .T. ) ;
#4564 = LINE ( 'NONE', #5005, #4398 ) ;
#4565 = LINE ( 'NONE', #764, #786 ) ;
#4566 = CARTESIAN_POINT ( 'NONE',  ( 4.742943202478221210, -2.761276782429340937, 19.57586025187433521 ) ) ;
#4567 = EDGE_CURVE ( 'NONE', #2097, #1849, #3398, .T. ) ;
#4568 = CIRCLE ( 'NONE', #2502, 1.350000000000002309 ) ;
#4569 = CARTESIAN_POINT ( 'NONE',  ( -16.91290387186576893, -2.261276782429341825, -0.7641629224096219142 ) ) ;
#4570 = ORIENTED_EDGE ( 'NONE', *, *, #2222, .F. ) ;
#4571 = CIRCLE ( 'NONE', #2140, 0.2999999999999981570 ) ;
#4572 =( BOUNDED_SURFACE ( )  B_SPLINE_SURFACE ( 3, 2, ( 
 ( #1259, #2224, #3947 ),
 ( #1721, #953, #3046 ),
 ( #929, #2195, #4781 ),
 ( #432, #850, #4289 ) ),
 .UNSPECIFIED., .F., .F., .F. ) 
 B_SPLINE_SURFACE_WITH_KNOTS ( ( 4, 4 ),
 ( 3, 3 ),
 ( -1.355252715606880543E-20, 0.0001654608312809982790 ),
 ( 0.000000000000000000, 1.000000000000000000 ),
 .UNSPECIFIED. ) 
 GEOMETRIC_REPRESENTATION_ITEM ( )  RATIONAL_B_SPLINE_SURFACE ( (
 ( 1.000000000000000000, 0.8787452661043775315, 1.000000000000000000),
 ( 1.000000000000000000, 0.9096091172871424435, 1.000000000000000000),
 ( 1.000000000000000000, 0.9339119250439308351, 1.000000000000000000),
 ( 1.000000000000000000, 0.9323756345168987547, 1.000000000000000000) ) ) 
 REPRESENTATION_ITEM ( '' )  SURFACE ( )  );
#4573 = AXIS2_PLACEMENT_3D ( 'NONE', #1826, #3995, #1856 ) ;
#4574 = AXIS2_PLACEMENT_3D ( 'NONE', #4944, #4102, #2567 ) ;
#4575 = DIRECTION ( 'NONE',  ( 0.000000000000000000, 0.000000000000000000, 1.000000000000000000 ) ) ;
#4576 = ORIENTED_EDGE ( 'NONE', *, *, #3030, .T. ) ;
#4577 = CARTESIAN_POINT ( 'NONE',  ( -16.91290387186575472, -2.261276782429340493, 0.7641629224098670514 ) ) ;
#4578 = AXIS2_PLACEMENT_3D ( 'NONE', #3290, #5033, #2842 ) ;
#4579 = ORIENTED_EDGE ( 'NONE', *, *, #1538, .F. ) ;
#4580 = CARTESIAN_POINT ( 'NONE',  ( -17.22487302548651655, -3.334165043726567301, -17.20722574649137471 ) ) ;
#4581 = VERTEX_POINT ( 'NONE', #4577 ) ;
#4582 = CARTESIAN_POINT ( 'NONE',  ( -16.17586025187432597, -2.441904586412975142, -1.629530244943604655 ) ) ;
#4583 = CARTESIAN_POINT ( 'NONE',  ( -16.00000000000000355, -0.6220286093256309767, -20.96442984884771832 ) ) ;
#4584 = CARTESIAN_POINT ( 'NONE',  ( -17.68537097729297614, -2.624592728049848667, 15.87151442144886460 ) ) ;
#4585 = CARTESIAN_POINT ( 'NONE',  ( -16.44282970718986903, -2.745023667718121008, -15.42293753234312526 ) ) ;
#4586 = ORIENTED_EDGE ( 'NONE', *, *, #1237, .T. ) ;
#4587 = EDGE_CURVE ( 'NONE', #2448, #5276, #1986, .T. ) ;
#4588 = CYLINDRICAL_SURFACE ( 'NONE', #4876, 1.349999999999996980 ) ;
#4589 = EDGE_LOOP ( 'NONE', ( #4097, #422, #3501 ) ) ;
#4590 = FACE_OUTER_BOUND ( 'NONE', #1310, .T. ) ;
#4591 = CARTESIAN_POINT ( 'NONE',  ( -16.00000000000000355, 1.000000000000000000, -23.09999999999999787 ) ) ;
#4592 = EDGE_CURVE ( 'NONE', #2771, #3929, #1569, .T. ) ;
#4593 = CYLINDRICAL_SURFACE ( 'NONE', #3828, 0.1758602518743268561 ) ;
#4594 = CARTESIAN_POINT ( 'NONE',  ( -16.92158439726602381, -2.388095029568470640, -0.7515208665803425614 ) ) ;
#4595 = DIRECTION ( 'NONE',  ( 0.5443864854016887689, 0.8388345215309135350, -1.947742533476061059E-15 ) ) ;
#4596 = ADVANCED_FACE ( 'NONE', ( #4179 ), #3654, .F. ) ;
#4597 = AXIS2_PLACEMENT_3D ( 'NONE', #4459, #983, #599 ) ;
#4598 = EDGE_CURVE ( 'NONE', #3719, #3815, #4397, .T. ) ;
#4599 = CARTESIAN_POINT ( 'NONE',  ( 5.800000000000005151, -2.761276782429340493, -18.81819258583060517 ) ) ;
#4600 = VERTEX_POINT ( 'NONE', #2670 ) ;
#4601 = CARTESIAN_POINT ( 'NONE',  ( -17.30587230842842672, -2.762465887268443776, 17.80121046368013182 ) ) ;
#4602 = DIRECTION ( 'NONE',  ( 0.000000000000000000, 0.000000000000000000, 1.000000000000000000 ) ) ;
#4603 = EDGE_LOOP ( 'NONE', ( #1494, #2841, #4360, #3834 ) ) ;
#4604 = CARTESIAN_POINT ( 'NONE',  ( 0.000000000000000000, 0.000000000000000000, -19.27586025187432739 ) ) ;
#4605 = EDGE_CURVE ( 'NONE', #3815, #746, #373, .T. ) ;
#4606 = ORIENTED_EDGE ( 'NONE', *, *, #3048, .F. ) ;
#4607 = CARTESIAN_POINT ( 'NONE',  ( -16.41434023305460599, -2.688838202686085754, -1.460929623327900995 ) ) ;
#4608 = CARTESIAN_POINT ( 'NONE',  ( -15.99999999999998934, -0.6220286093256309767, 20.96442984884772187 ) ) ;
#4609 = EDGE_CURVE ( 'NONE', #2577, #3010, #4082, .T. ) ;
#4610 = CARTESIAN_POINT ( 'NONE',  ( -16.42651365871099500, -2.712846292388402691, 18.51055333245104961 ) ) ;
#4611 = FACE_OUTER_BOUND ( 'NONE', #1952, .T. ) ;
#4612 = CARTESIAN_POINT ( 'NONE',  ( 16.00000000000000355, -1.318477165402296203, 19.10000000000000142 ) ) ;
#4613 = EDGE_LOOP ( 'NONE', ( #3753, #5141, #5161, #5041 ) ) ;
#4614 = CARTESIAN_POINT ( 'NONE',  ( -16.36815602830988325, -2.295410210120016892, 1.227270696046264042 ) ) ;
#4615 = AXIS2_PLACEMENT_3D ( 'NONE', #5334, #2347, #1117 ) ;
#4616 = DIRECTION ( 'NONE',  ( -0.000000000000000000, -1.000000000000000000, -0.000000000000000000 ) ) ;
#4617 = EDGE_CURVE ( 'NONE', #2003, #71, #4489, .T. ) ;
#4618 = CARTESIAN_POINT ( 'NONE',  ( -16.17586025187432952, -2.715816708657840195, 15.41486240635626359 ) ) ;
#4619 = VECTOR ( 'NONE', #3172, 1000.000000000000000 ) ;
#4620 = CARTESIAN_POINT ( 'NONE',  ( -17.34091168500293278, -3.155363335666640623, -16.89550829625100548 ) ) ;
#4621 =( BOUNDED_CURVE ( )  B_SPLINE_CURVE ( 3, ( #2424, #3317, #4144, #5031 ),
 .UNSPECIFIED., .F., .F. ) 
 B_SPLINE_CURVE_WITH_KNOTS ( ( 4, 4 ),
 ( 5.681483024433621409, 6.283185307179586232 ),
 .UNSPECIFIED. ) 
 CURVE ( )  GEOMETRIC_REPRESENTATION_ITEM ( )  RATIONAL_B_SPLINE_CURVE ( ( 1.000000000000000000, 0.9700564090925265504, 0.9700564090925265504, 1.000000000000000000 ) ) 
 REPRESENTATION_ITEM ( '' )  );
#4622 = DIRECTION ( 'NONE',  ( -0.000000000000000000, 1.000000000000000000, -0.000000000000000000 ) ) ;
#4623 = EDGE_LOOP ( 'NONE', ( #3400, #3137, #4178, #2398 ) ) ;
#4625 = EDGE_LOOP ( 'NONE', ( #1960, #4375, #2557, #4432 ) ) ;
#4624 = TOROIDAL_SURFACE ( 'NONE', #3008, 2.175374249843088137, 0.2999999999999993228 ) ;
#4626 = DIRECTION ( 'NONE',  ( 3.577867169202174099E-15, 0.000000000000000000, 1.000000000000000000 ) ) ;
#4627 = FACE_OUTER_BOUND ( 'NONE', #5347, .T. ) ;
#4628 = ORIENTED_EDGE ( 'NONE', *, *, #4746, .T. ) ;
#4629 = CARTESIAN_POINT ( 'NONE',  ( 5.120304567948355867, -3.261718022641427073, -19.24359504577774871 ) ) ;
#4630 = EDGE_CURVE ( 'NONE', #3503, #1395, #5074, .T. ) ;
#4631 = ORIENTED_EDGE ( 'NONE', *, *, #145, .F. ) ;
#4632 = ORIENTED_EDGE ( 'NONE', *, *, #1097, .T. ) ;
#4633 = LINE ( 'NONE', #4604, #5200 ) ;
#4634 = VECTOR ( 'NONE', #3894, 1000.000000000000000 ) ;
#4635 = ORIENTED_EDGE ( 'NONE', *, *, #1643, .F. ) ;
#4636 = DIRECTION ( 'NONE',  ( 0.000000000000000000, 1.000000000000000000, 0.000000000000000000 ) ) ;
#4637 = ADVANCED_FACE ( 'NONE', ( #2939 ), #1687, .T. ) ;
#4638 = DIRECTION ( 'NONE',  ( 0.000000000000000000, 0.000000000000000000, 1.000000000000000000 ) ) ;
#4639 = CARTESIAN_POINT ( 'NONE',  ( 4.555720465952770581, -2.728613762937932563, 19.43596181358438812 ) ) ;
#4640 = DIRECTION ( 'NONE',  ( -0.000000000000000000, 0.4020662621605379239, 0.9156105726957578517 ) ) ;
#4641 = DIRECTION ( 'NONE',  ( 0.000000000000000000, -0.000000000000000000, 1.000000000000000000 ) ) ;
#4642 = EDGE_CURVE ( 'NONE', #3010, #3266, #5047, .T. ) ;
#4643 = CARTESIAN_POINT ( 'NONE',  ( -16.18667063810957885, -2.637089349345783429, -18.46301901197318074 ) ) ;
#4644 = VERTEX_POINT ( 'NONE', #116 ) ;
#4645 = CARTESIAN_POINT ( 'NONE',  ( -16.43914126488121852, -2.261276782429340493, 1.189116665229309699 ) ) ;
#4646 = CARTESIAN_POINT ( 'NONE',  ( -16.17586025187432952, -2.761276782429340493, 15.27787546329090951 ) ) ;
#4647 = CYLINDRICAL_SURFACE ( 'NONE', #4349, 0.3000000000000016542 ) ;
#4648 = FACE_OUTER_BOUND ( 'NONE', #2360, .T. ) ;
#4649 = ORIENTED_EDGE ( 'NONE', *, *, #4128, .F. ) ;
#4650 = DIRECTION ( 'NONE',  ( 0.000000000000000000, 0.000000000000000000, 1.000000000000000000 ) ) ;
#4651 = CARTESIAN_POINT ( 'NONE',  ( 0.000000000000000000, 0.000000000000000000, 0.000000000000000000 ) ) ;
#4652 = CARTESIAN_POINT ( 'NONE',  ( 5.000000000000014211, -2.557572012912789017, -19.29173487710794532 ) ) ;
#4653 = ORIENTED_EDGE ( 'NONE', *, *, #4062, .T. ) ;
#4654 = CIRCLE ( 'NONE', #2860, 1.685370977292974359 ) ;
#4655 = CONICAL_SURFACE ( 'NONE', #2228, 2.272980275718927690, 1.239410868079301009 ) ;
#4656 = CARTESIAN_POINT ( 'NONE',  ( -17.11947023826696324, -1.825095997098285627, -16.70502349905456896 ) ) ;
#4657 = AXIS2_PLACEMENT_3D ( 'NONE', #1321, #4353, #2178 ) ;
#4658 = VECTOR ( 'NONE', #2506, 1000.000000000000000 ) ;
#4659 = ORIENTED_EDGE ( 'NONE', *, *, #3992, .F. ) ;
#4660 = CARTESIAN_POINT ( 'NONE',  ( 5.000000000000004441, -44.23524452124112827, -18.81819258583060162 ) ) ;
#4661 = AXIS2_PLACEMENT_3D ( 'NONE', #2763, #595, #5313 ) ;
#4662 = DIRECTION ( 'NONE',  ( 0.000000000000000000, 0.000000000000000000, 1.000000000000000000 ) ) ;
#4663 = CARTESIAN_POINT ( 'NONE',  ( -16.17586025187432242, -2.461276782429339782, -15.30988156573624259 ) ) ;
#4664 = DIRECTION ( 'NONE',  ( 0.000000000000000000, -1.000000000000000000, 0.000000000000000000 ) ) ;
#4665 = EDGE_CURVE ( 'NONE', #5321, #1759, #535, .T. ) ;
#4666 = CARTESIAN_POINT ( 'NONE',  ( -17.14999999999964686, -3.449535428910645241, 17.00000000000010658 ) ) ;
#4667 = CARTESIAN_POINT ( 'NONE',  ( -16.25306072083161979, -2.519137458356935699, -18.34095405942597523 ) ) ;
#4668 = VERTEX_POINT ( 'NONE', #2969 ) ;
#4669 = DIRECTION ( 'NONE',  ( -0.000000000000000000, 1.000000000000000000, -0.000000000000000000 ) ) ;
#4670 = SURFACE_STYLE_USAGE ( .BOTH. , #3913 ) ;
#4671 = VECTOR ( 'NONE', #4449, 1000.000000000000227 ) ;
#4672 = CARTESIAN_POINT ( 'NONE',  ( -17.86442984884771690, -0.6220286093256309767, -19.09999999999999787 ) ) ;
#4673 = EDGE_CURVE ( 'NONE', #723, #4860, #4922, .T. ) ;
#4674 = DIRECTION ( 'NONE',  ( -0.000000000000000000, 1.000000000000000000, -0.000000000000000000 ) ) ;
#4675 = DIRECTION ( 'NONE',  ( 2.803169623481008706E-15, 0.000000000000000000, 1.000000000000000000 ) ) ;
#4676 = VERTEX_POINT ( 'NONE', #1413 ) ;
#4677 = DIRECTION ( 'NONE',  ( 0.000000000000000000, 1.000000000000000000, 0.000000000000000000 ) ) ;
#4678 = DIRECTION ( 'NONE',  ( -0.000000000000000000, 1.000000000000000000, -0.000000000000000000 ) ) ;
#4679 = DIRECTION ( 'NONE',  ( 0.000000000000000000, 1.000000000000000000, 0.000000000000000000 ) ) ;
#4680 = ORIENTED_EDGE ( 'NONE', *, *, #2250, .F. ) ;
#4681 = CARTESIAN_POINT ( 'NONE',  ( 5.000465379190729642, -2.878982074032550909, -18.86110461243804082 ) ) ;
#4682 = FACE_OUTER_BOUND ( 'NONE', #2934, .T. ) ;
#4683 = ORIENTED_EDGE ( 'NONE', *, *, #3129, .F. ) ;
#4684 = CIRCLE ( 'NONE', #1990, 1.350000000000000533 ) ;
#4685 = EDGE_LOOP ( 'NONE', ( #1529, #1270, #2999, #5505 ) ) ;
#4686 = FACE_OUTER_BOUND ( 'NONE', #1289, .T. ) ;
#4687 = VERTEX_POINT ( 'NONE', #5256 ) ;
#4688 = DIRECTION ( 'NONE',  ( -1.000000000000000000, -0.000000000000000000, -1.084202172485504434E-16 ) ) ;
#4689 = DIRECTION ( 'NONE',  ( 0.000000000000000000, 0.000000000000000000, 1.000000000000000000 ) ) ;
#4690 = DIRECTION ( 'NONE',  ( 1.860862157993160374E-15, 0.000000000000000000, -1.000000000000000000 ) ) ;
#4691 = CARTESIAN_POINT ( 'NONE',  ( 19.99999999999999645, 0.000000000000000000, -19.09999999999999787 ) ) ;
#4692 = ORIENTED_EDGE ( 'NONE', *, *, #5274, .F. ) ;
#4693 = CARTESIAN_POINT ( 'NONE',  ( -18.17537424984308814, -1.260317096475860321, -19.09999999999999787 ) ) ;
#4694 = ADVANCED_FACE ( 'NONE', ( #3572 ), #1888, .F. ) ;
#4695 = LINE ( 'NONE', #3431, #954 ) ;
#4696 = DIRECTION ( 'NONE',  ( -9.082321863752915673E-17, 0.000000000000000000, 1.000000000000000000 ) ) ;
#4697 = TOROIDAL_SURFACE ( 'NONE', #1386, 1.433720620833696335, 0.3000000000000005440 ) ;
#4698 = EDGE_CURVE ( 'NONE', #1550, #3026, #1766, .T. ) ;
#4699 = CARTESIAN_POINT ( 'NONE',  ( -16.91290387186576538, -2.261276782429340493, -0.7641629224096546658 ) ) ;
#4700 = DIRECTION ( 'NONE',  ( 0.000000000000000000, 1.000000000000000000, 0.000000000000000000 ) ) ;
#4701 = FACE_OUTER_BOUND ( 'NONE', #956, .T. ) ;
#4702 = AXIS2_PLACEMENT_3D ( 'NONE', #4424, #4809, #977 ) ;
#4703 = CARTESIAN_POINT ( 'NONE',  ( 0.000000000000000000, -0.6220286093256309767, -21.26442984884771192 ) ) ;
#4704 = ORIENTED_EDGE ( 'NONE', *, *, #2250, .T. ) ;
#4705 = CARTESIAN_POINT ( 'NONE',  ( 4.510967064583075725, -2.670213792541923148, -19.35806953799521679 ) ) ;
#4706 = CIRCLE ( 'NONE', #1658, 0.3000000000000016542 ) ;
#4707 = DIRECTION ( 'NONE',  ( -1.084202172485504434E-16, 0.000000000000000000, -1.000000000000000000 ) ) ;
#4708 = ORIENTED_EDGE ( 'NONE', *, *, #2987, .T. ) ;
#4709 = ORIENTED_EDGE ( 'NONE', *, *, #1042, .F. ) ;
#4710 = CARTESIAN_POINT ( 'NONE',  ( -16.67586025187432242, 0.000000000000000000, -18.62953024494370524 ) ) ;
#4711 = ORIENTED_EDGE ( 'NONE', *, *, #2072, .T. ) ;
#4712 = DIRECTION ( 'NONE',  ( 0.000000000000000000, 1.000000000000000000, 0.000000000000000000 ) ) ;
#4713 = VERTEX_POINT ( 'NONE', #233 ) ;
#4714 = EDGE_CURVE ( 'NONE', #4326, #88, #3242, .T. ) ;
#4715 = CARTESIAN_POINT ( 'NONE',  ( 16.00000000000000000, -2.624592728049848667, -19.09999999999999787 ) ) ;
#4716 = DIRECTION ( 'NONE',  ( 0.000000000000000000, 0.000000000000000000, 1.000000000000000000 ) ) ;
#4717 = CIRCLE ( 'NONE', #4896, 0.3000000000000016542 ) ;
#4718 = CARTESIAN_POINT ( 'NONE',  ( -16.43914126488126115, -2.261276782429340493, -18.18911666522916093 ) ) ;
#4719 = ORIENTED_EDGE ( 'NONE', *, *, #3584, .T. ) ;
#4720 = FACE_OUTER_BOUND ( 'NONE', #670, .T. ) ;
#4721 = AXIS2_PLACEMENT_3D ( 'NONE', #717, #2379, #765 ) ;
#4722 = CARTESIAN_POINT ( 'NONE',  ( -15.99999999999999645, -1.318477165402296203, 19.10000000000000497 ) ) ;
#4723 = EDGE_CURVE ( 'NONE', #4823, #2203, #3482, .T. ) ;
#4724 = EDGE_CURVE ( 'NONE', #91, #385, #3219, .T. ) ;
#4725 = EDGE_CURVE ( 'NONE', #37, #1576, #5283, .T. ) ;
#4726 = CARTESIAN_POINT ( 'NONE',  ( 1.877765552635376824E-13, 0.000000000000000000, 1.350000000000000089 ) ) ;
#4727 = CARTESIAN_POINT ( 'NONE',  ( 0.000000000000000000, -0.9057063555672495436, -21.16682382297187104 ) ) ;
#4728 = CARTESIAN_POINT ( 'NONE',  ( -17.11947023826666836, -1.825095997098761913, 17.29497650094511485 ) ) ;
#4729 = FACE_OUTER_BOUND ( 'NONE', #2727, .T. ) ;
#4730 = CYLINDRICAL_SURFACE ( 'NONE', #5280, 0.7999999999999986011 ) ;
#4731 = EDGE_CURVE ( 'NONE', #3905, #2212, #1959, .T. ) ;
#4732 = CARTESIAN_POINT ( 'NONE',  ( -17.36694975814085495, -2.461276782429340226, 16.01655276935618133 ) ) ;
#4733 = DIRECTION ( 'NONE',  ( 1.000000000000000000, -0.000000000000000000, 2.168404344971008868E-16 ) ) ;
#4734 = VERTEX_POINT ( 'NONE', #4425 ) ;
#4735 = VERTEX_POINT ( 'NONE', #656 ) ;
#4736 = ORIENTED_EDGE ( 'NONE', *, *, #1710, .F. ) ;
#4737 = CARTESIAN_POINT ( 'NONE',  ( 15.80000000000035598, -2.761276782429340937, 15.64999999999989377 ) ) ;
#4738 = AXIS2_PLACEMENT_3D ( 'NONE', #1752, #3472, #2653 ) ;
#4739 = VERTEX_POINT ( 'NONE', #1472 ) ;
#4740 = CARTESIAN_POINT ( 'NONE',  ( 4.999999999999999112, -2.558610106203481394, 19.29208882258118152 ) ) ;
#4741 = CARTESIAN_POINT ( 'NONE',  ( -17.48062216692525794, -2.682871376733769964, -17.81619167989574137 ) ) ;
#4742 = VECTOR ( 'NONE', #2443, 1000.000000000000000 ) ;
#4743 = AXIS2_PLACEMENT_3D ( 'NONE', #305, #3223, #3617 ) ;
#4744 = AXIS2_PLACEMENT_3D ( 'NONE', #3408, #35, #876 ) ;
#4745 = LINE ( 'NONE', #4802, #3270 ) ;
#4746 = EDGE_CURVE ( 'NONE', #3663, #2662, #5009, .T. ) ;
#4747 = ORIENTED_EDGE ( 'NONE', *, *, #3392, .T. ) ;
#4748 = CARTESIAN_POINT ( 'NONE',  ( -17.51874846712257039, -2.761276782429340937, 0.9476655431925198325 ) ) ;
#4749 = EDGE_CURVE ( 'NONE', #1543, #3416, #4058, .T. ) ;
#4750 = CARTESIAN_POINT ( 'NONE',  ( 4.999999999999999112, 0.000000000000000000, 18.77586025187433094 ) ) ;
#4751 = AXIS2_PLACEMENT_3D ( 'NONE', #2856, #4945, #1110 ) ;
#4752 = CIRCLE ( 'NONE', #2796, 0.3000000000000006550 ) ;
#4753 = CARTESIAN_POINT ( 'NONE',  ( 0.000000000000000000, -1.318477165402296203, -21.57537424984308316 ) ) ;
#4754 = CARTESIAN_POINT ( 'NONE',  ( -17.65000000000000213, -1.760630054841077374, -16.99999999999988987 ) ) ;
#4755 = CARTESIAN_POINT ( 'NONE',  ( -16.17586025187432242, -2.441904586412985356, -18.62953024494370524 ) ) ;
#4756 = CARTESIAN_POINT ( 'NONE',  ( -17.59783774043593851, -2.684519876906083180, -17.89803933908327949 ) ) ;
#4757 = DIRECTION ( 'NONE',  ( 1.000000000000000000, 0.000000000000000000, 0.000000000000000000 ) ) ;
#4758 = DIRECTION ( 'NONE',  ( -0.000000000000000000, 1.000000000000000000, -0.000000000000000000 ) ) ;
#4759 = EDGE_LOOP ( 'NONE', ( #5052, #1131, #3644, #4272 ) ) ;
#4760 = FACE_OUTER_BOUND ( 'NONE', #146, .T. ) ;
#4761 = ADVANCED_FACE ( 'NONE', ( #2373 ), #4956, .F. ) ;
#4762 = COLOUR_RGB ( '',0.7921568627450980005, 0.8196078431372548767, 0.9333333333333333481 ) ;
#4763 = ORIENTED_EDGE ( 'NONE', *, *, #1773, .F. ) ;
#4764 = CARTESIAN_POINT ( 'NONE',  ( -16.91202532835203343, -2.263131894695711743, 16.23096606014863852 ) ) ;
#4765 = ORIENTED_EDGE ( 'NONE', *, *, #2915, .T. ) ;
#4766 = CARTESIAN_POINT ( 'NONE',  ( -17.14999999999982094, -1.760630054841357595, 1.085016093841646575E-13 ) ) ;
#4767 = ORIENTED_EDGE ( 'NONE', *, *, #5213, .F. ) ;
#4768 = CARTESIAN_POINT ( 'NONE',  ( 15.80000000000000071, -7.000000000000000000, -17.00000000000011369 ) ) ;
#4769 = ADVANCED_FACE ( 'NONE', ( #2761 ), #5336, .F. ) ;
#4770 = ORIENTED_EDGE ( 'NONE', *, *, #3802, .T. ) ;
#4771 = CARTESIAN_POINT ( 'NONE',  ( -16.00000000000000355, -2.761276782429340493, -19.09999999999999787 ) ) ;
#4772 = LINE ( 'NONE', #1377, #1876 ) ;
#4773 = CIRCLE ( 'NONE', #1459, 1.433720620833699888 ) ;
#4774 = DIRECTION ( 'NONE',  ( -1.000000000000000000, -0.000000000000000000, -1.084202172485504434E-16 ) ) ;
#4775 = EDGE_LOOP ( 'NONE', ( #2579, #2146, #316, #2382 ) ) ;
#4776 = CARTESIAN_POINT ( 'NONE',  ( -16.17586025187432597, -2.454774288023112927, 15.34116206134858018 ) ) ;
#4777 = CARTESIAN_POINT ( 'NONE',  ( -17.51874846712201972, -2.761276782429377796, 16.05233445680809012 ) ) ;
#4778 = CARTESIAN_POINT ( 'NONE',  ( 15.80000000000017835, -7.000000000000000000, -1.110223024625156540E-13 ) ) ;
#4779 = LINE ( 'NONE', #1764, #424 ) ;
#4780 = CARTESIAN_POINT ( 'NONE',  ( -17.14999999999964686, -1.760630054847849069, 17.07424896174067186 ) ) ;
#4781 = CARTESIAN_POINT ( 'NONE',  ( -17.41430376235676647, -2.761276782429340937, 18.01563114906609187 ) ) ;
#4782 = FACE_OUTER_BOUND ( 'NONE', #1039, .T. ) ;
#4783 = ADVANCED_FACE ( 'NONE', ( #593 ), #5363, .F. ) ;
#4784 = CARTESIAN_POINT ( 'NONE',  ( -17.48062216692526150, -2.682871376733769075, -17.81619167989573782 ) ) ;
#4785 = ORIENTED_EDGE ( 'NONE', *, *, #1336, .F. ) ;
#4786 = CARTESIAN_POINT ( 'NONE',  ( 1.877765552635376824E-13, -7.000000000000000000, 1.350000000000000089 ) ) ;
#4787 = ORIENTED_EDGE ( 'NONE', *, *, #4723, .T. ) ;
#4788 = AXIS2_PLACEMENT_3D ( 'NONE', #1275, #1736, #1680 ) ;
#4789 = ORIENTED_EDGE ( 'NONE', *, *, #734, .F. ) ;
#4790 = ADVANCED_FACE ( 'NONE', ( #1030 ), #5102, .T. ) ;
#4791 = CARTESIAN_POINT ( 'NONE',  ( 15.99999999999999645, -2.461276782429340670, -20.53372062083369798 ) ) ;
#4792 = ADVANCED_FACE ( 'NONE', ( #2254 ), #2500, .T. ) ;
#4793 = CARTESIAN_POINT ( 'NONE',  ( -16.92177160231496913, -2.390842763387348135, -17.75124822678390757 ) ) ;
#4794 = EDGE_CURVE ( 'NONE', #635, #4644, #990, .T. ) ;
#4795 = ORIENTED_EDGE ( 'NONE', *, *, #1235, .T. ) ;
#4796 =( BOUNDED_SURFACE ( )  B_SPLINE_SURFACE ( 3, 2, ( 
 ( #5428, #3333, #1596 ),
 ( #442, #2037, #3759 ),
 ( #3792, #2974, #18 ),
 ( #4656, #4580, #2125 ),
 ( #2942, #5051, #2917 ),
 ( #5132, #2492, #2071 ),
 ( #3359, #1700, #415 ),
 ( #5078, #1240, #2521 ),
 ( #1291, #2098, #1673 ),
 ( #3417, #3389, #5104 ) ),
 .UNSPECIFIED., .F., .F., .F. ) 
 B_SPLINE_SURFACE_WITH_KNOTS ( ( 4, 2, 2, 2, 4 ),
 ( 3, 3 ),
 ( 9.082321863752915673E-17, 0.1649967644549349410, 0.3299935289098697710, 0.4949902933648046011, 0.6599870578197394311 ),
 ( 0.000000000000000000, 1.000000000000000000 ),
 .UNSPECIFIED. ) 
 GEOMETRIC_REPRESENTATION_ITEM ( )  RATIONAL_B_SPLINE_SURFACE ( (
 ( 1.000000000000000000, 0.2838709904772642734, 1.000000000000000000),
 ( 1.000000000000000000, 0.2838492191247622420, 1.000000000000000000),
 ( 1.000000000000000000, 0.2872832617058518334, 1.000000000000000000),
 ( 1.000000000000000000, 0.3001821161215878497, 1.000000000000000000),
 ( 1.000000000000000000, 0.3096340490515808175, 1.000000000000000000),
 ( 1.000000000000000000, 0.3329004083483669274, 1.000000000000000000),
 ( 1.000000000000000000, 0.3466924852752178432, 1.000000000000000000),
 ( 1.000000000000000000, 0.3769759478149747323, 1.000000000000000000),
 ( 1.000000000000000000, 0.3934704490748672234, 1.000000000000000000),
 ( 1.000000000000000000, 0.4106827171458595771, 1.000000000000000000) ) ) 
 REPRESENTATION_ITEM ( '' )  SURFACE ( )  );
#4797 = EDGE_LOOP ( 'NONE', ( #3077, #4747, #3988, #1720, #14 ) ) ;
#4798 = CARTESIAN_POINT ( 'NONE',  ( -16.91290387186575472, -2.261276782429340493, 0.7641629224098670514 ) ) ;
#4799 = CARTESIAN_POINT ( 'NONE',  ( 4.856978496637536225, -2.761276782429340937, -19.26500681532880321 ) ) ;
#4800 = VECTOR ( 'NONE', #3996, 1000.000000000000000 ) ;
#4801 = ADVANCED_FACE ( 'NONE', ( #4590 ), #342, .T. ) ;
#4802 = CARTESIAN_POINT ( 'NONE',  ( 16.00000000000000711, -0.6220286093256309767, 20.96442984884772542 ) ) ;
#4803 = ORIENTED_EDGE ( 'NONE', *, *, #2987, .F. ) ;
#4804 = CARTESIAN_POINT ( 'NONE',  ( -16.47586025187432668, -2.761276782429340493, -19.09999999999999787 ) ) ;
#4805 = PLANE ( 'NONE',  #3784 ) ;
#4806 = ADVANCED_FACE ( 'NONE', ( #3693 ), #812, .T. ) ;
#4807 = CARTESIAN_POINT ( 'NONE',  ( -15.99999999999999289, -1.318477165402296203, 21.57537424984308672 ) ) ;
#4808 = AXIS2_PLACEMENT_3D ( 'NONE', #4599, #5373, #1542 ) ;
#4809 = DIRECTION ( 'NONE',  ( 1.000000000000000000, 0.000000000000000000, 1.310874163206655416E-16 ) ) ;
#4810 = CARTESIAN_POINT ( 'NONE',  ( 5.150676230220165408, -2.763140812196100971, -19.28550971964164518 ) ) ;
#4811 = DIRECTION ( 'NONE',  ( -0.000000000000000000, 1.000000000000000000, -0.000000000000000000 ) ) ;
#4812 = DIRECTION ( 'NONE',  ( 0.000000000000000000, 0.000000000000000000, 1.000000000000000000 ) ) ;
#4813 = CYLINDRICAL_SURFACE ( 'NONE', #5168, 0.3000000000000016542 ) ;
#4814 = EDGE_CURVE ( 'NONE', #2348, #1044, #2399, .T. ) ;
#4815 = CIRCLE ( 'NONE', #2404, 0.8000000000000020428 ) ;
#4816 = CARTESIAN_POINT ( 'NONE',  ( 15.99999999999999645, 0.000000000000000000, -19.27586025187432739 ) ) ;
#4817 = ORIENTED_EDGE ( 'NONE', *, *, #3608, .F. ) ;
#4818 = ORIENTED_EDGE ( 'NONE', *, *, #499, .F. ) ;
#4819 = CARTESIAN_POINT ( 'NONE',  ( -16.17586025187432242, -2.461276782429340670, -19.09999999999999787 ) ) ;
#4820 = CARTESIAN_POINT ( 'NONE',  ( -16.95269420987099451, -2.177256420440701223, -0.7066179338698662660 ) ) ;
#4821 = VERTEX_POINT ( 'NONE', #4115 ) ;
#4822 = CARTESIAN_POINT ( 'NONE',  ( -16.17586025187432952, -2.674574700801711558, 18.52735929366980017 ) ) ;
#4823 = VERTEX_POINT ( 'NONE', #1999 ) ;
#4824 = CARTESIAN_POINT ( 'NONE',  ( -16.17586025187432242, -2.454774288023116480, -1.658837938651507748 ) ) ;
#4825 = DIRECTION ( 'NONE',  ( 1.000000000000000000, 0.000000000000000000, 0.000000000000000000 ) ) ;
#4826 =( BOUNDED_SURFACE ( )  B_SPLINE_SURFACE ( 3, 2, ( 
 ( #3345, #4315, #2988 ),
 ( #5064, #401, #1660 ),
 ( #1305, #2587, #486 ),
 ( #2165, #3889, #2725 ),
 ( #3915, #4339, #3518 ),
 ( #3486, #3124, #1002 ) ),
 .UNSPECIFIED., .F., .F., .F. ) 
 B_SPLINE_SURFACE_WITH_KNOTS ( ( 4, 2, 4 ),
 ( 3, 3 ),
 ( -3.402509798030196090E-06, 0.0001578014212445686890, 0.0003190053522871675630 ),
 ( 0.000000000000000000, 1.000000000000000000 ),
 .UNSPECIFIED. ) 
 GEOMETRIC_REPRESENTATION_ITEM ( )  RATIONAL_B_SPLINE_SURFACE ( (
 ( 1.000000000000000000, 1.000000000000000000, 1.000000000000000000),
 ( 1.000000000000000000, 1.000892769164783536, 1.000000000000000000),
 ( 1.000000000000000000, 0.9833350963520502974, 1.000000000000000000),
 ( 1.000000000000000000, 0.9452470562641946961, 1.000000000000000000),
 ( 1.000000000000000000, 0.9280706857053644399, 1.000000000000000000),
 ( 1.000000000000000000, 0.9323756345168990878, 1.000000000000000000) ) ) 
 REPRESENTATION_ITEM ( '' )  SURFACE ( )  );
#4827 = FACE_OUTER_BOUND ( 'NONE', #13, .T. ) ;
#4828 = ORIENTED_EDGE ( 'NONE', *, *, #3843, .T. ) ;
#4829 = VECTOR ( 'NONE', #3647, 1000.000000000000114 ) ;
#4830 = DIRECTION ( 'NONE',  ( 0.000000000000000000, 1.000000000000000000, 0.000000000000000000 ) ) ;
#4831 = EDGE_CURVE ( 'NONE', #1982, #457, #289, .T. ) ;
#4832 = VECTOR ( 'NONE', #3814, 1000.000000000000000 ) ;
#4833 = AXIS2_PLACEMENT_3D ( 'NONE', #59, #3493, #5151 ) ;
#4834 = EDGE_CURVE ( 'NONE', #5116, #5317, #4230, .T. ) ;
#4835 = FACE_OUTER_BOUND ( 'NONE', #4254, .T. ) ;
#4836 = CARTESIAN_POINT ( 'NONE',  ( 18.16442984884771406, -0.6220286093256309767, 19.09999999999999787 ) ) ;
#4837 = DIRECTION ( 'NONE',  ( -1.000000000000000000, 0.000000000000000000, 0.000000000000000000 ) ) ;
#4838 = AXIS2_PLACEMENT_3D ( 'NONE', #5089, #1584, #736 ) ;
#4839 = AXIS2_PLACEMENT_3D ( 'NONE', #1768, #3020, #2593 ) ;
#4840 = LINE ( 'NONE', #570, #4800 ) ;
#4841 = DIRECTION ( 'NONE',  ( -0.000000000000000000, 1.000000000000000000, -0.000000000000000000 ) ) ;
#4842 = CARTESIAN_POINT ( 'NONE',  ( -16.43914126488126115, -2.261276782429340493, -15.81088333477061880 ) ) ;
#4843 = CARTESIAN_POINT ( 'NONE',  ( 16.00000000000000000, 1.000000000000000000, -23.09999999999999787 ) ) ;
#4844 = DIRECTION ( 'NONE',  ( 0.000000000000000000, 0.000000000000000000, -1.000000000000000000 ) ) ;
#4845 = ORIENTED_EDGE ( 'NONE', *, *, #2189, .F. ) ;
#4846 = CARTESIAN_POINT ( 'NONE',  ( 15.80000000000017835, -2.761276782429340937, -1.350000000000113332 ) ) ;
#4847 = CARTESIAN_POINT ( 'NONE',  ( -17.89570055624924194, -2.300499980601510952, -0.7892572261909648335 ) ) ;
#4848 = ORIENTED_EDGE ( 'NONE', *, *, #1636, .F. ) ;
#4849 = CARTESIAN_POINT ( 'NONE',  ( -17.06852840518255476, -1.932663599453080305, 16.46248396218361876 ) ) ;
#4850 = EDGE_LOOP ( 'NONE', ( #4902, #3055, #1895, #3770 ) ) ;
#4851 = CARTESIAN_POINT ( 'NONE',  ( -16.17586025187432597, -2.461276782429340670, 18.72212453670931609 ) ) ;
#4852 = CARTESIAN_POINT ( 'NONE',  ( 4.743619525061239628, -2.761276782429340937, -19.57586025187433165 ) ) ;
#4853 = DIRECTION ( 'NONE',  ( -0.3253534195861428335, -0.9455924874720629258, -2.954964476154001624E-17 ) ) ;
#4854 = EDGE_LOOP ( 'NONE', ( #276, #4508, #1690, #2290 ) ) ;
#4855 = CARTESIAN_POINT ( 'NONE',  ( -17.57235157232301859, -2.761276782429340937, -15.95899965931278253 ) ) ;
#4856 = CARTESIAN_POINT ( 'NONE',  ( -17.43372062083370366, -2.461276782429337562, 18.12848557855134146 ) ) ;
#4857 = VECTOR ( 'NONE', #2977, 1000.000000000000000 ) ;
#4858 = CARTESIAN_POINT ( 'NONE',  ( 16.00000000000000355, -1.481793111022802201, -21.52702460630235848 ) ) ;
#4859 = DIRECTION ( 'NONE',  ( 0.000000000000000000, -0.000000000000000000, 1.000000000000000000 ) ) ;
#4860 = VERTEX_POINT ( 'NONE', #1974 ) ;
#4861 = CARTESIAN_POINT ( 'NONE',  ( -17.93668362669933458, -2.237349966385951738, 0.8020191004592488460 ) ) ;
#4862 = ADVANCED_FACE ( 'NONE', ( #4984 ), #3319, .F. ) ;
#4863 = EDGE_CURVE ( 'NONE', #2476, #4241, #4564, .T. ) ;
#4864 = LINE ( 'NONE', #594, #2641 ) ;
#4865 = CARTESIAN_POINT ( 'NONE',  ( 16.00000000000000355, -0.9766393502342398669, 19.10000000000000142 ) ) ;
#4866 = FACE_OUTER_BOUND ( 'NONE', #2721, .T. ) ;
#4867 = CARTESIAN_POINT ( 'NONE',  ( 16.00000000000000355, 1.000000000000000000, 19.10000000000000142 ) ) ;
#4868 = EDGE_CURVE ( 'NONE', #2120, #700, #2420, .T. ) ;
#4869 = CARTESIAN_POINT ( 'NONE',  ( -17.36694975814087272, -2.761276782429340493, -0.9834472306440678047 ) ) ;
#4870 = EDGE_LOOP ( 'NONE', ( #1572, #3507, #5197, #2620 ) ) ;
#4871 = VERTEX_POINT ( 'NONE', #2872 ) ;
#4872 = DIRECTION ( 'NONE',  ( 3.577867169202174099E-15, 0.000000000000000000, 1.000000000000000000 ) ) ;
#4873 = CARTESIAN_POINT ( 'NONE',  ( -17.35314942879146116, -3.136506434861522141, -0.1293136234568857679 ) ) ;
#4874 = ORIENTED_EDGE ( 'NONE', *, *, #1073, .F. ) ;
#4875 = CARTESIAN_POINT ( 'NONE',  ( -16.17586025187432597, -2.432301537196440044, 18.57485994178889754 ) ) ;
#4876 = AXIS2_PLACEMENT_3D ( 'NONE', #3691, #2870, #4514 ) ;
#4877 = VERTEX_POINT ( 'NONE', #1194 ) ;
#4878 = DIRECTION ( 'NONE',  ( -0.000000000000000000, 1.000000000000000000, 0.000000000000000000 ) ) ;
#4879 = CARTESIAN_POINT ( 'NONE',  ( -16.34466875105968953, -2.384519795513927676, 15.75366613933822180 ) ) ;
#4880 = AXIS2_PLACEMENT_3D ( 'NONE', #3088, #2663, #161 ) ;
#4881 = ORIENTED_EDGE ( 'NONE', *, *, #2970, .T. ) ;
#4882 = LINE ( 'NONE', #2751, #2728 ) ;
#4883 = VERTEX_POINT ( 'NONE', #1354 ) ;
#4884 = LINE ( 'NONE', #1466, #3226 ) ;
#4885 = CIRCLE ( 'NONE', #2014, 2.475374249843086183 ) ;
#4886 = DIRECTION ( 'NONE',  ( -1.000000000000000000, 0.000000000000000000, 0.000000000000000000 ) ) ;
#4887 = LINE ( 'NONE', #2638, #3327 ) ;
#4888 = CARTESIAN_POINT ( 'NONE',  ( -16.42651365871099856, -2.712846292388405800, 15.48944666754917243 ) ) ;
#4889 = CARTESIAN_POINT ( 'NONE',  ( 15.80000000000035598, 0.000000000000000000, 16.99999999999988987 ) ) ;
#4890 = ORIENTED_EDGE ( 'NONE', *, *, #795, .T. ) ;
#4891 = CARTESIAN_POINT ( 'NONE',  ( -17.68537097729297614, -2.624592728049848667, 1.128485578551573276 ) ) ;
#4892 = DIRECTION ( 'NONE',  ( 1.000000000000000000, -0.000000000000000000, 2.168404344971008868E-16 ) ) ;
#4893 = DIRECTION ( 'NONE',  ( 0.000000000000000000, -1.000000000000000000, 0.000000000000000000 ) ) ;
#4894 = DIRECTION ( 'NONE',  ( 0.000000000000000000, 1.000000000000000000, 0.000000000000000000 ) ) ;
#4895 = EDGE_CURVE ( 'NONE', #5276, #3169, #19, .T. ) ;
#4896 = AXIS2_PLACEMENT_3D ( 'NONE', #3950, #4490, #2734 ) ;
#4897 = DIRECTION ( 'NONE',  ( -0.000000000000000000, 1.000000000000000000, -0.000000000000000000 ) ) ;
#4898 = AXIS2_PLACEMENT_3D ( 'NONE', #1661, #2962, #4696 ) ;
#4899 = DIRECTION ( 'NONE',  ( 0.000000000000000000, 0.000000000000000000, 1.000000000000000000 ) ) ;
#4900 = ORIENTED_EDGE ( 'NONE', *, *, #4002, .T. ) ;
#4901 = EDGE_CURVE ( 'NONE', #3716, #4157, #922, .T. ) ;
#4902 = ORIENTED_EDGE ( 'NONE', *, *, #4113, .F. ) ;
#4903 = DIRECTION ( 'NONE',  ( 0.000000000000000000, 1.000000000000000000, 0.000000000000000000 ) ) ;
#4904 = ORIENTED_EDGE ( 'NONE', *, *, #4192, .T. ) ;
#4905 = CARTESIAN_POINT ( 'NONE',  ( -17.24239954929785412, -2.631606310373625579, 17.69036898995806695 ) ) ;
#4906 = ORIENTED_EDGE ( 'NONE', *, *, #4665, .T. ) ;
#4907 = CARTESIAN_POINT ( 'NONE',  ( -16.40215748671844764, -2.433509384184403324, 18.23283289166098342 ) ) ;
#4908 = AXIS2_PLACEMENT_3D ( 'NONE', #1578, #3713, #1912 ) ;
#4909 = ORIENTED_EDGE ( 'NONE', *, *, #5398, .F. ) ;
#4910 = CYLINDRICAL_SURFACE ( 'NONE', #2845, 0.5000000000000004441 ) ;
#4911 = CARTESIAN_POINT ( 'NONE',  ( -15.99999999999999289, -2.761276782429340493, 20.53372062083370153 ) ) ;
#4912 = AXIS2_PLACEMENT_3D ( 'NONE', #5383, #1138, #256 ) ;
#4913 = EDGE_CURVE ( 'NONE', #2767, #3439, #1970, .T. ) ;
#4914 = ORIENTED_EDGE ( 'NONE', *, *, #4746, .F. ) ;
#4915 = ORIENTED_EDGE ( 'NONE', *, *, #3920, .T. ) ;
#4916 = CARTESIAN_POINT ( 'NONE',  ( 1.879418825814225786E-13, 0.5999999999999937605, -1.350000000000000089 ) ) ;
#4917 = CARTESIAN_POINT ( 'NONE',  ( -16.45959915732581536, -2.761276782429340493, -18.64881327993685289 ) ) ;
#4918 = CARTESIAN_POINT ( 'NONE',  ( -16.17586025187432597, -2.461276782429339782, 18.72212453670931609 ) ) ;
#4919 = CARTESIAN_POINT ( 'NONE',  ( 1.877765552635376824E-13, 1.000000000000000000, 0.000000000000000000 ) ) ;
#4920 = CARTESIAN_POINT ( 'NONE',  ( 0.000000000000000000, -2.624592728049848667, -20.78537097729297400 ) ) ;
#4921 = EDGE_LOOP ( 'NONE', ( #622, #3927, #4270, #2840, #2036, #1645, #576, #1320 ) ) ;
#4922 = LINE ( 'NONE', #1004, #2501 ) ;
#4923 = VECTOR ( 'NONE', #152, 1000.000000000000000 ) ;
#4924 = DIRECTION ( 'NONE',  ( 0.000000000000000000, 0.000000000000000000, 1.000000000000000000 ) ) ;
#4925 = AXIS2_PLACEMENT_3D ( 'NONE', #3025, #3500, #543 ) ;
#4926 = CYLINDRICAL_SURFACE ( 'NONE', #1173, 0.3000000000000016542 ) ;
#4927 = CARTESIAN_POINT ( 'NONE',  ( -16.47586025187432668, -2.761276782429340493, -1.722124536709167097 ) ) ;
#4928 = AXIS2_PLACEMENT_3D ( 'NONE', #636, #1077, #3111 ) ;
#4929 = CIRCLE ( 'NONE', #557, 1.864429848847715121 ) ;
#4930 = CARTESIAN_POINT ( 'NONE',  ( -18.06100422277078721, -2.045786783760124461, -17.20349475888662383 ) ) ;
#4931 = EDGE_CURVE ( 'NONE', #4124, #3229, #4340, .T. ) ;
#4932 = VECTOR ( 'NONE', #4677, 1000.000000000000000 ) ;
#4933 = PRODUCT_DEFINITION ( 'UNKNOWN', '', #3397, #1842 ) ;
#4934 = DIRECTION ( 'NONE',  ( -0.8388345215309136460, 0.5443864854016888799, -7.618565114970934523E-17 ) ) ;
#4935 = ORIENTED_EDGE ( 'NONE', *, *, #4434, .T. ) ;
#4936 = AXIS2_PLACEMENT_3D ( 'NONE', #3449, #3064, #1325 ) ;
#4937 = ORIENTED_EDGE ( 'NONE', *, *, #2462, .T. ) ;
#4938 = CARTESIAN_POINT ( 'NONE',  ( 1.877765552635376824E-13, 0.5999999999999937605, 1.350000000000000089 ) ) ;
#4939 = ORIENTED_EDGE ( 'NONE', *, *, #2043, .F. ) ;
#4940 = CARTESIAN_POINT ( 'NONE',  ( 16.00000000000000000, -1.260317096475860321, -19.09999999999999787 ) ) ;
#4941 = EDGE_LOOP ( 'NONE', ( #3791, #4704, #5209, #1547 ) ) ;
#4942 = EDGE_CURVE ( 'NONE', #4871, #1135, #606, .T. ) ;
#4943 = ORIENTED_EDGE ( 'NONE', *, *, #3116, .T. ) ;
#4944 = CARTESIAN_POINT ( 'NONE',  ( -16.00000000000000355, -2.624592728049848667, -19.09999999999999787 ) ) ;
#4945 = DIRECTION ( 'NONE',  ( -0.000000000000000000, 1.000000000000000000, -0.000000000000000000 ) ) ;
#4946 = ORIENTED_EDGE ( 'NONE', *, *, #3269, .T. ) ;
#4947 = CARTESIAN_POINT ( 'NONE',  ( -16.39725414339954312, -2.551923107062354035, -1.311019130709458969 ) ) ;
#4948 = EDGE_CURVE ( 'NONE', #5004, #5116, #993, .T. ) ;
#4949 = DIRECTION ( 'NONE',  ( -0.000000000000000000, 1.000000000000000000, -0.000000000000000000 ) ) ;
#4950 = DIRECTION ( 'NONE',  ( 0.000000000000000000, 0.000000000000000000, 1.000000000000000000 ) ) ;
#4951 = CARTESIAN_POINT ( 'NONE',  ( -16.28410836283713792, -2.335824805666043780, 1.272445684162525570 ) ) ;
#4952 = EDGE_LOOP ( 'NONE', ( #389, #1663, #2466, #1233, #3037 ) ) ;
#4953 = EDGE_CURVE ( 'NONE', #691, #5485, #4147, .T. ) ;
#4954 = DIRECTION ( 'NONE',  ( 1.000000000000000000, 0.000000000000000000, 0.000000000000000000 ) ) ;
#4955 = ORIENTED_EDGE ( 'NONE', *, *, #3350, .F. ) ;
#4956 = PLANE ( 'NONE',  #2226 ) ;
#4957 = VECTOR ( 'NONE', #2754, 1000.000000000000000 ) ;
#4958 = CARTESIAN_POINT ( 'NONE',  ( 15.80000000000017835, 0.000000000000000000, 1.349999999999891287 ) ) ;
#4959 = CARTESIAN_POINT ( 'NONE',  ( -17.74330295098952703, -2.535326479272143718, 1.053862447088490306 ) ) ;
#4960 = DIRECTION ( 'NONE',  ( -0.000000000000000000, 1.000000000000000000, -0.000000000000000000 ) ) ;
#4961 = LINE ( 'NONE', #2822, #78 ) ;
#4962 = LINE ( 'NONE', #1199, #254 ) ;
#4963 = ORIENTED_EDGE ( 'NONE', *, *, #1322, .T. ) ;
#4964 = ADVANCED_FACE ( 'NONE', ( #4720 ), #51, .F. ) ;
#4965 = DIRECTION ( 'NONE',  ( -9.082321863752915673E-17, -0.000000000000000000, 1.000000000000000000 ) ) ;
#4966 = VERTEX_POINT ( 'NONE', #4337 ) ;
#4967 = CARTESIAN_POINT ( 'NONE',  ( -17.36765182934638929, -2.681282637094489996, 17.73730839948693117 ) ) ;
#4968 = VERTEX_POINT ( 'NONE', #5167 ) ;
#4969 = CYLINDRICAL_SURFACE ( 'NONE', #2588, 1.864429848847711568 ) ;
#4970 = ORIENTED_EDGE ( 'NONE', *, *, #5058, .F. ) ;
#4971 = CARTESIAN_POINT ( 'NONE',  ( -16.20779129528804319, -2.596317454525677970, 15.58433107055430789 ) ) ;
#4972 = EDGE_CURVE ( 'NONE', #1249, #638, #3827, .T. ) ;
#4973 = ORIENTED_EDGE ( 'NONE', *, *, #3764, .T. ) ;
#4974 = DIRECTION ( 'NONE',  ( -0.000000000000000000, 1.000000000000000000, -0.000000000000000000 ) ) ;
#4975 = B_SPLINE_CURVE_WITH_KNOTS ( 'NONE', 3,
 ( #4798, #2299, #5297, #554, #2658, #4011 ),
 .UNSPECIFIED., .F., .F.,
 ( 4, 2, 4 ),
 ( -4.778349806678121972E-06, 0.0003867463129946959572, 0.0007782709757960700999 ),
 .UNSPECIFIED. ) ;
#4976 = CARTESIAN_POINT ( 'NONE',  ( -16.17586025187432242, -2.454777406777467252, -18.65884496313637442 ) ) ;
#4977 = FACE_OUTER_BOUND ( 'NONE', #4473, .T. ) ;
#4978 = TOROIDAL_SURFACE ( 'NONE', #2378, 1.850000000000000533, 0.5000000000000000000 ) ;
#4979 = EDGE_CURVE ( 'NONE', #3444, #4823, #2718, .T. ) ;
#4980 = CARTESIAN_POINT ( 'NONE',  ( -17.03798588938046521, -2.478550394424816172, -0.6744188844263473426 ) ) ;
#4981 = ORIENTED_EDGE ( 'NONE', *, *, #5442, .F. ) ;
#4982 = DIRECTION ( 'NONE',  ( 0.000000000000000000, 0.000000000000000000, 1.000000000000000000 ) ) ;
#4983 = VERTEX_POINT ( 'NONE', #947 ) ;
#4984 = FACE_OUTER_BOUND ( 'NONE', #3387, .T. ) ;
#4985 =( BOUNDED_SURFACE ( )  B_SPLINE_SURFACE ( 3, 2, ( 
 ( #1652, #4740, #5137 ),
 ( #1273, #3448, #2606 ),
 ( #3767, #5465, #1627 ),
 ( #5055, #1218, #861 ),
 ( #3796, #2948, #3822 ),
 ( #4639, #2497, #4220 ),
 ( #5491, #837, #3366 ),
 ( #5520, #2526, #4250 ),
 ( #2978, #2103, #1677 ),
 ( #3395, #4277, #5112 ) ),
 .UNSPECIFIED., .F., .F., .F. ) 
 B_SPLINE_SURFACE_WITH_KNOTS ( ( 4, 2, 2, 2, 4 ),
 ( 3, 3 ),
 ( 0.0002631382113338733616, 0.0005236596410624022677, 0.0007841810707909312823, 0.001044702500519460297, 0.001305223930247989203 ),
 ( 0.000000000000000000, 1.000000000000000000 ),
 .UNSPECIFIED. ) 
 GEOMETRIC_REPRESENTATION_ITEM ( )  RATIONAL_B_SPLINE_SURFACE ( (
 ( 1.000000000000000000, 0.7071067811865475727, 1.000000000000000000),
 ( 1.000000000000000000, 0.6997916589543866639, 1.000000000000000000),
 ( 1.000000000000000000, 0.6896736274945032275, 1.000000000000000000),
 ( 1.000000000000000000, 0.6703511745784440645, 1.000000000000000000),
 ( 1.000000000000000000, 0.6617006432936893834, 1.000000000000000000),
 ( 1.000000000000000000, 0.6547829157926443600, 1.000000000000000000),
 ( 1.000000000000000000, 0.6569371432509829578, 1.000000000000000000),
 ( 1.000000000000000000, 0.6747874332175751722, 1.000000000000000000),
 ( 1.000000000000000000, 0.6898523823286877299, 1.000000000000000000),
 ( 1.000000000000000000, 0.7084290783932623015, 1.000000000000000000) ) ) 
 REPRESENTATION_ITEM ( '' )  SURFACE ( )  );
#4986 = CARTESIAN_POINT ( 'NONE',  ( -17.43372062083370011, -2.461276782429340226, 1.128485578551574831 ) ) ;
#4987 = CARTESIAN_POINT ( 'NONE',  ( -17.15000000000000213, -3.449535428910095458, -16.99999999999988631 ) ) ;
#4988 = CARTESIAN_POINT ( 'NONE',  ( 15.99999999999999645, -1.260317096475860321, -21.57537424984308672 ) ) ;
#4989 = ORIENTED_EDGE ( 'NONE', *, *, #5085, .F. ) ;
#4990 = CIRCLE ( 'NONE', #2742, 1.350000000000000533 ) ;
#4991 = LINE ( 'NONE', #5422, #968 ) ;
#4992 = ORIENTED_EDGE ( 'NONE', *, *, #3360, .F. ) ;
#4993 = DIRECTION ( 'NONE',  ( 0.000000000000000000, 1.000000000000000000, 0.000000000000000000 ) ) ;
#4994 = AXIS2_PLACEMENT_3D ( 'NONE', #1253, #846, #4257 ) ;
#4995 = ORIENTED_EDGE ( 'NONE', *, *, #1557, .F. ) ;
#4996 = CARTESIAN_POINT ( 'NONE',  ( -16.17586025187432242, -2.461276782429340670, -18.72212453670923438 ) ) ;
#4997 = ORIENTED_EDGE ( 'NONE', *, *, #1308, .T. ) ;
#4998 = FACE_OUTER_BOUND ( 'NONE', #5378, .T. ) ;
#4999 = VECTOR ( 'NONE', #158, 1000.000000000000000 ) ;
#5000 = CARTESIAN_POINT ( 'NONE',  ( -17.58754440362145033, -2.684375009530384215, 0.8908517138468892149 ) ) ;
#5001 = CYLINDRICAL_SURFACE ( 'NONE', #175, 0.5000000000000000000 ) ;
#5002 = CARTESIAN_POINT ( 'NONE',  ( -17.37199030888785245, -2.681343701766042198, 17.74033787754484592 ) ) ;
#5003 = DIRECTION ( 'NONE',  ( -0.000000000000000000, 1.000000000000000000, -0.000000000000000000 ) ) ;
#5004 = VERTEX_POINT ( 'NONE', #2636 ) ;
#5005 = CARTESIAN_POINT ( 'NONE',  ( -16.17586025187432597, 0.000000000000000000, 18.62953024494373011 ) ) ;
#5006 = EDGE_CURVE ( 'NONE', #436, #385, #3912, .T. ) ;
#5007 = DIRECTION ( 'NONE',  ( -0.000000000000000000, 1.000000000000000000, -0.000000000000000000 ) ) ;
#5008 = DIRECTION ( 'NONE',  ( -0.000000000000000000, 1.000000000000000000, -0.000000000000000000 ) ) ;
#5009 =( BOUNDED_CURVE ( )  B_SPLINE_CURVE ( 3, ( #2817, #2280, #4861, #4891 ),
 .UNSPECIFIED., .F., .T. ) 
 B_SPLINE_CURVE_WITH_KNOTS ( ( 4, 4 ),
 ( 0.000000000000000000, 0.6560507532997768010 ),
 .UNSPECIFIED. ) 
 CURVE ( )  GEOMETRIC_REPRESENTATION_ITEM ( )  RATIONAL_B_SPLINE_CURVE ( ( 1.000000000000000000, 0.9644535744459645787, 0.9644535744459645787, 1.000000000000000000 ) ) 
 REPRESENTATION_ITEM ( '' )  );
#5010 = AXIS2_PLACEMENT_3D ( 'NONE', #4028, #4091, #2284 ) ;
#5011 = EDGE_CURVE ( 'NONE', #4024, #3678, #2956, .T. ) ;
#5012 = CARTESIAN_POINT ( 'NONE',  ( -16.91290387186576893, -2.261276782429340493, -0.7641629224096219142 ) ) ;
#5013 = ORIENTED_EDGE ( 'NONE', *, *, #4592, .T. ) ;
#5014 = AXIS2_PLACEMENT_3D ( 'NONE', #3619, #3141, #5322 ) ;
#5015 = VECTOR ( 'NONE', #2827, 1000.000000000000000 ) ;
#5016 = AXIS2_PLACEMENT_3D ( 'NONE', #2907, #3621, #822 ) ;
#5017 = AXIS2_PLACEMENT_3D ( 'NONE', #5286, #1946, #1032 ) ;
#5018 = CARTESIAN_POINT ( 'NONE',  ( 5.000000000000004441, -2.732508756406789807, -18.82120524288592023 ) ) ;
#5019 = LINE ( 'NONE', #1957, #5015 ) ;
#5020 =( NAMED_UNIT ( * ) PLANE_ANGLE_UNIT ( ) SI_UNIT ( $, .RADIAN. ) );
#5021 = CIRCLE ( 'NONE', #3313, 2.427024606302351728 ) ;
#5022 = ORIENTED_EDGE ( 'NONE', *, *, #1884, .F. ) ;
#5023 = AXIS2_PLACEMENT_3D ( 'NONE', #4856, #1356, #1410 ) ;
#5024 = DIRECTION ( 'NONE',  ( 0.000000000000000000, -1.000000000000000000, 0.000000000000000000 ) ) ;
#5025 = VERTEX_POINT ( 'NONE', #3426 ) ;
#5026 = CARTESIAN_POINT ( 'NONE',  ( -16.17586025187432597, -2.432301537196427166, -1.574859941788722795 ) ) ;
#5027 = CARTESIAN_POINT ( 'NONE',  ( 16.00000000000000355, -2.761276782429340493, 19.10000000000000142 ) ) ;
#5028 = CARTESIAN_POINT ( 'NONE',  ( -16.44282970718990811, -2.745023667718103688, 18.57706246765663138 ) ) ;
#5029 = CARTESIAN_POINT ( 'NONE',  ( -16.17586025187432242, 0.000000000000000000, -1.629530244943604211 ) ) ;
#5030 = ORIENTED_EDGE ( 'NONE', *, *, #1987, .F. ) ;
#5031 = CARTESIAN_POINT ( 'NONE',  ( -17.15000000000000213, -1.760630054841080261, -16.99999999999988987 ) ) ;
#5032 = ORIENTED_EDGE ( 'NONE', *, *, #2560, .T. ) ;
#5033 = DIRECTION ( 'NONE',  ( -1.000000000000000000, -0.000000000000000000, -1.084202172485504434E-16 ) ) ;
#5034 = AXIS2_PLACEMENT_3D ( 'NONE', #2188, #3481, #1251 ) ;
#5035 = CARTESIAN_POINT ( 'NONE',  ( 16.00000000000000711, -1.318477165402296203, 21.57537424984309027 ) ) ;
#5036 = ADVANCED_FACE ( 'NONE', ( #2532 ), #3105, .T. ) ;
#5037 = EDGE_CURVE ( 'NONE', #4676, #700, #4884, .T. ) ;
#5038 = CARTESIAN_POINT ( 'NONE',  ( -16.95338979416935743, -2.370193824687350848, -16.29479955583422779 ) ) ;
#5039 = DIRECTION ( 'NONE',  ( -1.310874163206655416E-16, 0.000000000000000000, 1.000000000000000000 ) ) ;
#5040 = CARTESIAN_POINT ( 'NONE',  ( -16.93682217171590665, -2.376865701225235661, -0.7293290952424765772 ) ) ;
#5041 = ORIENTED_EDGE ( 'NONE', *, *, #2089, .T. ) ;
#5042 = ORIENTED_EDGE ( 'NONE', *, *, #3860, .F. ) ;
#5043 = CARTESIAN_POINT ( 'NONE',  ( 18.17537424984308814, -1.260317096475860321, 19.09999999999999432 ) ) ;
#5044 = CIRCLE ( 'NONE', #5389, 1.350000000000002309 ) ;
#5045 = ADVANCED_FACE ( 'NONE', ( #163 ), #3679, .T. ) ;
#5046 = CARTESIAN_POINT ( 'NONE',  ( -18.06941726076545862, -2.032823297541922258, -16.99999999999988987 ) ) ;
#5047 = LINE ( 'NONE', #410, #1607 ) ;
#5048 = DIRECTION ( 'NONE',  ( -1.000000000000000000, 0.000000000000000000, 0.000000000000000000 ) ) ;
#5049 = ORIENTED_EDGE ( 'NONE', *, *, #773, .T. ) ;
#5050 = ORIENTED_EDGE ( 'NONE', *, *, #2289, .F. ) ;
#5051 = CARTESIAN_POINT ( 'NONE',  ( -17.26040677610995289, -3.279411780186962222, -17.21349548261527929 ) ) ;
#5052 = ORIENTED_EDGE ( 'NONE', *, *, #3446, .T. ) ;
#5053 = PLANE ( 'NONE',  #1170 ) ;
#5054 = DIRECTION ( 'NONE',  ( -0.000000000000000000, 1.000000000000000000, -0.000000000000000000 ) ) ;
#5055 = CARTESIAN_POINT ( 'NONE',  ( 4.510987072099075235, -2.670629554762307123, 19.35848106308818117 ) ) ;
#5056 = CARTESIAN_POINT ( 'NONE',  ( -16.47586025187432668, -2.441904586412985356, -18.62953024494370524 ) ) ;
#5057 = CARTESIAN_POINT ( 'NONE',  ( -17.11947023826666126, -1.825095997098753475, 16.70502349905506989 ) ) ;
#5058 = EDGE_CURVE ( 'NONE', #385, #1435, #2776, .T. ) ;
#5059 = CARTESIAN_POINT ( 'NONE',  ( -16.40687602906891129, -2.658645796400990413, -18.41804848441871201 ) ) ;
#5060 = ORIENTED_EDGE ( 'NONE', *, *, #4192, .F. ) ;
#5061 = DIRECTION ( 'NONE',  ( 0.000000000000000000, 0.000000000000000000, -1.000000000000000000 ) ) ;
#5062 = VECTOR ( 'NONE', #5386, 1000.000000000000000 ) ;
#5063 = DIRECTION ( 'NONE',  ( -0.000000000000000000, -1.000000000000000000, -0.000000000000000000 ) ) ;
#5064 = CARTESIAN_POINT ( 'NONE',  ( -16.95252793982289674, -2.367902030710607342, 16.29354437711456427 ) ) ;
#5065 = AXIS2_PLACEMENT_3D ( 'NONE', #534, #3458, #3093 ) ;
#5066 = DIRECTION ( 'NONE',  ( 1.000000000000000000, 0.000000000000000000, 0.000000000000000000 ) ) ;
#5067 = CARTESIAN_POINT ( 'NONE',  ( -17.36694975814086561, -2.761276782429340937, -0.9834472306440678047 ) ) ;
#5068 = ORIENTED_EDGE ( 'NONE', *, *, #2499, .F. ) ;
#5069 = ADVANCED_FACE ( 'NONE', ( #2247 ), #3204, .F. ) ;
#5070 = ORIENTED_EDGE ( 'NONE', *, *, #2200, .F. ) ;
#5071 = DIRECTION ( 'NONE',  ( -0.000000000000000000, 1.000000000000000000, -0.000000000000000000 ) ) ;
#5072 = CARTESIAN_POINT ( 'NONE',  ( -15.99999999999999645, 0.000000000000000000, 19.10000000000000497 ) ) ;
#5073 = ORIENTED_EDGE ( 'NONE', *, *, #4122, .T. ) ;
#5074 = LINE ( 'NONE', #1234, #4832 ) ;
#5075 = ORIENTED_EDGE ( 'NONE', *, *, #2253, .F. ) ;
#5076 = EDGE_CURVE ( 'NONE', #885, #3083, #1380, .T. ) ;
#5077 = ORIENTED_EDGE ( 'NONE', *, *, #528, .F. ) ;
#5078 = CARTESIAN_POINT ( 'NONE',  ( -16.95269420987110109, -2.177256420440653262, -16.29338206612979789 ) ) ;
#5079 = CIRCLE ( 'NONE', #2025, 0.2999999999999981570 ) ;
#5080 = ORIENTED_EDGE ( 'NONE', *, *, #3734, .T. ) ;
#5081 = FACE_OUTER_BOUND ( 'NONE', #67, .T. ) ;
#5082 = CARTESIAN_POINT ( 'NONE',  ( -15.99999999999999289, -0.6220286093256309767, 21.26442984884771548 ) ) ;
#5083 = CARTESIAN_POINT ( 'NONE',  ( -18.06941726076510335, -2.032823297542472041, 17.00000000000011369 ) ) ;
#5084 = CARTESIAN_POINT ( 'NONE',  ( -17.14999999999982094, -1.760630054847579284, 0.07424896174087333711 ) ) ;
#5085 = EDGE_CURVE ( 'NONE', #3169, #560, #3174, .T. ) ;
#5086 = CARTESIAN_POINT ( 'NONE',  ( -17.74330295098941690, -2.535326479272311140, 15.94613755291226020 ) ) ;
#5087 = CARTESIAN_POINT ( 'NONE',  ( -15.99999999999999645, -2.461276782429340670, 19.27586025187433449 ) ) ;
#5088 = ORIENTED_EDGE ( 'NONE', *, *, #2639, .T. ) ;
#5089 = CARTESIAN_POINT ( 'NONE',  ( -16.67586025187432597, -7.000000000000000000, 15.37046975505648838 ) ) ;
#5090 = AXIS2_PLACEMENT_3D ( 'NONE', #3034, #503, #2077 ) ;
#5091 = EDGE_CURVE ( 'NONE', #3083, #436, #4929, .T. ) ;
#5092 = FACE_OUTER_BOUND ( 'NONE', #4475, .T. ) ;
#5093 = CARTESIAN_POINT ( 'NONE',  ( -17.79903525207011228, -2.449449663141677114, 17.96832827974768776 ) ) ;
#5094 = ORIENTED_EDGE ( 'NONE', *, *, #2200, .T. ) ;
#5095 = LINE ( 'NONE', #2334, #2863 ) ;
#5096 = DIRECTION ( 'NONE',  ( 0.000000000000000000, 0.000000000000000000, 1.000000000000000000 ) ) ;
#5097 = ORIENTED_EDGE ( 'NONE', *, *, #2915, .F. ) ;
#5098 = CARTESIAN_POINT ( 'NONE',  ( -16.40541907913247144, -2.671244943361698265, -15.57543473553130831 ) ) ;
#5099 = AXIS2_PLACEMENT_3D ( 'NONE', #2853, #354, #750 ) ;
#5100 = ORIENTED_EDGE ( 'NONE', *, *, #2482, .T. ) ;
#5101 = ORIENTED_EDGE ( 'NONE', *, *, #3741, .F. ) ;
#5102 = TOROIDAL_SURFACE ( 'NONE', #4393, 1.433720620833699888, 0.3000000000000005440 ) ;
#5103 = CIRCLE ( 'NONE', #4574, 1.685370977292970807 ) ;
#5104 = CARTESIAN_POINT ( 'NONE',  ( -17.68091756879049825, -2.631454898383847052, -15.86575273875448211 ) ) ;
#5105 = AXIS2_PLACEMENT_3D ( 'NONE', #1161, #4974, #914 ) ;
#5106 = EDGE_CURVE ( 'NONE', #2175, #71, #4476, .T. ) ;
#5107 = AXIS2_PLACEMENT_3D ( 'NONE', #2426, #4146, #1169 ) ;
#5108 = EDGE_LOOP ( 'NONE', ( #2804, #20, #1268, #3536 ) ) ;
#5109 = CARTESIAN_POINT ( 'NONE',  ( 15.99999999999999645, -2.461276782429340670, -19.57586025187432810 ) ) ;
#5110 = EDGE_CURVE ( 'NONE', #3782, #1429, #297, .T. ) ;
#5111 = LINE ( 'NONE', #1272, #2887 ) ;
#5112 = CARTESIAN_POINT ( 'NONE',  ( 5.151766373851041081, -3.261260459800138456, 19.28795747870148958 ) ) ;
#5113 = CARTESIAN_POINT ( 'NONE',  ( -17.02323375616383672, -2.028306737900647416, 0.5759444623557234966 ) ) ;
#5114 = ADVANCED_FACE ( 'NONE', ( #2304 ), #2106, .T. ) ;
#5115 = CARTESIAN_POINT ( 'NONE',  ( -16.17586025187432242, -2.432301537196452923, -18.57485994178885491 ) ) ;
#5116 = VERTEX_POINT ( 'NONE', #1023 ) ;
#5117 = CARTESIAN_POINT ( 'NONE',  ( -17.43372079780339590, -2.761276782429340937, 1.073441219860635565 ) ) ;
#5118 = CARTESIAN_POINT ( 'NONE',  ( -16.95252793982118789, -2.367902030712689232, 0.7064556228884197875 ) ) ;
#5119 = ADVANCED_FACE ( 'NONE', ( #1911 ), #1495, .T. ) ;
#5120 = DIRECTION ( 'NONE',  ( -9.082321863752915673E-17, -0.000000000000000000, 1.000000000000000000 ) ) ;
#5121 = DIRECTION ( 'NONE',  ( -1.000000000000000000, 0.000000000000000000, 0.000000000000000000 ) ) ;
#5122 = CARTESIAN_POINT ( 'NONE',  ( -17.33388598017342019, -3.166189107259230973, 17.22545804273720549 ) ) ;
#5123 = CARTESIAN_POINT ( 'NONE',  ( 16.00000000000000355, -2.624592728049848667, -20.78537097729297756 ) ) ;
#5124 = CARTESIAN_POINT ( 'NONE',  ( -16.00000000000000355, -1.260317096475860321, -19.09999999999999787 ) ) ;
#5125 = PLANE ( 'NONE',  #3735 ) ;
#5126 = EDGE_LOOP ( 'NONE', ( #352, #1877, #1821, #4328, #4406, #826 ) ) ;
#5127 = CARTESIAN_POINT ( 'NONE',  ( -16.39643796601617254, -2.605314419040138940, -15.65016017861684716 ) ) ;
#5128 = LINE ( 'NONE', #1288, #1086 ) ;
#5129 = ORIENTED_EDGE ( 'NONE', *, *, #3860, .T. ) ;
#5130 = VECTOR ( 'NONE', #176, 1000.000000000000000 ) ;
#5131 = ORIENTED_EDGE ( 'NONE', *, *, #1028, .F. ) ;
#5132 = CARTESIAN_POINT ( 'NONE',  ( -17.05310072699645119, -1.965240329655209894, -16.49230775674811156 ) ) ;
#5133 = ORIENTED_EDGE ( 'NONE', *, *, #189, .T. ) ;
#5134 = ORIENTED_EDGE ( 'NONE', *, *, #60, .F. ) ;
#5135 = CARTESIAN_POINT ( 'NONE',  ( -16.47586025187432668, -2.461276782429340670, -19.09999999999999787 ) ) ;
#5136 = EDGE_LOOP ( 'NONE', ( #5042, #3620, #472, #633 ) ) ;
#5137 = CARTESIAN_POINT ( 'NONE',  ( 4.999999999999999112, -2.720832312493715932, 18.81913644042592892 ) ) ;
#5138 = EDGE_CURVE ( 'NONE', #1401, #5296, #561, .T. ) ;
#5139 = CARTESIAN_POINT ( 'NONE',  ( -17.11947023826678560, -1.825095997098516776, 0.2949765009454321518 ) ) ;
#5140 = DIRECTION ( 'NONE',  ( 0.000000000000000000, 0.000000000000000000, -1.000000000000000000 ) ) ;
#5141 = ORIENTED_EDGE ( 'NONE', *, *, #1606, .F. ) ;
#5142 = CARTESIAN_POINT ( 'NONE',  ( -17.41430376235657462, -2.761276782429340937, 1.015631149066502870 ) ) ;
#5143 = CARTESIAN_POINT ( 'NONE',  ( -17.36765182934673035, -2.681282637093902466, 0.7373083994866002078 ) ) ;
#5144 = EDGE_CURVE ( 'NONE', #3983, #3782, #3542, .T. ) ;
#5145 = CARTESIAN_POINT ( 'NONE',  ( -16.17586025187432242, -2.408774909682639631, -18.44091778762575373 ) ) ;
#5146 = DIRECTION ( 'NONE',  ( 0.000000000000000000, 0.000000000000000000, 1.000000000000000000 ) ) ;
#5147 = CIRCLE ( 'NONE', #2821, 1.350000000000000089 ) ;
#5148 = FACE_OUTER_BOUND ( 'NONE', #1699, .T. ) ;
#5149 = ORIENTED_EDGE ( 'NONE', *, *, #4863, .T. ) ;
#5150 = CARTESIAN_POINT ( 'NONE',  ( -17.43372079780329642, -2.761276782429341825, -18.07344121986085739 ) ) ;
#5151 = DIRECTION ( 'NONE',  ( 0.5621025027273511832, -1.011922027653135526E-14, 0.8270675766995391198 ) ) ;
#5152 = PLANE ( 'NONE',  #5164 ) ;
#5153 = AXIS2_PLACEMENT_3D ( 'NONE', #4059, #4811, #3573 ) ;
#5154 = LINE ( 'NONE', #519, #905 ) ;
#5155 = ORIENTED_EDGE ( 'NONE', *, *, #145, .T. ) ;
#5156 = VERTEX_POINT ( 'NONE', #2695 ) ;
#5157 = DIRECTION ( 'NONE',  ( 0.000000000000000000, 0.000000000000000000, 1.000000000000000000 ) ) ;
#5158 = EDGE_CURVE ( 'NONE', #2896, #2097, #928, .T. ) ;
#5159 = ORIENTED_EDGE ( 'NONE', *, *, #1440, .T. ) ;
#5160 = DIRECTION ( 'NONE',  ( -0.000000000000000000, 1.000000000000000000, 0.000000000000000000 ) ) ;
#5161 = ORIENTED_EDGE ( 'NONE', *, *, #845, .T. ) ;
#5162 = CARTESIAN_POINT ( 'NONE',  ( -18.06941726076510335, -2.032823297542471597, 16.58800678516573512 ) ) ;
#5163 = CARTESIAN_POINT ( 'NONE',  ( 17.86442984884772045, -0.6220286093256309767, -19.09999999999999787 ) ) ;
#5164 = AXIS2_PLACEMENT_3D ( 'NONE', #3023, #517, #2967 ) ;
#5165 = DIRECTION ( 'NONE',  ( 1.501925087425806872E-16, 0.000000000000000000, 1.000000000000000000 ) ) ;
#5166 = ORIENTED_EDGE ( 'NONE', *, *, #1710, .T. ) ;
#5167 = CARTESIAN_POINT ( 'NONE',  ( 5.000060956746284369, -2.761276782429340493, -18.82806816572862374 ) ) ;
#5168 = AXIS2_PLACEMENT_3D ( 'NONE', #982, #2678, #3074 ) ;
#5169 = DIRECTION ( 'NONE',  ( -0.000000000000000000, 1.000000000000000000, -0.000000000000000000 ) ) ;
#5170 = DIRECTION ( 'NONE',  ( 1.000000000000000000, -0.000000000000000000, 2.168404344971008868E-16 ) ) ;
#5171 = CARTESIAN_POINT ( 'NONE',  ( -15.99999999999998934, 0.000000000000000000, 20.96442984884771832 ) ) ;
#5172 = EDGE_CURVE ( 'NONE', #4644, #3358, #103, .T. ) ;
#5173 = EDGE_CURVE ( 'NONE', #3266, #2519, #2327, .T. ) ;
#5174 = CARTESIAN_POINT ( 'NONE',  ( -17.68537097729297614, -2.624592728049846890, -1.128485578551361446 ) ) ;
#5175 = CIRCLE ( 'NONE', #4107, 1.433720620833696335 ) ;
#5176 = CARTESIAN_POINT ( 'NONE',  ( -16.00000000000000355, 0.000000000000000000, -19.09999999999999787 ) ) ;
#5177 = PLANE ( 'NONE',  #4302 ) ;
#5178 = ADVANCED_FACE ( 'NONE', ( #3711, #4187 ), #3235, .F. ) ;
#5179 = DIRECTION ( 'NONE',  ( 0.8270675766995562173, 0.000000000000000000, 0.5621025027273263142 ) ) ;
#5180 = ORIENTED_EDGE ( 'NONE', *, *, #912, .T. ) ;
#5181 = EDGE_CURVE ( 'NONE', #2372, #2097, #281, .T. ) ;
#5182 = CARTESIAN_POINT ( 'NONE',  ( 0.000000000000000000, -1.260317096475860321, -21.57537424984308672 ) ) ;
#5183 = ORIENTED_EDGE ( 'NONE', *, *, #941, .F. ) ;
#5184 = DIRECTION ( 'NONE',  ( 0.000000000000000000, 0.000000000000000000, 1.000000000000000000 ) ) ;
#5185 = CARTESIAN_POINT ( 'NONE',  ( -17.15000000039921702, -3.449535428294674855, 0.06961243931737848278 ) ) ;
#5186 = ORIENTED_EDGE ( 'NONE', *, *, #5292, .F. ) ;
#5187 = CARTESIAN_POINT ( 'NONE',  ( -17.24905748608679801, -2.634907256873727288, 0.6922889248850717658 ) ) ;
#5188 =( BOUNDED_CURVE ( )  B_SPLINE_CURVE ( 3, ( #3534, #581, #4849, #4438 ),
 .UNSPECIFIED., .F., .T. ) 
 B_SPLINE_CURVE_WITH_KNOTS ( ( 4, 4 ),
 ( 0.000000000000000000, 0.6017022827456320888 ),
 .UNSPECIFIED. ) 
 CURVE ( )  GEOMETRIC_REPRESENTATION_ITEM ( )  RATIONAL_B_SPLINE_CURVE ( ( 1.000000000000000000, 0.9700564090925594130, 0.9700564090925594130, 1.000000000000000000 ) ) 
 REPRESENTATION_ITEM ( '' )  );
#5189 = CIRCLE ( 'NONE', #4925, 1.864429848847718674 ) ;
#5190 = ORIENTED_EDGE ( 'NONE', *, *, #22, .F. ) ;
#5191 = PLANE ( 'NONE',  #1594 ) ;
#5192 = FACE_OUTER_BOUND ( 'NONE', #4226, .T. ) ;
#5193 = AXIS2_PLACEMENT_3D ( 'NONE', #2017, #1551, #310 ) ;
#5194 = TOROIDAL_SURFACE ( 'NONE', #1254, 2.175374249843088137, 0.3000000000000009881 ) ;
#5195 = CIRCLE ( 'NONE', #3136, 1.349999999999996980 ) ;
#5196 = CARTESIAN_POINT ( 'NONE',  ( 18.27298027571892902, -0.9766393502342392008, -19.09999999999999787 ) ) ;
#5197 = ORIENTED_EDGE ( 'NONE', *, *, #4814, .T. ) ;
#5198 = CARTESIAN_POINT ( 'NONE',  ( -17.36694975814089048, -2.761276782429340493, -17.98344723064433026 ) ) ;
#5199 = CARTESIAN_POINT ( 'NONE',  ( -16.47586025187432668, -2.761276782429341381, -19.09999999999999787 ) ) ;
#5200 = VECTOR ( 'NONE', #5024, 1000.000000000000000 ) ;
#5201 = AXIS2_PLACEMENT_3D ( 'NONE', #319, #2427, #3722 ) ;
#5202 = DIRECTION ( 'NONE',  ( -0.000000000000000000, 1.000000000000000000, -0.000000000000000000 ) ) ;
#5203 = FACE_BOUND ( 'NONE', #3218, .T. ) ;
#5204 = CARTESIAN_POINT ( 'NONE',  ( 19.99999999999999645, 1.000000000000000000, -23.09999999999999787 ) ) ;
#5205 = DIRECTION ( 'NONE',  ( 0.000000000000000000, 1.000000000000000000, 0.000000000000000000 ) ) ;
#5206 = EDGE_CURVE ( 'NONE', #3027, #3083, #4571, .T. ) ;
#5207 = ADVANCED_FACE ( 'NONE', ( #2862 ), #5053, .F. ) ;
#5208 = CARTESIAN_POINT ( 'NONE',  ( -17.43372062083369656, -2.761276782429340493, -18.12848557855159015 ) ) ;
#5209 = ORIENTED_EDGE ( 'NONE', *, *, #148, .F. ) ;
#5210 = DIRECTION ( 'NONE',  ( 0.000000000000000000, 0.000000000000000000, -1.000000000000000000 ) ) ;
#5211 = CIRCLE ( 'NONE', #4394, 0.3000000000000016542 ) ;
#5212 = ORIENTED_EDGE ( 'NONE', *, *, #1702, .F. ) ;
#5213 = EDGE_CURVE ( 'NONE', #2450, #1982, #4488, .T. ) ;
#5214 = EDGE_LOOP ( 'NONE', ( #3442, #3670, #1353, #4265 ) ) ;
#5215 = CARTESIAN_POINT ( 'NONE',  ( -18.06941726076510335, -2.032823297542471597, 17.00000000000011013 ) ) ;
#5216 = CARTESIAN_POINT ( 'NONE',  ( 16.00000000000000355, -0.6220286093256309767, -21.26442984884771548 ) ) ;
#5217 = ORIENTED_EDGE ( 'NONE', *, *, #64, .F. ) ;
#5218 = PLANE ( 'NONE',  #4928 ) ;
#5219 = ORIENTED_EDGE ( 'NONE', *, *, #1000, .T. ) ;
#5220 = EDGE_CURVE ( 'NONE', #75, #3716, #390, .T. ) ;
#5221 = CARTESIAN_POINT ( 'NONE',  ( -16.00000000000000000, -2.761276782429340493, -19.57586025187432455 ) ) ;
#5222 = DIRECTION ( 'NONE',  ( 0.000000000000000000, 0.000000000000000000, 1.000000000000000000 ) ) ;
#5223 =( BOUNDED_SURFACE ( )  B_SPLINE_SURFACE ( 3, 2, ( 
 ( #3059, #634, #3558 ),
 ( #1456, #4873, #4464 ),
 ( #4820, #181, #1423 ),
 ( #2265, #3139, #4847 ),
 ( #605, #2686, #2712 ),
 ( #522, #987, #2293 ),
 ( #2741, #938, #3586 ),
 ( #3166, #4410, #1045 ),
 ( #4006, #5185, #1865 ),
 ( #4766, #4039, #4378 ) ),
 .UNSPECIFIED., .F., .F., .F. ) 
 B_SPLINE_SURFACE_WITH_KNOTS ( ( 4, 2, 2, 2, 4 ),
 ( 3, 3 ),
 ( 5.623198249360006784, 5.788195013814901202, 5.953191778269796508, 6.118188542724691814, 6.283185307179586232 ),
 ( 0.000000000000000000, 1.000000000000000000 ),
 .UNSPECIFIED. ) 
 GEOMETRIC_REPRESENTATION_ITEM ( )  RATIONAL_B_SPLINE_SURFACE ( (
 ( 1.000000000000000000, 0.4106827171458099501, 1.000000000000000000),
 ( 1.000000000000000000, 0.3934704490748459071, 1.000000000000000000),
 ( 1.000000000000000000, 0.3769759478149062315, 1.000000000000000000),
 ( 1.000000000000000000, 0.3466924852752155672, 1.000000000000000000),
 ( 1.000000000000000000, 0.3329004083484150556, 1.000000000000000000),
 ( 1.000000000000000000, 0.3096340490514986055, 1.000000000000000000),
 ( 1.000000000000000000, 0.3001821161216068901, 1.000000000000000000),
 ( 1.000000000000000000, 0.2872832617058212468, 1.000000000000000000),
 ( 1.000000000000000000, 0.2838492191247840024, 1.000000000000000000),
 ( 1.000000000000000000, 0.2838709904772651060, 1.000000000000000000) ) ) 
 REPRESENTATION_ITEM ( '' )  SURFACE ( )  );
#5224 = CARTESIAN_POINT ( 'NONE',  ( 16.00000000000000355, -2.761276782429340493, -20.53372062083370153 ) ) ;
#5225 = ORIENTED_EDGE ( 'NONE', *, *, #3688, .T. ) ;
#5226 = DIRECTION ( 'NONE',  ( 9.082321863752916905E-17, -0.000000000000000000, -1.000000000000000000 ) ) ;
#5227 = CARTESIAN_POINT ( 'NONE',  ( -17.43372079780329997, -2.761276782429340937, 15.92655878013996329 ) ) ;
#5228 = CARTESIAN_POINT ( 'NONE',  ( -18.17537424984308103, -1.260317096475860321, -19.09999999999999787 ) ) ;
#5229 = CARTESIAN_POINT ( 'NONE',  ( -17.68537097729297258, -2.624592728049848667, -1.128485578551358115 ) ) ;
#5230 = CARTESIAN_POINT ( 'NONE',  ( 1.877765552635376824E-13, 1.000000000000000000, 0.000000000000000000 ) ) ;
#5231 = CARTESIAN_POINT ( 'NONE',  ( -16.40038422692447639, -2.448234810786908078, -18.23957877705739250 ) ) ;
#5232 = CARTESIAN_POINT ( 'NONE',  ( -17.43372062083369656, -2.761276782429340493, 18.07274638585066029 ) ) ;
#5233 = LINE ( 'NONE', #459, #1609 ) ;
#5234 = B_SPLINE_CURVE_WITH_KNOTS ( 'NONE', 3,
 ( #1031, #625, #3184, #3946, #5257, #5312 ),
 .UNSPECIFIED., .F., .F.,
 ( 4, 2, 4 ),
 ( -4.529101847638601009E-06, 0.0002885454276274105560, 0.0005816199571024596943 ),
 .UNSPECIFIED. ) ;
#5235 = CARTESIAN_POINT ( 'NONE',  ( -15.99999999999999645, -0.9057063555672495436, 19.10000000000000497 ) ) ;
#5236 = PLANE ( 'NONE',  #2441 ) ;
#5237 = VERTEX_POINT ( 'NONE', #754 ) ;
#5238 = TOROIDAL_SURFACE ( 'NONE', #1130, 2.175374249843084584, 0.2999999999999993228 ) ;
#5239 = DIRECTION ( 'NONE',  ( 0.000000000000000000, 0.000000000000000000, 1.000000000000000000 ) ) ;
#5240 = DIRECTION ( 'NONE',  ( -3.527488843408839762E-17, -0.9455924874720629258, 0.3253534195861428335 ) ) ;
#5241 = ORIENTED_EDGE ( 'NONE', *, *, #328, .F. ) ;
#5242 = PLANE ( 'NONE',  #290 ) ;
#5243 = EDGE_CURVE ( 'NONE', #771, #5321, #360, .T. ) ;
#5244 = ORIENTED_EDGE ( 'NONE', *, *, #3286, .T. ) ;
#5245 = CARTESIAN_POINT ( 'NONE',  ( -19.99999999999999645, 1.000000000000000000, 23.10000000000000497 ) ) ;
#5246 = CARTESIAN_POINT ( 'NONE',  ( 4.748991785070407978, -2.761276782429340937, -19.50863720281942193 ) ) ;
#5247 = ORIENTED_EDGE ( 'NONE', *, *, #2706, .F. ) ;
#5248 = DIRECTION ( 'NONE',  ( 0.000000000000000000, -0.000000000000000000, 1.000000000000000000 ) ) ;
#5249 = EDGE_LOOP ( 'NONE', ( #3842, #461, #4770, #1502, #849, #3334, #1776 ) ) ;
#5250 = CARTESIAN_POINT ( 'NONE',  ( 18.47537424984308529, -1.260317096475860321, 19.09999999999999787 ) ) ;
#5251 = VECTOR ( 'NONE', #4679, 1000.000000000000000 ) ;
#5252 = CARTESIAN_POINT ( 'NONE',  ( -16.17586025187432242, 0.000000000000000000, -15.37046975505607449 ) ) ;
#5253 = FACE_OUTER_BOUND ( 'NONE', #2601, .T. ) ;
#5254 = AXIS2_PLACEMENT_3D ( 'NONE', #1280, #5477, #2989 ) ;
#5255 = CARTESIAN_POINT ( 'NONE',  ( -16.42651365871102342, -2.712846292388428449, 1.510553332451166408 ) ) ;
#5256 = CARTESIAN_POINT ( 'NONE',  ( -16.42651365871099856, -2.712846292388405800, 15.48944666754917243 ) ) ;
#5257 = CARTESIAN_POINT ( 'NONE',  ( -16.40541907913241815, -2.671244943361636093, 18.42456526446848741 ) ) ;
#5258 = DIRECTION ( 'NONE',  ( -0.000000000000000000, -1.000000000000000000, 0.000000000000000000 ) ) ;
#5259 = CARTESIAN_POINT ( 'NONE',  ( -16.36815602831016037, -2.295410210120339300, -15.77272930395380257 ) ) ;
#5260 = DIRECTION ( 'NONE',  ( -1.000000000000000000, 0.000000000000000000, 0.000000000000000000 ) ) ;
#5261 = AXIS2_PLACEMENT_3D ( 'NONE', #5221, #4878, #2209 ) ;
#5262 = CARTESIAN_POINT ( 'NONE',  ( -20.00000000000000355, 1.000000000000000000, -19.09999999999999787 ) ) ;
#5263 = EDGE_LOOP ( 'NONE', ( #2124, #4033, #1737, #5159 ) ) ;
#5264 = ORIENTED_EDGE ( 'NONE', *, *, #1987, .T. ) ;
#5265 = ADVANCED_FACE ( 'NONE', ( #3308 ), #664, .T. ) ;
#5266 = LINE ( 'NONE', #1421, #3459 ) ;
#5267 = CARTESIAN_POINT ( 'NONE',  ( -17.43372062083370011, -2.761276782429340493, 1.128485578551573276 ) ) ;
#5268 = ORIENTED_EDGE ( 'NONE', *, *, #3259, .F. ) ;
#5269 = ORIENTED_EDGE ( 'NONE', *, *, #4834, .F. ) ;
#5270 = CARTESIAN_POINT ( 'NONE',  ( 17.68537097729297969, -2.624592728049849111, -19.09999999999999787 ) ) ;
#5271 = CARTESIAN_POINT ( 'NONE',  ( -15.99999999999999645, 0.000000000000000000, 19.10000000000000497 ) ) ;
#5272 = ADVANCED_FACE ( 'NONE', ( #4998 ), #3042, .T. ) ;
#5273 = VERTEX_POINT ( 'NONE', #3261 ) ;
#5274 = EDGE_CURVE ( 'NONE', #1595, #4157, #1968, .T. ) ;
#5275 = CARTESIAN_POINT ( 'NONE',  ( 4.500000000000005329, 0.000000000000000000, -18.77586025187432384 ) ) ;
#5276 = VERTEX_POINT ( 'NONE', #3904 ) ;
#5277 = CARTESIAN_POINT ( 'NONE',  ( 16.00000000000000000, -0.6220286093256309767, -19.09999999999999787 ) ) ;
#5278 = DIRECTION ( 'NONE',  ( -0.000000000000000000, 1.000000000000000000, -0.000000000000000000 ) ) ;
#5279 = AXIS2_PLACEMENT_3D ( 'NONE', #1914, #1555, #257 ) ;
#5280 = AXIS2_PLACEMENT_3D ( 'NONE', #3021, #1390, #3837 ) ;
#5281 = EDGE_CURVE ( 'NONE', #2073, #1418, #2858, .T. ) ;
#5282 = DIRECTION ( 'NONE',  ( -0.000000000000000000, 1.000000000000000000, -0.000000000000000000 ) ) ;
#5283 = LINE ( 'NONE', #1503, #1520 ) ;
#5284 = AXIS2_PLACEMENT_3D ( 'NONE', #1734, #47, #4529 ) ;
#5285 = CARTESIAN_POINT ( 'NONE',  ( -17.36694975814089048, -2.761276782429340493, -16.01655276935544947 ) ) ;
#5286 = CARTESIAN_POINT ( 'NONE',  ( -17.36694975814087272, -2.461276782429340226, -0.9834472306440669165 ) ) ;
#5287 = CARTESIAN_POINT ( 'NONE',  ( -16.40215748671856488, -2.433509384184599611, -15.76716710833878743 ) ) ;
#5288 = EDGE_CURVE ( 'NONE', #1408, #3199, #1242, .T. ) ;
#5289 = CARTESIAN_POINT ( 'NONE',  ( -16.43914126488116878, 0.000000000000000000, 15.81088333477098296 ) ) ;
#5290 = CARTESIAN_POINT ( 'NONE',  ( -17.58754440362145033, -2.684375009530384215, -0.8908517138466679475 ) ) ;
#5291 = EDGE_LOOP ( 'NONE', ( #2602, #3050, #2365, #4509 ) ) ;
#5292 = EDGE_CURVE ( 'NONE', #3793, #4734, #4248, .T. ) ;
#5293 = CARTESIAN_POINT ( 'NONE',  ( 0.000000000000000000, -1.260317096475860321, -21.27537424984308245 ) ) ;
#5294 = ORIENTED_EDGE ( 'NONE', *, *, #3422, .F. ) ;
#5295 = CARTESIAN_POINT ( 'NONE',  ( -16.39190915963017048, -2.321167180382172734, 18.21450356426179695 ) ) ;
#5296 = VERTEX_POINT ( 'NONE', #5489 ) ;
#5297 = CARTESIAN_POINT ( 'NONE',  ( -16.97434785945357305, -2.520780012317996199, 0.7675419898961070020 ) ) ;
#5298 = CARTESIAN_POINT ( 'NONE',  ( -16.39725414339950404, -2.551923107062354923, 15.68898086929060653 ) ) ;
#5299 = ORIENTED_EDGE ( 'NONE', *, *, #1580, .F. ) ;
#5300 = DIRECTION ( 'NONE',  ( 1.000000000000000000, -0.000000000000000000, 2.168404344971008868E-16 ) ) ;
#5301 = ORIENTED_EDGE ( 'NONE', *, *, #1052, .F. ) ;
#5302 = CARTESIAN_POINT ( 'NONE',  ( 16.00000000000000000, -1.260317096475860321, -19.09999999999999787 ) ) ;
#5303 = ADVANCED_FACE ( 'NONE', ( #45 ), #2101, .T. ) ;
#5304 = CARTESIAN_POINT ( 'NONE',  ( -15.99999999999999289, -2.624592728049849111, 20.78537097729298111 ) ) ;
#5305 = CARTESIAN_POINT ( 'NONE',  ( -17.43232950518513036, -2.761276782429341381, 16.11275136069987113 ) ) ;
#5306 = AXIS2_PLACEMENT_3D ( 'NONE', #3420, #5054, #1676 ) ;
#5307 = DIRECTION ( 'NONE',  ( 0.000000000000000000, 0.4020662621606280185, -0.9156105726957182167 ) ) ;
#5308 = FACE_OUTER_BOUND ( 'NONE', #2746, .T. ) ;
#5309 = VERTEX_POINT ( 'NONE', #1650 ) ;
#5310 = CARTESIAN_POINT ( 'NONE',  ( -18.06941726076545862, -2.032823297541922258, -16.99999999999988987 ) ) ;
#5311 = EDGE_CURVE ( 'NONE', #4581, #3331, #2278, .T. ) ;
#5312 = CARTESIAN_POINT ( 'NONE',  ( -16.42651365871099500, -2.712846292388403580, 18.51055333245104961 ) ) ;
#5313 = DIRECTION ( 'NONE',  ( -1.000000000000000000, 0.000000000000000000, 0.000000000000000000 ) ) ;
#5314 = CARTESIAN_POINT ( 'NONE',  ( -16.18667063810972095, -2.637089349345781208, -15.53698098802660965 ) ) ;
#5315 = CARTESIAN_POINT ( 'NONE',  ( -17.24239954929829821, -2.631606310373455937, -16.30963101004170213 ) ) ;
#5316 = DIRECTION ( 'NONE',  ( 0.000000000000000000, 0.000000000000000000, -1.000000000000000000 ) ) ;
#5317 = VERTEX_POINT ( 'NONE', #70 ) ;
#5318 = ORIENTED_EDGE ( 'NONE', *, *, #1367, .F. ) ;
#5319 = DIRECTION ( 'NONE',  ( -9.082321863752915673E-17, -0.000000000000000000, 1.000000000000000000 ) ) ;
#5320 = EDGE_LOOP ( 'NONE', ( #4900, #3005, #4164, #3958 ) ) ;
#5321 = VERTEX_POINT ( 'NONE', #3061 ) ;
#5322 = DIRECTION ( 'NONE',  ( 7.290894623554095650E-15, 0.000000000000000000, -1.000000000000000000 ) ) ;
#5323 = VECTOR ( 'NONE', #5522, 1000.000000000000000 ) ;
#5324 = VERTEX_POINT ( 'NONE', #3363 ) ;
#5325 = DIRECTION ( 'NONE',  ( -0.000000000000000000, 1.000000000000000000, -0.000000000000000000 ) ) ;
#5326 = CARTESIAN_POINT ( 'NONE',  ( -15.99999999999999645, 0.000000000000000000, 19.10000000000000497 ) ) ;
#5327 = TOROIDAL_SURFACE ( 'NONE', #2637, 1.850000000000000533, 0.5000000000000000000 ) ;
#5328 = EDGE_LOOP ( 'NONE', ( #1787, #3790, #2816, #2329, #4914 ) ) ;
#5329 = ORIENTED_EDGE ( 'NONE', *, *, #577, .F. ) ;
#5330 = DIRECTION ( 'NONE',  ( 0.000000000000000000, 1.000000000000000000, 0.000000000000000000 ) ) ;
#5331 = CIRCLE ( 'NONE', #607, 2.475374249843086183 ) ;
#5332 = DIRECTION ( 'NONE',  ( -1.084202172485508625E-16, 0.000000000000000000, 1.000000000000000000 ) ) ;
#5333 = CARTESIAN_POINT ( 'NONE',  ( -16.95338979417128655, -2.370193824685042916, -0.7052004441624499798 ) ) ;
#5334 = CARTESIAN_POINT ( 'NONE',  ( -16.67586025187432242, 0.000000000000000000, -15.37046975505607449 ) ) ;
#5335 = ORIENTED_EDGE ( 'NONE', *, *, #903, .T. ) ;
#5336 = PLANE ( 'NONE',  #2414 ) ;
#5337 = CARTESIAN_POINT ( 'NONE',  ( -16.17586025187432242, 0.000000000000000000, -19.09999999999999787 ) ) ;
#5338 = CARTESIAN_POINT ( 'NONE',  ( -18.16442984884771050, -0.6220286093256309767, -19.09999999999999787 ) ) ;
#5339 = CARTESIAN_POINT ( 'NONE',  ( -16.17586025187432242, -2.461276782429339782, -18.69011843426353892 ) ) ;
#5340 = VECTOR ( 'NONE', #693, 1000.000000000000227 ) ;
#5341 = ADVANCED_FACE ( 'NONE', ( #2552 ), #1754, .F. ) ;
#5342 = CARTESIAN_POINT ( 'NONE',  ( -17.68091756879049825, -2.631454898383847496, -18.13424726124529940 ) ) ;
#5343 = DIRECTION ( 'NONE',  ( -1.000000000000000000, -0.000000000000000000, -1.310874163206655416E-16 ) ) ;
#5344 = VERTEX_POINT ( 'NONE', #4737 ) ;
#5345 = ADVANCED_FACE ( 'NONE', ( #5081 ), #3419, .F. ) ;
#5346 = DIRECTION ( 'NONE',  ( -0.000000000000000000, 1.000000000000000000, -0.000000000000000000 ) ) ;
#5347 = EDGE_LOOP ( 'NONE', ( #4050, #520, #5183, #4182 ) ) ;
#5348 = CARTESIAN_POINT ( 'NONE',  ( -17.03252458482146992, -2.472777061404305421, 17.67539313635468545 ) ) ;
#5349 = PRODUCT_DEFINITION_SHAPE ( 'NONE', 'NONE',  #4933 ) ;
#5350 = ORIENTED_EDGE ( 'NONE', *, *, #3107, .F. ) ;
#5351 = ORIENTED_EDGE ( 'NONE', *, *, #2214, .F. ) ;
#5352 = CARTESIAN_POINT ( 'NONE',  ( -16.17586025187432952, -2.674574700801715554, 15.47264070633042010 ) ) ;
#5353 = EDGE_CURVE ( 'NONE', #4983, #1488, #1260, .T. ) ;
#5354 = ORIENTED_EDGE ( 'NONE', *, *, #5398, .T. ) ;
#5355 = CARTESIAN_POINT ( 'NONE',  ( 16.00000000000000711, -0.6220286093256309767, 21.26442984884772258 ) ) ;
#5356 = CARTESIAN_POINT ( 'NONE',  ( -16.00000000000000355, -2.461276782429340670, -19.27586025187433094 ) ) ;
#5357 = CARTESIAN_POINT ( 'NONE',  ( 1.877765552635376824E-13, 0.000000000000000000, 0.000000000000000000 ) ) ;
#5358 = DIRECTION ( 'NONE',  ( -0.000000000000000000, 1.000000000000000000, -0.000000000000000000 ) ) ;
#5359 = CARTESIAN_POINT ( 'NONE',  ( -17.86442984884771690, -0.6220286093256309767, 19.10000000000000497 ) ) ;
#5360 = VERTEX_POINT ( 'NONE', #1271 ) ;
#5361 = CARTESIAN_POINT ( 'NONE',  ( -17.06852840518281411, -1.932663599452723924, -17.53751603781668322 ) ) ;
#5362 =( BOUNDED_SURFACE ( )  B_SPLINE_SURFACE ( 3, 2, ( 
 ( #927, #1745, #4259 ),
 ( #4780, #1309, #1767 ),
 ( #2616, #84, #848 ),
 ( #4728, #4368, #1662 ),
 ( #430, #3406, #3491 ),
 ( #2114, #3071, #2644 ),
 ( #952, #2565, #3806 ),
 ( #5502, #3377, #5093 ),
 ( #2990, #3833, #3 ),
 ( #1689, #5122, #1282 ) ),
 .UNSPECIFIED., .F., .F., .F. ) 
 B_SPLINE_SURFACE_WITH_KNOTS ( ( 4, 2, 2, 2, 4 ),
 ( 3, 3 ),
 ( 9.082321863752915673E-17, 0.1649967644548551160, 0.3299935289097101210, 0.4949902933645651260, 0.6599870578194201309 ),
 ( 0.000000000000000000, 1.000000000000000000 ),
 .UNSPECIFIED. ) 
 GEOMETRIC_REPRESENTATION_ITEM ( )  RATIONAL_B_SPLINE_SURFACE ( (
 ( 1.000000000000000000, 0.2838709904772642734, 1.000000000000000000),
 ( 1.000000000000000000, 0.2838492191248079832, 1.000000000000000000),
 ( 1.000000000000000000, 0.2872832617057874960, 1.000000000000000000),
 ( 1.000000000000000000, 0.3001821161216330913, 1.000000000000000000),
 ( 1.000000000000000000, 0.3096340490515284705, 1.000000000000000000),
 ( 1.000000000000000000, 0.3329004083483511067, 1.000000000000000000),
 ( 1.000000000000000000, 0.3466924852752644726, 1.000000000000000000),
 ( 1.000000000000000000, 0.3769759478147927667, 1.000000000000000000),
 ( 1.000000000000000000, 0.3934704490748572869, 1.000000000000000000),
 ( 1.000000000000000000, 0.4106827171457603787, 1.000000000000000000) ) ) 
 REPRESENTATION_ITEM ( '' )  SURFACE ( )  );
#5363 = TOROIDAL_SURFACE ( 'NONE', #4573, 0.8000000000000008216, 0.5000000000000000000 ) ;
#5364 = CARTESIAN_POINT ( 'NONE',  ( -16.91290387186570854, -2.261276782429340493, 17.76416292240968176 ) ) ;
#5365 = CIRCLE ( 'NONE', #1339, 0.5000000000000004441 ) ;
#5366 = CARTESIAN_POINT ( 'NONE',  ( -17.14386075605779070, -1.773593541059516498, 0.1484961754038459925 ) ) ;
#5367 = CARTESIAN_POINT ( 'NONE',  ( -16.27687583000911431, -2.483026951957372663, -15.68675335224910405 ) ) ;
#5368 = AXIS2_PLACEMENT_3D ( 'NONE', #5302, #193, #3595 ) ;
#5369 = CARTESIAN_POINT ( 'NONE',  ( -18.00256958295475584, -2.135827580960931726, -17.50321014649317775 ) ) ;
#5370 = AXIS2_PLACEMENT_3D ( 'NONE', #3574, #4841, #2376 ) ;
#5371 = CARTESIAN_POINT ( 'NONE',  ( -17.48062216692519399, -2.682871376733793500, -0.8161916798954786945 ) ) ;
#5372 = EDGE_LOOP ( 'NONE', ( #2918, #3324, #753, #5241 ) ) ;
#5373 = DIRECTION ( 'NONE',  ( -0.000000000000000000, -1.000000000000000000, -0.000000000000000000 ) ) ;
#5374 = ORIENTED_EDGE ( 'NONE', *, *, #142, .F. ) ;
#5375 = CARTESIAN_POINT ( 'NONE',  ( -16.99451589930852080, -2.497524331345331472, 17.71407076604896247 ) ) ;
#5376 = VERTEX_POINT ( 'NONE', #524 ) ;
#5377 = EDGE_CURVE ( 'NONE', #4644, #2236, #2945, .T. ) ;
#5378 = EDGE_LOOP ( 'NONE', ( #3750, #3533, #3513, #2434 ) ) ;
#5379 = DIRECTION ( 'NONE',  ( 0.000000000000000000, 0.000000000000000000, -1.000000000000000000 ) ) ;
#5380 = CARTESIAN_POINT ( 'NONE',  ( -16.28410836283542551, -2.335824805661458115, -1.272445684163223234 ) ) ;
#5381 = EDGE_LOOP ( 'NONE', ( #252, #3898, #3053, #349 ) ) ;
#5382 = CARTESIAN_POINT ( 'NONE',  ( -16.17586025187432242, -2.461276672937103172, -18.69024612093934223 ) ) ;
#5383 = CARTESIAN_POINT ( 'NONE',  ( -16.47586025187432668, -2.461276782429340670, -19.09999999999999787 ) ) ;
#5384 = PLANE ( 'NONE',  #5279 ) ;
#5385 = ORIENTED_EDGE ( 'NONE', *, *, #2706, .T. ) ;
#5386 = DIRECTION ( 'NONE',  ( 0.000000000000000000, 1.000000000000000000, 0.000000000000000000 ) ) ;
#5387 = ORIENTED_EDGE ( 'NONE', *, *, #2731, .T. ) ;
#5388 = CARTESIAN_POINT ( 'NONE',  ( -16.39725414339953957, -2.551923107062355367, 1.311019130709682567 ) ) ;
#5389 = AXIS2_PLACEMENT_3D ( 'NONE', #690, #4431, #3133 ) ;
#5390 = CARTESIAN_POINT ( 'NONE',  ( -17.14272612737117285, -2.707035054904086468, 17.84823493032966013 ) ) ;
#5391 = CARTESIAN_POINT ( 'NONE',  ( -16.86650022477503086, -2.359261655683003056, -17.82769394739518987 ) ) ;
#5392 = ADVANCED_FACE ( 'NONE', ( #1704 ), #417, .T. ) ;
#5393 = CARTESIAN_POINT ( 'NONE',  ( 18.42702460630236061, -1.481793111022802201, -19.09999999999999787 ) ) ;
#5394 = ORIENTED_EDGE ( 'NONE', *, *, #4113, .T. ) ;
#5395 = DIRECTION ( 'NONE',  ( 0.000000000000000000, 0.000000000000000000, 1.000000000000000000 ) ) ;
#5396 = ORIENTED_EDGE ( 'NONE', *, *, #3607, .T. ) ;
#5397 = PLANE ( 'NONE',  #4743 ) ;
#5398 = EDGE_CURVE ( 'NONE', #4038, #4668, #377, .T. ) ;
#5399 = PLANE ( 'NONE',  #195 ) ;
#5400 = ORIENTED_EDGE ( 'NONE', *, *, #3525, .T. ) ;
#5401 = CARTESIAN_POINT ( 'NONE',  ( -16.17586025187432242, -2.408774909682622756, -1.440917787625671798 ) ) ;
#5402 = ADVANCED_FACE ( 'NONE', ( #5517 ), #1675, .T. ) ;
#5403 = CIRCLE ( 'NONE', #4615, 0.5000000000000004441 ) ;
#5404 = ORIENTED_EDGE ( 'NONE', *, *, #2375, .T. ) ;
#5405 = DIRECTION ( 'NONE',  ( -0.000000000000000000, 1.000000000000000000, -0.000000000000000000 ) ) ;
#5406 = EDGE_CURVE ( 'NONE', #635, #2848, #1774, .T. ) ;
#5407 = CARTESIAN_POINT ( 'NONE',  ( -16.39643796601614412, -2.605314419040107410, 1.349839821383054028 ) ) ;
#5408 = CARTESIAN_POINT ( 'NONE',  ( -16.17586025187432597, -2.745442934920265365, 18.65074213166777994 ) ) ;
#5409 = CIRCLE ( 'NONE', #516, 2.475374249843082630 ) ;
#5410 = CARTESIAN_POINT ( 'NONE',  ( -16.47586025187433023, -2.441904586412975142, 1.629530244943827366 ) ) ;
#5411 = ADVANCED_FACE ( 'NONE', ( #1402 ), #5242, .F. ) ;
#5412 = LINE ( 'NONE', #2049, #56 ) ;
#5413 = ORIENTED_EDGE ( 'NONE', *, *, #429, .F. ) ;
#5414 = CARTESIAN_POINT ( 'NONE',  ( -16.17586025187432597, -2.441904586412975142, 1.629530244943827366 ) ) ;
#5415 = AXIS2_PLACEMENT_3D ( 'NONE', #1388, #1095, #235 ) ;
#5416 = DIRECTION ( 'NONE',  ( -0.000000000000000000, -1.000000000000000000, -0.000000000000000000 ) ) ;
#5417 = EDGE_CURVE ( 'NONE', #1751, #2896, #4232, .T. ) ;
#5418 = CARTESIAN_POINT ( 'NONE',  ( 4.499999999999991118, -2.557572012912793014, -19.29173487710794177 ) ) ;
#5419 = DIRECTION ( 'NONE',  ( 9.082321863752915673E-17, 0.000000000000000000, -1.000000000000000000 ) ) ;
#5420 = ORIENTED_EDGE ( 'NONE', *, *, #5058, .T. ) ;
#5421 = CIRCLE ( 'NONE', #4808, 0.7999999999999986011 ) ;
#5422 = CARTESIAN_POINT ( 'NONE',  ( -20.00000000000000355, 1.000000000000000000, -23.09999999999999787 ) ) ;
#5423 = VERTEX_POINT ( 'NONE', #609 ) ;
#5424 = B_SPLINE_CURVE_WITH_KNOTS ( 'NONE', 3,
 ( #1439, #227, #532, #1382 ),
 .UNSPECIFIED., .F., .F.,
 ( 4, 4 ),
 ( 0.000000000000000000, 0.0002227706477408684124 ),
 .UNSPECIFIED. ) ;
#5425 = DIRECTION ( 'NONE',  ( 0.000000000000000000, 0.000000000000000000, 1.000000000000000000 ) ) ;
#5426 = AXIS2_PLACEMENT_3D ( 'NONE', #3161, #4064, #3101 ) ;
#5427 = ORIENTED_EDGE ( 'NONE', *, *, #5478, .T. ) ;
#5428 = CARTESIAN_POINT ( 'NONE',  ( -17.15000000000000213, -1.760630054841077374, -16.99999999999988987 ) ) ;
#5429 = ORIENTED_EDGE ( 'NONE', *, *, #3954, .T. ) ;
#5430 = DIRECTION ( 'NONE',  ( 0.000000000000000000, -0.3209841016115012602, 0.9470845825546193586 ) ) ;
#5431 = AXIS2_PLACEMENT_3D ( 'NONE', #4559, #1994, #4690 ) ;
#5432 = FACE_OUTER_BOUND ( 'NONE', #1327, .T. ) ;
#5433 = FACE_OUTER_BOUND ( 'NONE', #4775, .T. ) ;
#5434 = ADVANCED_FACE ( 'NONE', ( #2744 ), #3073, .T. ) ;
#5435 = ADVANCED_FACE ( 'NONE', ( #155 ), #5218, .F. ) ;
#5436 = DIRECTION ( 'NONE',  ( 0.000000000000000000, 1.000000000000000000, 0.000000000000000000 ) ) ;
#5437 = FACE_OUTER_BOUND ( 'NONE', #4797, .T. ) ;
#5438 = ORIENTED_EDGE ( 'NONE', *, *, #2193, .F. ) ;
#5439 = DIRECTION ( 'NONE',  ( -9.082321863752915673E-17, -0.000000000000000000, 1.000000000000000000 ) ) ;
#5440 = B_SPLINE_CURVE_WITH_KNOTS ( 'NONE', 3,
 ( #4852, #5246, #585, #3907, #4799, #3511, #527, #4442 ),
 .UNSPECIFIED., .F., .F.,
 ( 4, 2, 2, 4 ),
 ( -5.334971857782420890E-06, 0.0001969771521402665661, 0.0003992892761383155472, 0.0008039135241344134552 ),
 .UNSPECIFIED. ) ;
#5441 = DIRECTION ( 'NONE',  ( 6.071532165918834928E-14, 0.000000000000000000, 1.000000000000000000 ) ) ;
#5442 = EDGE_CURVE ( 'NONE', #3026, #3594, #1215, .T. ) ;
#5443 = LINE ( 'NONE', #3748, #4001 ) ;
#5444 = VECTOR ( 'NONE', #5319, 1000.000000000000000 ) ;
#5445 = EDGE_CURVE ( 'NONE', #4877, #4522, #1903, .T. ) ;
#5446 = LINE ( 'NONE', #2407, #3361 ) ;
#5447 = EDGE_LOOP ( 'NONE', ( #3167, #1084, #3589, #2442, #5097 ) ) ;
#5448 = ORIENTED_EDGE ( 'NONE', *, *, #2454, .F. ) ;
#5449 = VECTOR ( 'NONE', #834, 1000.000000000000000 ) ;
#5450 = AXIS2_PLACEMENT_3D ( 'NONE', #5216, #1344, #2625 ) ;
#5451 = CIRCLE ( 'NONE', #1255, 0.3000000000000016542 ) ;
#5452 = CLOSED_SHELL ( 'NONE', ( #2325, #4358, #2633, #3374, #4363, #4104, #2808, #3708, #5345, #902, #1809, #262, #16, #747, #2328, #3521, #4067, #5069, #2041, #2015, #1302, #3428, #1446, #5119, #2626, #1854, #3565, #3012, #1111, #5411, #5402, #5178, #3082, #179, #4137, #2569, #2055, #4322, #1483, #1832, #3409, #3292, #5435, #3285, #5341, #758, #4769, #741, #4507, #2785, #3149, #4862, #2380, #2437, #2291, #2142, #3706, #1243, #2229, #910, #2285, #2599, #2075, #5514, #5207, #5392, #974, #2867, #4761, #426, #1210, #4121, #1203, #182, #5507, #3356, #411, #3630, #2087, #4555, #2737, #321, #5272, #302, #3932, #477, #4199, #1575, #2493, #3494, #156, #676, #923, #4694, #4790, #1304, #3779, #89, #5045, #120, #2471, #2216, #3457, #969, #3365, #4964, #2659, #3943, #3605, #3123, #1816, #1983, #1406, #2432, #4485, #2604, #2215, #3246, #2648, #4180, #5303, #1151, #3188, #4399, #2953, #1803, #568, #1897, #2321, #533, #3253, #4258, #2445, #4637, #5114, #3294, #83, #675, #330, #807, #1188, #3788, #4801, #505, #1878, #5434, #4034, #48, #4491, #1697, #1274, #4079, #4018, #2544, #567, #4806, #1706, #3554, #4792, #99, #5036, #1671, #1236, #269, #1148, #2406, #3732, #5265, #1841, #1733, #3951, #3600, #4596, #2181, #4783, #2027, #2700, #3974, #2813 ) ) ;
#5453 = DIRECTION ( 'NONE',  ( -0.000000000000000000, 1.000000000000000000, -0.000000000000000000 ) ) ;
#5454 = CARTESIAN_POINT ( 'NONE',  ( -18.06941726076510690, -2.032823297542471597, 17.41199321483449580 ) ) ;
#5455 =( NAMED_UNIT ( * ) SI_UNIT ( $, .STERADIAN. ) SOLID_ANGLE_UNIT ( ) );
#5456 = TOROIDAL_SURFACE ( 'NONE', #3233, 0.4758602518743285104, 0.3000000000000007661 ) ;
#5457 = EDGE_LOOP ( 'NONE', ( #3437, #2340, #5394, #2155 ) ) ;
#5458 = CIRCLE ( 'NONE', #5034, 0.3000000000000016542 ) ;
#5459 = DIRECTION ( 'NONE',  ( -1.759699861102128667E-17, 0.000000000000000000, -1.000000000000000000 ) ) ;
#5460 = EDGE_CURVE ( 'NONE', #726, #4274, #737, .T. ) ;
#5461 = APPLICATION_CONTEXT ( 'automotive_design' ) ;
#5462 = ORIENTED_EDGE ( 'NONE', *, *, #1548, .T. ) ;
#5463 = CARTESIAN_POINT ( 'NONE',  ( -16.39821889530365340, -2.589682679445397540, -1.342440306110496584 ) ) ;
#5464 = DIRECTION ( 'NONE',  ( -9.082321863752915673E-17, -0.000000000000000000, 1.000000000000000000 ) ) ;
#5465 = CARTESIAN_POINT ( 'NONE',  ( 5.026045407792349096, -2.606812107648028398, 19.31350532708715662 ) ) ;
#5466 = CARTESIAN_POINT ( 'NONE',  ( 0.000000000000000000, -0.9766393502342392008, -21.37298027571892334 ) ) ;
#5467 = CARTESIAN_POINT ( 'NONE',  ( 0.000000000000000000, 0.000000000000000000, 0.000000000000000000 ) ) ;
#5468 = EDGE_LOOP ( 'NONE', ( #1323, #2064, #2262 ) ) ;
#5469 = CARTESIAN_POINT ( 'NONE',  ( 15.80000000000035598, -2.761276782429340937, 18.34999999999988773 ) ) ;
#5470 = ORIENTED_EDGE ( 'NONE', *, *, #3661, .T. ) ;
#5471 = CARTESIAN_POINT ( 'NONE',  ( -16.39190915961725992, -2.321167180365755200, 1.214503564276588898 ) ) ;
#5472 = EDGE_CURVE ( 'NONE', #1902, #1751, #5188, .T. ) ;
#5473 = VECTOR ( 'NONE', #5169, 1000.000000000000000 ) ;
#5474 = CARTESIAN_POINT ( 'NONE',  ( -15.79999999999964722, 0.000000000000000000, 17.00000000000011369 ) ) ;
#5475 = B_SPLINE_CURVE_WITH_KNOTS ( 'NONE', 3,
 ( #2261, #4003, #1833, #665 ),
 .UNSPECIFIED., .F., .F.,
 ( 4, 4 ),
 ( -4.434540387503514213E-06, 0.0005689958006612538593 ),
 .UNSPECIFIED. ) ;
#5476 = FACE_OUTER_BOUND ( 'NONE', #1956, .T. ) ;
#5477 = DIRECTION ( 'NONE',  ( 1.000000000000000000, 0.000000000000000000, 0.000000000000000000 ) ) ;
#5478 = EDGE_CURVE ( 'NONE', #1490, #1521, #821, .T. ) ;
#5479 = FACE_OUTER_BOUND ( 'NONE', #4181, .T. ) ;
#5480 = ORIENTED_EDGE ( 'NONE', *, *, #4002, .F. ) ;
#5481 = CYLINDRICAL_SURFACE ( 'NONE', #3765, 1.350000000000000533 ) ;
#5482 = CARTESIAN_POINT ( 'NONE',  ( 16.00000000000000355, 0.000000000000000000, 19.10000000000000142 ) ) ;
#5483 = CARTESIAN_POINT ( 'NONE',  ( 5.000016906600554201, -2.746943188652759549, -18.82450002777675024 ) ) ;
#5484 = CARTESIAN_POINT ( 'NONE',  ( -16.47586025187433023, -2.461276782429340670, 19.10000000000000497 ) ) ;
#5485 = VERTEX_POINT ( 'NONE', #3256 ) ;
#5486 = ORIENTED_EDGE ( 'NONE', *, *, #2428, .T. ) ;
#5487 = DIRECTION ( 'NONE',  ( -0.000000000000000000, -1.000000000000000000, -0.000000000000000000 ) ) ;
#5488 = ORIENTED_EDGE ( 'NONE', *, *, #3642, .F. ) ;
#5489 = CARTESIAN_POINT ( 'NONE',  ( 20.00000000000000355, 0.000000000000000000, 19.10000000000000142 ) ) ;
#5490 = LINE ( 'NONE', #1651, #2615 ) ;
#5491 = CARTESIAN_POINT ( 'NONE',  ( 4.581139133733477031, -2.741523307031321188, 19.46460639532841341 ) ) ;
#5492 = CARTESIAN_POINT ( 'NONE',  ( -16.92158439726704344, -2.388095029568194416, -17.75152086657912065 ) ) ;
#5493 = CARTESIAN_POINT ( 'NONE',  ( -18.00256958295448229, -2.135827580961357164, 16.49678985350686489 ) ) ;
#5494 = ORIENTED_EDGE ( 'NONE', *, *, #528, .T. ) ;
#5495 = DIRECTION ( 'NONE',  ( -0.000000000000000000, 1.000000000000000000, -0.000000000000000000 ) ) ;
#5496 = ORIENTED_EDGE ( 'NONE', *, *, #2289, .T. ) ;
#5497 = DIRECTION ( 'NONE',  ( -9.082321863752915673E-17, -0.000000000000000000, 1.000000000000000000 ) ) ;
#5498 = CIRCLE ( 'NONE', #248, 1.350000000000000533 ) ;
#5499 = CARTESIAN_POINT ( 'NONE',  ( -17.24239954929812413, -2.631606310373599378, 0.6903689899581960665 ) ) ;
#5500 = CARTESIAN_POINT ( 'NONE',  ( -16.17586025187432597, -2.441904586412964928, 15.37046975505648838 ) ) ;
#5501 = DIRECTION ( 'NONE',  ( -1.000000000000000000, 0.000000000000000000, 0.000000000000000000 ) ) ;
#5502 = CARTESIAN_POINT ( 'NONE',  ( -16.95269420987084530, -2.177256420440834006, 17.70661793387005645 ) ) ;
#5503 = VERTEX_POINT ( 'NONE', #3705 ) ;
#5505 = ORIENTED_EDGE ( 'NONE', *, *, #5076, .T. ) ;
#5504 = VECTOR ( 'NONE', #3210, 1000.000000000000000 ) ;
#5506 = CARTESIAN_POINT ( 'NONE',  ( 1.879418825814225786E-13, 0.5999999999999937605, -1.350000000000000089 ) ) ;
#5507 = ADVANCED_FACE ( 'NONE', ( #327 ), #5399, .F. ) ;
#5508 = CARTESIAN_POINT ( 'NONE',  ( -16.00000000000000355, -0.6220286093256309767, -20.96442984884771832 ) ) ;
#5509 = ORIENTED_EDGE ( 'NONE', *, *, #2354, .T. ) ;
#5510 = CARTESIAN_POINT ( 'NONE',  ( 5.123809904640929780, -2.666781972225385378, -19.28638637965972791 ) ) ;
#5511 = ORIENTED_EDGE ( 'NONE', *, *, #2336, .T. ) ;
#5512 = ORIENTED_EDGE ( 'NONE', *, *, #5377, .F. ) ;
#5513 = CARTESIAN_POINT ( 'NONE',  ( 15.80000000000000071, 0.000000000000000000, -15.65000000000011582 ) ) ;
#5514 = ADVANCED_FACE ( 'NONE', ( #2883 ), #4969, .T. ) ;
#5515 = AXIS2_PLACEMENT_3D ( 'NONE', #3049, #4758, #931 ) ;
#5516 = VERTEX_POINT ( 'NONE', #2410 ) ;
#5517 = FACE_OUTER_BOUND ( 'NONE', #4952, .T. ) ;
#5518 = CARTESIAN_POINT ( 'NONE',  ( 15.80000000000035598, -7.000000000000000000, 16.99999999999988987 ) ) ;
#5519 = EDGE_CURVE ( 'NONE', #1044, #5025, #3305, .T. ) ;
#5520 = CARTESIAN_POINT ( 'NONE',  ( 4.651641040976746133, -2.758095038507532237, 19.52280878623454896 ) ) ;
#5521 = CARTESIAN_POINT ( 'NONE',  ( -17.10121926213797039, -1.863634338260304002, 0.3672074041979065395 ) ) ;
#5522 = DIRECTION ( 'NONE',  ( 0.000000000000000000, -1.000000000000000000, 0.000000000000000000 ) ) ;
#5523 = ORIENTED_EDGE ( 'NONE', *, *, #3717, .T. ) ;
#5524 = CARTESIAN_POINT ( 'NONE',  ( -17.41329830943926638, -2.761276782429340493, -18.01494724033711137 ) ) ;
#5525 = AXIS2_PLACEMENT_3D ( 'NONE', #2419, #2394, #729 ) ;
ENDSEC;
END-ISO-10303-21;
